Vino tinto D.O. Ribera del Duero Joven;Callejo;botella de 75 cl.;6,58
Vino tinto D.O. Ribera del Duero Joven;Gomellano;botella de 75 cl.;3,95
Vino tinto D.O. Ribera del Duero Joven;Mayor de Castilla;botella de 75 cl.;3,50
Vino tinto D.O. Ribera del Duero Joven;Valpincia;botella de 75 cl.;3,85
Vino tinto D.O. Ribera del Duero Joven;Vega Cubillas;botella de 75 cl.;3,90
Vino tinto D.O. Ribera del Duero Joven;Vega Vieja;botella de 75 cl.;3,10
Vino tinto D.O. Ribera del Duero "Roble" Joven;Vega Vieja;botella de 75 cl.;4,20
Vino tinto D.O. Ribera del Duero Crianza;Arzuaga;botella de 75 cl.;12,35
Vino tinto D.O. Ribera del Duero Crianza;Callejo;botella de 75 cl.;11,87
Vino tinto D.O. Ribera del Duero Crianza;Condado de Haza;botella de 75 cl.;11,82
Vino tinto D.O. Ribera del Duero Crianza;Gomellano;botella de 75 cl.;7,59
Vino tinto D.O. Ribera del Duero Crianza;Matarromera;botella de 75 cl.;15,91
Vino tinto D.O. Ribera del Duero Crianza;Mayor de Castilla;botella de 75 cl.;8,53
Vino tinto D.O. Ribera del Duero Crianza;Monte-Vannos;botella de 75 cl.;11,03
Vino tinto D.O. Ribera del Duero Crianza;Pesquera;botella de 75 cl.;16,50
Vino tinto D.O. Ribera del Duero Crianza;Protos;botella de 75 cl.;14,39
Vino tinto D.O. Ribera del Duero Crianza;Solar de Quintanos;botella de 75 cl.;8,02
Vino tinto D.O. Ribera del Duero Crianza;Torremilanos;botella de 75 cl.;9,89
Vino tinto D.O. Ribera del Duero Crianza;Torremorón;botella de 75 cl.;8,26
Vino tinto D.O. Ribera del Duero Crianza;Valpincia;botella de 75 cl.;7,54
Vino tinto D.O. Ribera del Duero Crianza;Valtravieso;botella de 75 cl.;13,19
Vino tinto D.O. Ribera del Duero Crianza;Vega Cubillas;botella de 75 cl.;8,99
Vino tinto D.O. Ribera del Duero Crianza;Vega Vieja;botella de 75 cl.;7,85
Vino tinto D.O. Ribera del Duero Crianza 1998;Vega Vieja;estuche 3 botellas 75 cl.;32,95
Vino tinto D.O. Ribera del Duero Crianza;Viña Mayor;botella de 75 cl.;9,25
Vino tinto D.O. Ribera del Duero Crianza;Viña Pedrosa;botella de 75 cl.;14,12
Vino tinto D.O. Ribera del Duero Reserva 1996;Conde de Siruela;botella de 75 cl.;17,99
Vino tinto D.O. Ribera del Duero Reserva 1998;Matarromera;botella de 75 cl.;23,95
Vino tinto D.O. Ribera de Duero Reserva 1997;Matarromera;estuche de 3 botellas 75 cl;65,36
Vino tinto D.O. Ribera del Duero Reserva 1998;Pesquera;botella de 75 cl.;30,02
Vino tinto D.O. Ribera del Duero Reserva 1996;Protos;botella de 75 cl.;25,21
Vino tinto D.O. Ribera del Duero Reserva 1996;Torremilanos;botella de 75 cl.;14,00
Vino tinto D.O. Ribera del Duero Gran Reserva 1994;Protos;botella de 75 cl.;35,43
Vino tinto D.O. Toro Joven;Colegiata;botella de 75 cl.;4,18
Vino tinto D.O. Toro Joven;Muruve;botella de 75 cl.;3,60
Vino tinto D.O. Toro Joven;Pago Valdoscardos;botella de 75 cl.;2,97
Vino tinto D.O. Toro Crianza;Muruve;botella de 75 cl.;6,32
Vino tinto D.O. Toro Crianza;Pago Valdoscardos;botella de 75 cl.;4,50
Vino tinto de Aguja Joven;Peñascal;botella de 75 cl.;3,25
"Vino tinto de Castilla y León "" Durius """;Marqués de Griñón;botella de 75 cl.;3,60
Vino tinto de Castilla y León Crianza;Yllera;botella de 75 cl.;6,50
Vino tinto D.O. Cataluña Joven;Bach Viña Extrísima;botella de 75 cl.;2,98
Vino tinto D.O. Catalunya Joven;Coronas;botella de 75 cl.;5,38
Vino tinto D.O. Catalunya Joven;Gran Sangre de Toro;botella de 75 cl.;7,25
Vino tinto D.O. Catalunya Joven;Sangre de Toro;botella de 75 cl.;3,85
Vino tinto D.O. Catalunya Joven;Sangre de Toro;estuche de 3 botellas de 75 cl.;30,02
Vino tinto Cabernet Sauvignon D.O. Costers del Segre Crianza;Raimat;botella 75 cl.;8,99
Vino tinto D.O. Costers del Segre Clamor Joven;Raimat;botella de 75 cl.;4,17
Vino tinto D.O. Costers del Segre;Raimat Abadia;botella de 75 cl.;5,98
Vino tinto D.O. Cataluña Joven;Conde de Caralt;botella de 75 cl.;2,55
Vino tinto Cabernet Sauvignon D.O. Penedés;Jaume Serra;botella de 75 cl.;3,55
Vino tinto Merlot D.O. Penedés;Jaume Serra;botella de 75 cl.;3,24
Vino tinto Tempranillo D.O. Penedés;Jaume Serra;botella de 75 cl.;3,55
Vino tinto D.O. Penedés Joven;René Barbier;botella de 75 cl.;3,10
Vino tinto D.O. Penedés Joven;Viña del Mar;botella de 75 cl.;1,80
Vino tinto D.O. Penedés Crianza;Jaume Serra;botella de 75 cl.;3,30
Vino tinto Cabernet Sauvignon D.O. Penedés Reserva 1998;Gran Coronas;botella 75 cl;10,79
Vino tinto D.O. Penedés Reserva 1997;René Barbier;botella de 75 cl.;5,65
Vino tinto D.O. Penedés Joven;Sant LLach;botella de 75 cl.;1,95
Vino tinto D.O. Priorato;Clos Martinet;botella de 75 cl.;34,83
Vino tinto D.O.C. Priorato 1999;Les Terrasses;botella de 75 cl.;17,95
Vino tinto D.O.C. Rioja Joven;Araluz;botella de 75 cl.;2,25
"Vino tinto D.O.C. Rioja ""Carta de Oro Etiqueta Negra""";Berberana;botella de 75 cl.;3,25
Vino tinto D.O.C. Rioja Joven;Campo Viejo;botella de 75 cl.;3,45
Vino tinto D.O.C. Rioja Joven;Castillo San Asensio;botella de 75 cl.;2,98
Vino tinto D.O.C. Rioja Joven;Cautivo;botella de 75 cl.;3,00
Vino tinto D.O.C. Rioja Joven;Cune;6 botellas de 18,7 cl.;9,56
Vino tinto D.O.C. Rioja Joven;Faustino VII;botella de 75 cl.;5,08
Vino tinto Tempranillo D.O.C. Rioja Joven;Lagunilla;botella de 75 cl.;4,86
Vino tintoTempranillo D.O.C. Rioja Joven;Marqués de Griñon;botella de 75 cl.;4,54
Vino tinto D.O.C. Rioja Joven;Mendizábal;botella de 75 cl.;2,48
Vino tinto D.O.C. Rioja Joven;Milflores;botella de 75 cl.;4,66
Vino tinto D.O.C. Rioja Joven;Siglo;botella de 75 cl.;3,35
Vino tinto D.O.C. Rioja Joven;Solar de Carrión;botella de 75 cl.;2,95
Vino tinto D.O.C. Rioja Joven;Viña Azai;botella de 75 cl.;2,55
Vino tinto D.O.C. Rioja Joven;Viña Espolón;botella de 75 cl.;5,83
Vino tinto D.O.C. Rioja Crianza 1998;Antigua Usanza;estuche 3 botellas de 75 cl.;24,95
Vino tinto D.O.C. Rioja Crianza;Araluz;botella de 75 cl.;3,75
Vino tinto D.O.C. Rioja Crianza;Azpilicueta;botella de 75 cl.;9,01
"Vino tinto D.O.C. Rioja Crianza "" Carta de Oro """;Berberana;botella de 75 cl.;5,26
Vino tinto D.O.C. Rioja Crianza;Campo Viejo;botella de 75 cl.;4,85
Vino tinto D.O.C. Rioja Crianza;Castillo de Vineldón;botella de 75 cl.;2,95
Vino tinto D.O.C. Rioja Crianza;Cautivo;botella de 75 cl.;5,74
Vino tinto D.O.C. Rioja Crianza;Cincel;botella de 75 cl.;6,58
Vino tinto D.O.C. Rioja Crianza;Cune;botella de 75 cl.;5,95
Vino tinto D.O.C. Rioja Crianza;El Coto;botella de 75 cl.;5,65
Vino tinto D.O.C. Rioja Crianza;Lan;botella de 75 cl.;6,94
Vino tinto D.O.C. Rioja Crianza;Lagunilla;botella de 75 cl.;6,16
Vino tinto D.O.C. Rioja Crianza;Marqués de Arienzo;botella de 75 cl.;7,18
Vino tinto D.O.C. Rioja Crianza;Marqués de Vitoria;botella de 75 cl.;8,15
Vino tinto D.O.C. Rioja Crianza;Montecillo;botella de 75 cl.;5,95
Vino tinto D.O.C. Rioja Crianza 1998;Montecillo;estuche 6 botellas de 75 cl.;29,95
Vino tinto D.O.C. Rioja Crianza;Muga;botella de 75 cl.;15,56
Vino tinto D.O.C. Rioja Crianza;Orla Dorada;botella de 75 cl.;4,36
Vino tinto D.O.C. Rioja Crianza;Marqués de Cáceres;botella de 75 cl.;6,30
Vino tinto D.O.C. Rioja Crianza;Paternina Banda Azul;botella de 75 cl.;4,99
Vino tinto D.O.C. Rioja Crianza;Puerta Vieja;botella de 75 cl.;6,58
Vino tinto D.O.C. Rioja Crianza;Rioja Bordón;botella de 75 cl.;7,25
Vino tinto D.O. Rioja Crianza;Romeral;botella de 75 cl.;4,20
Vino tinto D.O.C. Rioja Crianza;Siglo;botella de 75 cl.;4,96
Vino tinto Tempranillo D.O.C. Rioja Crianza;Viña Alcorta;botella de 75 cl.;6,95
Vino tinto D.O.C. Rioja Crianza;Viña Azai;botella de 75 cl.;4,65
Vino tinto D.O.C. Rioja Crianza;Viña Berceo;botella de 75 cl.;5,98
Vino tinto D.O.C. Rioja Crianza;Viña Berceo;botella magnum de 1,5 l.;11,99
Vino tinto D.O.C. Rioja Crianza;Viña Espolón;botella de 75 cl.;4,96
Vino tinto D.O.C. Rioja Crianza;Viña Espolón;estuche 3 botellas de 75 cl.;21,68
Vino tinto D.O.C. Rioja Crianza;Viña Real;botella de 75 cl.;6,29
Vino tinto D.O.C. Rioja Crianza;Viña Salceda;botella de 750 ml.;8,56
Vino tinto D.O.C. Rioja Reserva;Antigua Usanza;botella de 75 cl.;10,50
Vino tinto D.O.C. Rioja Reserva 1997;Araluz;botella de 75 cl.;6,35
Vino tinto D.O.C. Rioja Reserva 1995;Campillo;botella de 75 cl.;16,98
Vino tinto D.O.C. Rioja Reserva 1995;Campo Viejo;botella de 75 cl.;9,25
Vino tinto D.O.C. Rioja Gran Reserva Especial 1989;Castillo Ygay;botella de 75 cl.;29,95
Vino tinto D.O.C. Rioja Reserva 1995;Cincel;botella de 75 cl.;11,45
Vino tinto D.O.C. Rioja Reserva;Coto de Imaz;botella de 75 cl.;8,80
Vino tinto D.O.C Rioja Reserva 1997;Cune;botella de 75 cl.;10,31
Vino tinto D.O.C. Rioja Reserva 1995;Faustino V;botella de 75 cl.;12,05
Vino tinto D.O.C. Rioja Reserva 1996;Gonzalo de Berceo;botella de 75 cl.;10,95
Vino tinto D.O.C. Rioja Reserva 1996;Imperial;botella de 75 cl.;17,46
Vino tinto D.O.C. Rioja Reserva 1997;La Vicalanda de Viña Pomal;botella de 75 cl.;15,95
Vino tinto D.O.C. Rioja Reserva 1996;Lagunilla;botella de 75 cl.;11,27
Vino tinto D.O.C. Rioja Reserva 1996;Lan;botella de 75 cl.;11,51
Vino tinto D.O.C. Rioja Reserva 1997;Lan;estuche 3 botellas de 75 cl.;36,36
Vino tinto D.O.C. Rioja Reserva 1991;Luis Cañas;botella de 75 cl.;11,99
Vino tinto D.O.C. Rioja Reserva 1994;Marqués de Cáceres;estuche 3 botellas de 75 cl;40,82
Vino tinto D.O.C. Rioja Reserva 1997;Marqués de Griñon;botella de 75 cl.;11,78
Vino tinto D.O.C. Rioja Reserva 1996;Marqués de Murrieta;botella de 75 cl.;16,04
Vino tinto D.O.C. Rioja Reserva 1997;Marqués de Riscal;botella de 75 cl.;11,63
Vino tinto D.O.C. Rioja Reserva 1994;Marqués de Vargas;botella de 75 cl.;28,80
Vino tinto D.O. Rioja Reserva 1996;Muga;botella de 75 cl.;20,61
Vino tinto D.O.C. Rioja Reserva 1995;Rioja Bordón;botella de 75 cl.;11,93
Vino tinto D.O.C. Rioja Reserva 1997;Roda I;botella de 75 cl.;45,05
Vino tinto D.O.C. Rioja Reserva 1996;Viña Alarde;botella de 75 cl.;8,71
Vino tinto D.O.C. Rioja Reserva 1996;Viña Albina;botella de 75 cl.;10,61
Vino tinto D.O. Rioja Reserva 1995;Viña Alcorta;botella de 75 cl.;10,99
Vino tinto D.O.C. Rioja Reserva 1995;Viña Arana;estuche 3 botellas 75 cl.;54,29
Vino tinto D.O.C. Rioja Reserva 1987;Viña Ardanza;botella de 75 cl.;29,61
Vino tinto D.O.C. Rioja Reserva 1996;Viña Espolón;botella de 75 cl.;7,66
Vino tinto D.O.C. Rioja Reserva 1997;Gonzalo de Berceo;cofre de 3 botellas de 75 cl.;55,25
Vino tinto D.O.C. Rioja Reserva 1997;Viña Pomal;botella de 75 cl.;11,30
Vino tinto D.O.C. Rioja Reserva 1.997;Viña Pomal;botella magnum de 1,5 l.;27,17
Vino tinto D.O.C. Rioja Reserva 1998;Viña Salceda;botella de 75 cl.;12,68
Vino tinto D.O.C. Rioja Reserva 1993;Viña Tondonia;botella de 75 cl.;19,20
Vino tinto D.O.C. Rioja Gran Reserva 1994;Antigua Usanza Premium;botella de 75 cl.;16,50
Vino tinto D.O.C. Rioja Gran Reserva 1994;Campo Viejo;botella de 75 cl.;12,29
Vino tinto D.O.C. Rioja Gran Reserva;Coto de Imaz;botella de 75 cl.;17,82
Vino tinto D.O.C. Rioja Gran Reserva 1994;Faustino I;botella de 75 cl.;18,95
Vino tinto D.O.C. Rioja Gran Reserva 1982;Faustino I;botella de 75 cl.;35,95
Vino tinto D.O.C. Rioja Gran Reserva 1994;Gonzalo de Berceo;botella de 75 cl.;18,99
Vino tinto D.O.C. Rioja Gran Reserva 1991;Marqués del Puerto;botella de 75 cl.;13,88
Vino tinto D.O.C. Rioja Gran Reserva 1988;Marqués del Romeral;botella de 75 cl.;12,41
Vino tinto D.O.C. Rioja Gran Reserva 1993;Marqués de Villamagna;botella de 75 cl.;15,90
Vino tinto D.O.C. Rioja Gran Reserva 1994;Monte Real;botella de 75 cl.;19,90
Vino tinto D.O.C. Rioja Gran Reserva 1994;Montecillo;botella de 75 cl.;15,80
"Vino tinto D.O.C. Rioja Gran Reserva 1994 "" Prado Enea """;Muga;botella de 75 cl.;31,53
Vino tinto D.O.C. Rioja Gran Reserva 1991;Viña Pomal;botella de 75 cl.;20,73
Vino tinto D.O.C. Rioja Gran Reserva Oro 1994;Viña Real;botella de 75 cl.;16,65
"Vino tinto D.O.C. Rioja Gran Reserva 1995 "" Viña Vial """;Paternina;botella de 75 cl;9,85
Zumo de manzana exprimida;Carrefour Eco;botella de 750 ml.;1,78
Nectar de pera;Carrefour;botella de 1 l.;0,72
Néctar de pera;Granini;botella de 1 l.;1,39
Néctar de pera y piña;Hero Placer;botella de 1 l.;1,45
Zumo de manzana;Carrefour;brik de 1 l.;0,59
Zumo de manzana con vitamina C;Don Simón;brik de 1 l.;0,76
Néctar de manzana y kiwi con fibra;Hero Bienestar;brik de 1 l.;1,49
Zumo de manzana;Kasfruit;brik de 1 l.;0,76
Zumo de manzana;Carrefour;3 minibriks de 20 cl.;0,59
Zumo de manzana con vitamina C;Don Simón;3 minibriks de 20 cl.;0,76
Néctar de melocotón;Carrefour;botella de 1 l.;0,72
Néctar de melocotón;Granini;botella de 1 l.;1,39
Néctar de melocotón;Hero;botella de 1 l.;1,29
Néctar de melocotón sin azúcar;Hero Diet;botella de 1 l.;1,45
Néctar de melocotón sin azúcar;Carrefour;brik de 2 l.;0,59
Zumo de melocotón y uva;Don Simón;brik de 1 l.;0,76
Zumo de melocotón y uva con Calcio;Don Simón;brik de 1 l.;1,49
Zumo de melocotón y uva;Juver;brik de 2 l.;1,55
Zumo de melocotón y uva;Kasfruit;brik de 1 l.;0,76
Zumo de melocotón y uva;Carrefour;3 minibriks de 20 cl.;0,59
Zumo de melocotón y uva;Don Simón;3 minibriks de 20 cl.;0,76
Néctar de melocotón + 10 vitaminas sin azúcar añadido;Juver Kids;3 minibriks 20 cl;0,80
Zumo de melocotón y uva;Kasfruit;3 minibriks de 20 cl.;0,80
Zumo puro de naranja;Carrefour;botella de 1 l.;1,09
Zumo de naranja exprimida;Carrefour Eco;botella de 750 ml.;1,78
Néctar de naranja;Granini;botella de 1 l.;1,39
Néctar de Naranja-Piña-Coco;Granini;botella de 1 l.;1,35
Zumo de naranja;Hero;botella de 1 l.;1,29
Néctar de naranja sin azúcar;Hero Diet;botella de 1 l.;1,45
Néctar de naranja y mandarina;Hero Placer;botella de 1 l.;1,45
Néctar de naranja y plátano;Hero Placer;botella de 1 l.;1,45
Zumo de naranja;Carrefour;brik de 1 l.;0,59
Néctar de naranja sin azúcar;Carrefour;brik de 2 l.;0,76
Zumo de naranja con Calcio;Don Simón;brik de 1 l.;1,49
Zumo de naranja;Juver;brik de 2 l.;1,55
Zumo de naranja;Kasfruit;brik de 1 l.;0,76
Néctar de naranja;Granini;4 botellas de 20 cl.;2,25
Zumo de naranja;Carrefour;3 minibriks de 20 cl.;0,59
Zumo de naranja;Don Simón;3 minibriks de 20 cl.;0,76
Néctar de naranja y mango;On de Juver;brik de 33 cl.;0,65
Néctar de naranja + 10 vitaminas sin azúcar añadido;Juver Kids;3 minibriks 20 cl.;0,80
Zumo de naranja;Kasfruit;3 minibriks de 20 cl.;0,80
Néctar de piña;Carrefour;botella de 1 l.;0,72
Néctar de piña;Granini;botella de 1 l.;1,39
Néctar de Naranja-Piña-Coco;Granini;botella de 1 l.;1,35
Zumo de piña;Hero;botella de 1 l.;1,29
Néctar de piña sin azúcar;Hero Diet;botella de 1 l.;1,45
Néctar de pera y piña;Hero Placer;botella de 1 l.;1,45
Néctar de piña y coco;Hero Placer;botella de 1 l.;1,45
Zumo de piña y uva;Carrefour;brik de 1 l.;0,59
Zumo de piña y uva;Don Simón;brik de 1 l.;0,76
Zumo de piña y manzana con Calcio;Don Simón;brik de 1 l.;1,49
Zumo de piña y uva;Juver;brik de 2 l.;1,55
Zumo de piña y uva;Kasfruit;brik de 1 l.;0,76
Néctar de piña;Granini;4 botellas de 20 cl.;2,25
Zumo de piña y uva;Carrefour;3 minibriks de 20 cl.;0,59
Zumo de piña y uva con vitamina C;Don Simón;3 minibriks de 20 cl.;0,76
Néctar de piña y kiwi;OFF de Juver;brik de 33 cl.;0,65
Néctar de piña + 10 vitaminas sin azúcar añadido;Juver Kids;3 minibriks de 20 cl.;0,80
Zumo de piña y uva;Kasfruit;3 minibriks de 20 cl.;0,80
Néctar de melocotón sin azúcar;Hero Diet;botella de 1 l.;1,45
Néctar de naranja sin azúcar;Hero Diet;botella de 1 l.;1,45
Néctar de piña sin azúcar;Hero Diet;botella de 1 l.;1,45
Néctar de melocotón sin azúcar;Carrefour;brik de 2 l.;1,49
Néctar de melocoton sin azúcar añadido;Disfruta de Juver;brik de 2 l.;1,49
Néctar de naranja sin azúcar añadido;Disfruta de Juver;brik de 2 l.;1,49
Néctar de piña sin azúcar añadido;Disfruta de Juver;brik de 2 l.;1,49
Néctar de frutas tropicales sin azúcar añadido;Disfruta de Juver;brik de 2 l.;1,49
Zumo de tomate exprimido;Carrefour Eco;botella 750 ml.;1,78
Zumo de tomate;Granini;botella de 1 l.;1,38
Zumo de tomate;Hero;botella de 1l.;1,29
Zumo de tomate;Carrefour;brik de 1 l.;0,59
Zumo de tomate;Don Simón;brik de 1 l.;0,76
Zumo de tomate;Kasfruit;brik de 1 l.;0,76
Zumo de tomate;Carrefour;4 botellas de 20 cl.;1,19
Néctar  de tomate;Granini;4 botellas de 20 cl.;2,25
Zumo de tomate;Carrefour;3 minibriks de 20 cl.;0,59
Huevo hilado;Calidad Tradición Carrefour;bandeja de 2 a 5 unidades, 500;9,86
Solomillo de ternera;Calidad Tradición Carrefour;bandeja de 1 unidad, 975 g. aprox.;26,17
Filetes de solomillo de ternera;Calidad Tradición Carrefour;bandeja de 3 a 4 ud., 425 g. aprox.;11,41
Chuletón de ternera;Calidad Tradición Carrefour;bandeja de 1 unidad, 475 g. aprox.;8,75
Filete 1ª A de ternera;Calidad Tradición Carrefour;bandeja de 4 a 6 unidades, 400 g. aprox.;5,42
Filete 1ª B de ternera;Calidad Tradición Carrefour;bandeja de 3 a 4 unidades, 500 g. aprox.;4,95
Redondo de ternera, trozo;Calidad Tradición Carrefour;bandeja de 1 unidad, 1250 g. aprox.;16,95
Rotí de ternera;Calidad Tradición Carrefour;bandeja de 1 unidad, 900 g. aprox.;11,59
Fondue de ternera;Calidad Tradición Carrefour;bandeja de 450 g. aprox.;5,95
Estofado de ternera;Calidad Tradición Carrefour;bandeja de 500 g. aprox.;4,12
Morcillo de ternera;Calidad Tradición Carrefour;bandeja de 1 a 2 unidades, 400 g. aprox.;3,81
Ossobucco de ternera;Calidad Tradición Carrefour;bandeja de 1 a 2 unidades, 625 g. aprox.;5,19
Falda de ternera;Calidad Tradición Carrefour;bandeja de 2 a 3 unidades, 450 g. aprox.;3,05
Costillas de ternera;Calidad Tradición Carrefour;bandeja de 2 a 3 unidades, 400 g. aprox.;2,64
Chorizo Ibérico de Bellota de Guijuelo;De Nuestra Tierra;pieza de 400 g. aprox.;8,38
Chorizo Asturiano;De Nuestra Tierra;3 unidades 290 g.;4,95
Chorizo Ibérico de Huelva;Zainca;sobre de 21 lonchas al vacío, 100 g. aprox.;1,92
Chorizo Ibérico;Navidul;sobre de 20-24 lonchas,  100 g.;2,10
Chorizo Ibérico vela extra;Navidul;pieza de 280 g.;3,36
Chorizo Ibérico extra cular;Mafresa;pieza de 1000 g. aprox.;12,17
Chorizo Ibérico cular;Aromas del Encinar;pieza de 1000 g. aprox.;6,85
Chorizo Ibérico sarta;Aromas del Encinar;pieza de 250 g.;1,41
Surtido Ibérico;Navidul;sobre de 150 g.;4,50
Chorizo Ibérico de pueblo vela extra;Revilla;pieza de 265 g.;3,40
Chorizo Extra;Carrefour;sobre de 28 lonchas al vacío, 280 g. aprox.;2,40
Chorizo Tradición;Revilla;sobre de 42 lonchas al vacío, 270 g. aprox.;2,59
Chorizo Pamplona;Carrefour;sobre de 28 lonchas al vacío, 270 g. aprox.;2,02
Chorizo Pamplona;Cumbres de Navarra;sobre de 34 lonchas al vacío, 250 g. aprox.;1,65
Chorizo Salamanca;Direexa;sobre de 18 lonchas al vacío, 170 g. aprox.;2,35
Taquitos de chorizo;Revilla;2 paquetes de 75 g.;1,71
Chorizo tradicional extra sarta;Carrefour;pieza de 280 g.;2,12
Chorizo casero extra sarta;Palacios;pieza de 280 g.;2,89
Chorizo fresco para asar, freír o cocer;Palacios;paquete de 300 g.;2,19
Chorizo de pueblo dulce extra sarta;Revilla;pieza de 300 g.;2,76
Chorizo picante extra sarta;Carrefour;pieza de 280 g.;2,12
Chorizo picante extra sarta;Palacios;pieza de 280 g.;2,89
Chorizo Cantimpalo;El Acueducto;4 piezas 1000 g aprox;6,12
Chorizo Tradición extra;Revilla;pieza de 450 g.;3,58
Chistorra de Navarra;De Nuestra Tierra;pieza de 230 g.;1,62
Chistorra de Navarra;Floristán;pieza de 220 g.;1,49
Chorizo de pueblo para barbacoa, freir o guisar;Revilla;pieza de 265 g.;2,30
Chorizo Pamplona extra;Argal;pieza de 300 g.;2,85
Hígado entero de pato;De Nuestra Tierra;tarro de 130 g.;8,38
Hígado entero de pato;De Nuestra Tierra;2 latas de 70 g.;8,08
Hígado entero de pato;De Nuestra Tierra;paquete de 90 g.;5,49
Hígado entero de pato;De Nuestra Tierra;lata de 130 g.;7,48
Foie gras de oca con trozos;Labeyrie;paquete de 200 g.;14,78
Foie gras de pato con trozos;Labeyrie;paquete de 200 g.;9,73
Foie gras de oca Duo;Labeyrie;sobre de 80 g.;5,32
Foie gras de pato Duo;Labeyrie;sobre de 80 g.;5,02
Paté de pato;Carrefour;tarro de 125 g.;0,72
Paté de pato;Carrefour;tarro de 180 g.;1,17
Paté de foie;Casa Tarradellas;tarro de 125 g.;0,72
Paté de pato;Casa Tarradellas;tarro de 125 g.;0,77
Hígado graso de pato;Delicass;lata de 130 g.;7,30
Hígado graso de oca;Delicass;lata de 130 g.;8,77
Paté de pato;Delicass;tarro de 130 g.;1,40
Paté de hígado de oca;Delicass;tarro de 130 g.;1,52
Paté de hígado de oca trufado;Delicass;tarro de 130 g.;1,69
Paté hígado de pato;Delicass;tarro de 130 g.;1,32
Paté de pato;Jean Brunet;tarro de 180 g.;1,90
Paté de hígado de pato;La Piara;tarro de 100 g.;1,02
Surtido de Patés;La Cuina;bandeja de 320 g.;2,28
Paté de campaña, receta tradicional;Carrefour;sobre de 150 g.;1,14
Paté a las finas hierbas;Carrefour;sobre de 150 g.;1,14
Paté a la pimienta verde;Carrefour;sobre de 150 g.;1,14
Mousse de pato al Oporto;Carrefour;sobre de 150 g.;1,24
Patés Capricho;Casa Tarradellas;3 tarros de 125 g.;2,47
Paté de atún en aceite Untables;La Piara;tarrina de 145 g.;1,71
Paté a las finas hierbas Untables;La Piara;tarrina de 145 g.;1,71
Paté de jamón Untables;La Piara;tarrina de 145 g.;1,71
Paté de salmón Untables;La Piara;tarrina de 145 g.;1,71
Paté de sobrasada Untables;La Piara;tarrina de 145 g.;1,71
Paté al armagnac;Carrefour;tarro de 180 g.;1,17
Paté de anchoa;Casa Tarradellas;tarro de 125 g.;0,77
Paté de anchoa;La Piara;lata de 87 g. con tapa;0,99
Paté de atún;Carrefour;tarro de 125 g.;0,65
Paté de atún;Casa Tarradellas;tarro de 125 g.;0,76
Paté de atún en escabeche;La Piara;lata de 85 g.;0,99
Paté de atún en aceite;La Piara;lata de 85 g.;1,02
Paté de bacalao al ajillo - brandada;La Piara;tarro de 100 g.;1,29
Paté de bacon;La Piara;lata de 85 g.;0,96
Paté de campaña;Carrefour;tarro de 125 g.;0,65
Paté de campaña;Casa Tarradellas;tarro de 125 g.;0,71
Paté del campo;Carrefour;tarro de 180 g.;1,17
Paté a las finas hierbas;Carrefour;tarro de 125 g.;0,65
Paté a las hierbas provenzales;Carrefour;tarro de 180 g.;1,17
Paté a las finas hierbas;Casa Tarradellas;tarro de 125 g.;0,71
Paté sabor suave;Apis;lata de 200 g. con tapa.;0,74
Paté de gambas;La Piara;lata de 85 g.;1,23
Paté de jamón;Carrefour;tarro de 125 g.;0,65
Paté de jamón;La Piara;lata de 85 g. con tapa;0,99
Paté a la pimienta;Carrefour;tarro de 125 g.;0,65
Paté Roquefort;Carrefour;tarro de 125 g.;0,65
Paté al roquefort;Casa Tarradellas;tarro de 125 g.;0,71
Paté al roquefort;La Piara;tarro de 100 g.;1,02
Paté de pollo;La Piara;lata de 85 g.;0,99
Paté al queso manchego;La Piara;tarro de 100 g.;1,02
Paté de salmón;Carrefour;tarro de 125 g.;0,65
Paté de salmón;Casa Tarradellas;tarro de 125 g.;0,76
Paté de sobrasada;La Piara;lata de 85 g. con tapa;0,99
Paté tres variedades;Carrefour;3 tarros de 125 g.;1,99
Patés varios;Casa Tarradellas;5 tarros de 125 g. y ensaladera de regalo.;3,33
Surtido de patés;La Piara;3 tarros de 100 g.;2,57
Salchichas cocktail;Carrefour;frasco de 208 g.;1,35
"Salchichas cocidas ahumado  ""Snackis Cocktail""";El Acueducto;paquete de 135 g.;0,82
Salchichas cocidas aperitivo;La Piara;lata de 395 g. (p.neto),185 g. (p.esc);1,79
Salchichas cocidas ahumadas aperitivo;Meica;frasco de 380 g.;3,20
Salchichas Frankfurter en tripa natural;Carrefour;bote de 550 g (p.neto);1,59
Salchichas cocidas y ahumadas Frankfurt;Carrefour;paquete de 7 unidades, 160 g.;0,30
Salchichas cocidas y ahumadas Frankfurt;Campofrío;paquete de 7 unidades, 160 g.;0,39
Salchichas cocidas Frankfurt;El Pozo;paquete de 7 unidades, 160 g.;0,32
Salchichas cocidas tipo Frankfurt;La Piara;lata de 395 g. (p.neto), 250 g. (p.esc);1,79
Salchichas alemanas Frankfurt;Picken;paquete de 4 unidades, 400 g.;2,16
Salchichas cocidas y ahumadas estilo Viena;Carrefour;paquete de 4 unidades, 220 g.;0,55
Salchichas con queso;Carrefour;paquete de 5 unidades, 200 g.;0,55
Salchichas cocidas y ahumadas estilo Viena;Campofrío;paquete de 5 unidades, 200 g.;0,85
Salchichas cocidas y ahumadas Parmesan;Campofrío;paquete de 5 unidades, 200 g.;0,85
Salchichas cocidas ahumadas estilo Viena;El Acueducto;paquete de 5 unidades,500 g.;2,69
Salchichas cocidas estilo Viena Wieners;Oscar Mayer;5 unidades de 225 g.;1,05
Salchichas cocidas estilo Viena Wieners con queso;Oscar Mayer;paquete 5 ud.,225 g.;1,29
Salchichas cocidas Jumbo Classic;Oscar Mayer;paquete de 4 unidades, 350 g.;1,69
Salchichas cocidas Wieners bocadillo;Oscar Mayer;paquete de 5 unidades, 275 g.;1,48
Salchichas cocidas y ahumadas de pavo;Carrefour;paquete de 5 unidades, 220 g.;0,79
Salchichas cocidas y ahumadas de pollo;Carrefour;paquete de 5 unidades, 200 g;1,40
Salchichas con queso;Carrefour;paquete de 5 unidades, 200 g.;0,55
Salchichas cocidas y ahumadas Parmesan;Campofrío;paquete de 5 unidades, 200 g.;0,85
Salchichas cocidas y ahumadas Jamongus;Campofrío;paquete de 5 unidades, 200 g.;0,85
Salchichas cocidas estilo Viena Wieners con queso;Oscar Mayer;paquete 5 ud.,225 g.;1,29
Salchichas cocidas y ahumadas Jumbo;Oscar Mayer;paquete de 4 unidades, 350 g.;2,10
Salchichas  de pavo;Meica;frasco de 540 g.;3,60
Salchichas cocidas y ahumadas de pavo;Pavofrío de Campofrío;paquete 5 ud., 220 g.;1,03
Salchichas cocidas de pollo;Oscar Mayer;paquete de 5 unidades, 225 g.;1,98
Salchichas Mexicanas Jalapeño;El Pozo;paquete 3 unidades, 250 g.;1,98
Salchichas Mexicanas Taco;El Pozo;paquete de 3 unidades, 250 g.;1,98
Salchichón Ibérico de Bellota de Guijuelo;De Nuestra Tierra;pieza de 400 g. aprox.;9,40
Salchichón Ibérico de Huelva;Zainca;sobre de 21 lonchas al vacío, 100 g. aprox.;1,92
Salchichón Ibérico cular;Aromas del Encinar;pieza de 1000 g. aprox.;6,85
Salchichón Ibérico casero;Aromas del Encinar;pieza de 250 g.;1,41
Salchichón Ibérico;Navidul;sobre de 20-24 lonchas, 100 g.;2,10
Salchichón Ibérico vela;Navidul;pieza de 280 g.;3,43
Surtido Ibérico;Navidul;sobre de 150 g.;4,50
Salchichón cular;Carrefour;sobre de 42 lonchas al vacío, 280 g. aprox.;2,23
Salchichón Anchete;Sola;sobre de 14 lonchas al vacío, 250 g. aprox.;2,55
Salchichón Nobleza;El Pozo;sobre de 42 lonchas al vacío, 290 g. aprox.;2,61
Salchichón de Vic;De Nuestra Tierra;pieza de 375 g. aprox.;8,40
Salchichón extra;Carrefour;pieza de 250 g.;1,69
Salchichón Carrascoy;El Pozo;pieza de 1 kg.;4,38
Salchichón Nobleza mini;El Pozo;pieza de 300 g.;2,54
Queso curado mezcla;Carrefour;cuña de un cuarto, 750 g. aprox.;6,74
Queso curado mezcla;Carrefour;cuña de un octavo, 380 g. aprox.;3,42
Queso curado Puro de Oveja;Carrefour;cuña de un cuarto, 750 g. aprox.;10,46
Queso Manchego curado D.O.;Calidad Tradición Carrefour;cuña de un octavo, 375 g. aprox.;5,23
Queso curado;Campobello;plato de 12 porciones, 200 g.;3,07
Queso Manchego curado Denominación de Origen;Don Bernardo Oro Viejo;pieza de 1000 g. aprox.;12,19
Queso Manchego curado D.O;Don Bernardo Oro Viejo;plato de 12 porciones, 200 g.;3,47
Queso curado mezcla;García Baquero;cuña de un cuarto, 750 g. aprox.;7,64
Queso curado mezcla;García Baquero;cuña de un octavo, 375 g. aprox.;3,82
Queso manchego artesano;De Nuestra Tierra;cuña de 400 g. aprox.;5,74
Queso manchego artesano con aceite oliva virgen;De Nuestra Tierra;tarro de 510 g.;9,59
Queso curado Puro de Oveja;Flor de Esgueva;cuña de un cuarto, 750 g. aprox.;9,74
Queso curado Puro de Oveja;Flor de Esgueva;cuña de un octavo, 380 g. aprox.;4,94
Queso curado mezcla;Gran Capitán;cuña de un cuarto, 750 g. aprox.;7,64
Queso curado mezcla;Gran Capitán;cuña de un octavo, 380 g. aprox.;3,87
Queso curado Puro de Oveja;Boffard;cuña de un octavo, 380 g. aprox.;5,24
Queso curado Zamorano;De Nuestra Tierra;pieza de 3100 g. aprox.;37,17
Queso semicurado mezcla;Carrefour;cuña de un cuarto, 750 g. aprox.;5,96
Queso semicurado mezcla;Carrefour;cuña de un octavo, 380 g. aprox.;3,02
Queso Manchego semicurado;Calidad Tradición Carrefour;cuña de un cuarto, 750 g. aprox.;9,94
Queso Manchego semicurado;Calidad Tradición Carrefour;cuña de un octavo, 375 g. aprox.;4,97
Queso semicurado;Campobello;plato de 12 porciones, 250 g.;3,47
Queso semicurado mezcla;García Baquero;cuña de un cuarto, 750 g. aprox.;6,74
Queso semicurado;Gran Capitán;cuña de un octavo, 380 g. aprox.;3,42
Queso tierno mezcla;Carrefour;cuña de un cuarto, 750 g. aprox.;3,42
Queso tierno;El Ventero;cuña de un cuarto, 750 g. aprox.;6,31
Queso tierno;El Ventero;cuña de un octavo, 380 g. aprox.;3,20
Queso tierno;El Ventero;plato de 12 porciones, 250 g.;3,09
Helado de tiramisú Prestige;Carrefour;tarrina de 1 l.;2,99
Helado de yogur con frutas del bosque Prestige;Carrefour;tarrina de 1 l.;2,99
Helado de Tiramisú Carte D'Or;Frigo;4 tarrinas de 120 ml.;3,90
Helado Triple de Chocolate Carte D'Or;Frigo;tarrina de 900 ml.;4,17
Helado de Créme Caramel Carte D'Or;Frigo;tarrina de 900 ml.;4,17
Helado Dannubiene con yogur Carte D'Or;Frigo;tarrina de 900 ml.;4,17
Helado de Selection Nocciolato de Cate D´or;Frigo;tarrina de 900 ml.;4,17
Helado Stracciatella Carte D'Or;Frigo;tarrina de 900 ml.;4,17
Helado Stracciatella Carte D'Or;Frigo;4 tarrinas de 120 ml.;3,90
Helado de Tiramisú Carte D'Or;Frigo;tarrina de 900 ml.;4,05
Helado de Torrone Nougat Carte D´or;Frigo;tarrina de 900 ml.;4,17
"Helado Yogurt &amp; Fruit Frutas del Bosque Carte D'Or";Frigo;tarrina de 900 ml;3,90
"Helado Yoghurt &amp; Fruit Melocotón-Maracuyá  Carte D'Or";Frigo;tarrina 900 ml.;3,90
Helado Etiqueta Negra de chocolate;Miko;tarrina de 1 l.;3,75
Helado Etiqueta Negra de pasas al ron;Miko;tarrina de 1 l.;3,75
Helado Etiqueta Negra de sorbete de limón;Miko;tarrina de 1 l.;3,75
Helado Etiqueta Negra Gourmet de frutas del bosque;Miko;4 tarrinas de 135 ml.;3,55
Helado Etiqueta Negra Gourmet de turrón;Miko;4 tarrinas de 135 ml.;3,55
Cogedor de helados;Prestige;1 unidad.;5,53
Helado de Leche Merengada de Jijona;De Nuestra Tierra;tarrina de 400 ml.;2,95
Helado de Mantecado de Jijona;De Nuestra Tierra;tarrina de 400 ml.;3,20
Helado de Turrón de Jijona;De Nuestra Tierra;tarrina de 400 ml.;3,49
Minicups;Häagen-Dazs;2ud 100 ml Vainilla Nueces Macadamia + 2ud 100 ml Cookies.;4,79
Minicups;Häagen-Dazs;2 ud. 100ml de Dulce de Leche + 2 ud. 100ml Chocolate Belga.;4,79
Helado de Chocolate Belga;Häagen-Dazs;tarrina de 500 ml.;4,79
Helado de Chocolate Fudge Turrón;Häagen-Dazs;tarrina de 500 ml.;4,79
Helado Dulce de Leche;Häagen-Dazs;tarrina de 500 ml.;4,79
Helado Strawberry Cheesecake;Häagen-Dazs;tarrina de 500 ml.;4,79
Helado de Vainilla y Caramelo Brownie;Häagen-Dazs;tarrina de 500 ml.;4,79
Helado de Vainilla con galleta;Häagen Dazs;tarrina de 500 ml.;4,79
Helado de Vainilla con Nueces de Macadamia;Häagen-Dazs;tarrina de 500 ml.;4,79
Helado de Vainilla con salsa de Caramelo;Häagen-Dazs;tarrina de 500 ml.;4,79
Cogedor de helados;Prestige;1 unidad.;5,53
Pizza cuatro quesos de Italia al horno de leña;Carrefour;caja de 410 g.;3,45
Pizza Royal al horno de leña;Carrefour;caja de 480 g.;3,45
Pizza de queso de cabra al horno de leña;Carrefour;caja de 440 g.;3,62
Pizza caprichosa Forno di Pietra;Buitoni;caja de 410 g.;4,29
Pizza 3 formaggi Forno di Pietra;Buitoni;caja de 410 g.;4,64
Pizza pasta fina queso y jamón;Buitoni;caja de 340 g.;3,75
Pizza pasta fina 3 quesos;Buitoni;caja de 340 g.;2,65
Pizza Carbonara Forno di Pietra;Buitoni;caja de 410 g.;4,55
Pizza artesana atún y bacon;La Cocinera;caja de 375 g.;2,60
Pizza artesana 4 quesos;La Cocinera;caja de 300 g.;2,80
Pizza artesana mozzarella;La Cocinera;caja de 330 g.;2,60
Pizza Mariachi con carne;La Cocinera;caja de 450 g.;2,99
Pizza Americana ranchera con jamon y champiñón;La Cocinera;caja de 440 g.;2,99
Pizza Arizona de carne;La Cocinera;caja de 460 g.;2,99
Base de pizza;Carrefour;bolsa de 3 unidades de 375 g.;0,85
Base de pizza;Carrefour;bolsa de 3 unidades, 450 g.;1,00
Bases para pizza;La Cocinera;bolsa de 5 unidades, 350 g.;1,61
Bases para pizza Pizzanova;Pescanova;bolsa de 5 unidades, 625 g.;1,62
Pizza de atún;Carrefour;caja de 300 g.;1,47
Pizza 4 estaciones;Carrefour;caja de 300 g.;1,47
Pizza frutos de mar;Carrefour;caja de 300 g.;1,47
Pizza romana;Carrefour;caja de 300 g.;1,47
Pizza roquefort mozzarella;Carrefour;caja de 300 g.;1,44
Pizza de atún;La Cocinera;caja de 290 g.;1,95
Pizza Margarita;Carrefour;caja de 275 g.;0,96
Pizza margarita;La Cocinera;caja de 265 g.;1,60
Pizza marinera;La Cocinera;caja de 300 g.;1,95
Pizza Romana;La Cocinera;caja de 290 g.;1,95
Pizza familiar de jamón, queso y champiñones;Carrefour;caja de 600 g.;2,99
Baguettes jamón, bacon y queso;Carrefour;2 unidades, 250 g.;1,19
Baguettes con tomate y mozzarella;Carrefour;2 unidades, 250 g.;1,19
Pannini de Atún;Knorr;2 baguettes, 250 g.;2,09
Pannini de Queso y Champiñones;Frudesa;2 baguettes, 250 g.;2,09
Pannini Tres Quesos;Knorr;2 baguettes, 250 g.;2,09
Pizza clásica Romana;Maggi;caja de 310 g.;1,65
Arroz a banda Mediterránea;Maggi;caja de 435 g.;3,30
Arroz tres delicias con marisco;Carrefour;bolsa de 500 g.;1,17
Arroz Milanesa;Carrefour;bolsa de 500 g.;1,17
Arroz tres delicias;Carrefour;bolsa de 500 g;1,17
Arroz 3 delicias;Carrefour;bolsa de 1 Kg.;2,35
Arroz tres delicias clásico;Maggi;bolsa de 450 g.;1,86
Arroz negro;Carrefour;bolsa de 500 g.;1,80
Saltea y Disfruta de arroz negro;Frudesa;bolsa de 400 g.;2,54
Salto de arroz tres delicias tradicional;Frudesa;bolsa de 500 g.;2,54
Fideuá Mediterránea;Maggi;caja de 435 g. , 2 raciones + barqueta de salsa Alioli.;3,49
Saltea y Disfruta de paella Valenciana;Frudesa;bolsa de 400 g.;2,54
Risotto 3 quesos Mediterránea;Maggi;caja de 410 g.;3,30
Risotto de setas Mediterránea;Maggi;caja de 410 g.;3,30
Salteado Campestre;Bonduelle;bolsa de 450 g.;1,81
Salteado de guisantes con bacon;Bonduelle;bolsa de 450 g.;2,02
Salteado de judías con bacon;Bonduelle;bolsa de 450 g.;2,35
Salteado de pasta con verduras;Bonduelle;bolsa de 450 g.;2,02
Salteado Tradicional;Bonduelle;bolsa de 450 g.;1,81
Salteado de verduras con bacon;Bonduelle;bolsa de 450 g.;2,02
Salteado de verduras con carne;Bonduelle;bolsa de 450 g.;2,02
"Braseado Mediterráneo ""Brasador""";Findus;bolsa de 400 g.;2,30
"Braseado Toscano ""Brasador""";Findus;bolsa de 400 g.;2,50
"Parrillada campesina ""Brasador""";Findus;bolsa de 400 g.;2,55
"Parrillada Rústica ""Brasador""";Findus;bolsa de 400 g.;2,50
"Parrillada de la vega ""Brasador""";Findus;bolsa de 400 g.;2,55
"Pisto braseado ""Brasador""";Findus;bolsa de 400 g.;2,30
Sartén Andaluza con garbanzos, espinacas y gambas;Salto;bolsa de 400 g.;2,25
Saltea y Disfruta  verdura con pasta jardinera con almejas;Frudesa;bolsa 400 g.;1,95
Saltea y Disfruta verdura con pasta Mediterránea con pollo;Frudesa;bolsa 400 g.;1,95
Wok Bali;Findus;bolsa de 500 g.;2,69
Wok Couscous Oriental;Findus;bolsa de 600 g.;2,69
Ensalada de marisco;Frudesa;bolsa de 300 g.;2,25
Saltea y Disfruta de pollo al chilindrón;Frudesa;bolsa de 400 g.;2,99
Saltea y disfruta de pollo en pepitoria;Frudesa;bolsa de 400 g.;2,99
Saltea y Disfruta  verdura con pasta jardinera con almejas;Frudesa;bolsa 400 g.;1,95
Saltea y Disfruta verdura con pasta Mediterránea con pollo;Frudesa;bolsa 400 g.;1,95
Hígado entero de pato;De Nuestra Tierra;tarro de 130 g.;8,38
Hígado entero de pato;De Nuestra Tierra;2 latas de 70 g.;8,08
Hígado entero de pato;De Nuestra Tierra;paquete de 90 g.;5,49
Hígado entero de pato;De Nuestra Tierra;lata de 130 g.;7,48
Foie gras de oca con trozos;Labeyrie;paquete de 200 g.;14,78
Foie gras de pato con trozos;Labeyrie;paquete de 200 g.;9,73
Foie gras de oca Duo;Labeyrie;sobre de 80 g.;5,32
Foie gras de pato Duo;Labeyrie;sobre de 80 g.;5,02
Paté de pato;Carrefour;tarro de 125 g.;0,72
Paté de pato;Carrefour;tarro de 180 g.;1,17
Paté de foie;Casa Tarradellas;tarro de 125 g.;0,72
Paté de pato;Casa Tarradellas;tarro de 125 g.;0,77
Hígado graso de pato;Delicass;lata de 130 g.;7,30
Hígado graso de oca;Delicass;lata de 130 g.;8,77
Paté de pato;Delicass;tarro de 130 g.;1,40
Paté de hígado de oca;Delicass;tarro de 130 g.;1,52
Paté de hígado de oca trufado;Delicass;tarro de 130 g.;1,69
Paté hígado de pato;Delicass;tarro de 130 g.;1,32
Paté de pato;Jean Brunet;tarro de 180 g.;1,90
Paté de hígado de pato;La Piara;tarro de 100 g.;1,02
Surtido de Patés;La Cuina;bandeja de 320 g.;2,28
Paté de campaña, receta tradicional;Carrefour;sobre de 150 g.;1,14
Paté a las finas hierbas;Carrefour;sobre de 150 g.;1,14
Paté a la pimienta verde;Carrefour;sobre de 150 g.;1,14
Mousse de pato al Oporto;Carrefour;sobre de 150 g.;1,24
Patés Capricho;Casa Tarradellas;3 tarros de 125 g.;2,47
Paté de atún en aceite Untables;La Piara;tarrina de 145 g.;1,71
Paté a las finas hierbas Untables;La Piara;tarrina de 145 g.;1,71
Paté de jamón Untables;La Piara;tarrina de 145 g.;1,71
Paté de salmón Untables;La Piara;tarrina de 145 g.;1,71
Paté de sobrasada Untables;La Piara;tarrina de 145 g.;1,71
Paté al armagnac;Carrefour;tarro de 180 g.;1,17
Paté de anchoa;Casa Tarradellas;tarro de 125 g.;0,77
Paté de anchoa;La Piara;lata de 87 g. con tapa;0,99
Paté de atún;Carrefour;tarro de 125 g.;0,65
Paté de atún;Casa Tarradellas;tarro de 125 g.;0,76
Paté de atún en escabeche;La Piara;lata de 85 g.;0,99
Paté de atún en aceite;La Piara;lata de 85 g.;1,02
Paté de bacalao al ajillo - brandada;La Piara;tarro de 100 g.;1,29
Paté de bacon;La Piara;lata de 85 g.;0,96
Paté de campaña;Carrefour;tarro de 125 g.;0,65
Paté de campaña;Casa Tarradellas;tarro de 125 g.;0,71
Paté del campo;Carrefour;tarro de 180 g.;1,17
Paté a las finas hierbas;Carrefour;tarro de 125 g.;0,65
Paté a las hierbas provenzales;Carrefour;tarro de 180 g.;1,17
Paté a las finas hierbas;Casa Tarradellas;tarro de 125 g.;0,71
Paté sabor suave;Apis;lata de 200 g. con tapa.;0,74
Paté de gambas;La Piara;lata de 85 g.;1,23
Paté de jamón;Carrefour;tarro de 125 g.;0,65
Paté de jamón;La Piara;lata de 85 g. con tapa;0,99
Paté a la pimienta;Carrefour;tarro de 125 g.;0,65
Paté Roquefort;Carrefour;tarro de 125 g.;0,65
Paté al roquefort;Casa Tarradellas;tarro de 125 g.;0,71
Paté al roquefort;La Piara;tarro de 100 g.;1,02
Paté de pollo;La Piara;lata de 85 g.;0,99
Paté al queso manchego;La Piara;tarro de 100 g.;1,02
Paté de salmón;Carrefour;tarro de 125 g.;0,65
Paté de salmón;Casa Tarradellas;tarro de 125 g.;0,76
Paté de sobrasada;La Piara;lata de 85 g. con tapa;0,99
Paté tres variedades;Carrefour;3 tarros de 125 g.;1,99
Patés varios;Casa Tarradellas;5 tarros de 125 g. y ensaladera de regalo.;3,33
Surtido de patés;La Piara;3 tarros de 100 g.;2,57
Filetes de anchoa del Cantábrico en aceite de oliva;Carrefour;lata 50 g. (p.neto);1,01
Filetes de anchoa del Cantábrico en aceite de oliva;Carrefour;3 latas 50 g.(p.net);2,74
Filetes de anchoa del Cantábrico en aceite de oliva;Carrefour;lata 244 g. (p.neto);4,66
Filetes de anchoa del Cantábrico en aceite de oliva;Carrefour;tarro 95 g. (p.neto);2,40
Filetes de anchoa en aceite de oliva;Albo;lata de 50 g. (p.neto), 30 g. (p.esc);1,73
Filetes de anchoa en aceite de oliva;Consorcio;lata de 50 g.(p.neto),29 g.(p.esc);1,05
Filetes de anchoa en aceite de oliva;Consorcio;lata 335 g. (p.neto), 252 g.(p.esc);7,25
Filetes de anchoa del Cantábrico en aceite de oliva;Miau;3 latas de 50 g. (p.neto);4,79
Filetes de anchoa del Cantábrico en aceite de oliva;Miau;lata de 50 g. (p.neto);1,85
Filetes de anchoa en aceite vegetal;El Menú;lata de 50 g. (p.neto), 29 g. (p.esc);0,81
Filetes de anchoa en aceite vegetal;El Menú;lata 244 g. (p.neto), 185 g. (p.esc);4,99
Filetes de anchoa en aceite vegetal;El Menú;lata 550 g. (p.neto), 350 g. (p.esc.);8,55
Filetes de anchoa en aceite vegetal;El Menú;lata 1150 g. (p.neto), 750 g. (p.esc);15,99
Filetes de anchoa en aceite vegetal;Noly;lata de 45 g. (p.neto), 26 g. (p.esc);0,87
Filetes de anchoa en aceite vegetal;Noly;lata de 550 g. (p.neto), 375 g. (p.esc);9,46
Filetes de anchoa en aceite vegetal;Noly;lata 1150 g. (p.neto), 750 g. (p.esc);15,95
Filetes de anchoa en aceite vegetal;Noly;frasco de 100 g. (p.neto), 55 g. (p.esc);2,32
Filetes de anchoa del Cantábrico;De Nuestra Tierra;tarro de 100 g. (p.neto);3,22
Filetes de anchoa del Cantábrico;De Nuestra Tierra;tarro de 310 g. (p.neto);13,99
Filetes de anchoa del Cantábrico;De Nuestra Tierra;lata de 244 g. (p.neto);5,98
Atún claro en aceite de oliva;Carrefour;3 latas de 80 g. (p.neto), 52 g. (p.esc);1,35
Atún claro en aceite de oliva;Albo;lata de 112 g. (p.neto), 82 g. (p.esc);1,11
Atún claro en aceite oliva virgen extra;Albo;lata de 112 g. (p.neto), 82 g.(p.esc);1,22
Atún claro en aceite de oliva virgen extra;Albo;3 lata de 92 g.(p.neto), 67 g.(p.esc);2,35
Atún claro en salsa picantona;Albo;lata de 112 g. (p.neto), 82 g. (p. esc);1,05
Atún claro en aceite de oliva;Albo;3 latas de 65 g. (p.neto), 48 g. (p.esc);1,89
Atún claro en aceite de oliva;Albo;3 latas de 92 g. (peso neto), 67 g. (peso esc);2,28
Atún claro en aceite de oliva bajo en sal;Calvo;3 latas de 80g(p.neto) 52g (p.esc);1,62
Atún claro en aceite de oliva;Cuca;3 latas de 92 g. (p.neto), 67 g. (p.esc);2,61
Filetes de atún claro en aceite de oliva;Friscos;lata de 111 g. (p.neto);1,54
Filetes de atún en aceite de oliva;Garavilla;lata de 115 g.(p.neto), 81 g. (p.esc);1,58
Atún claro en aceite de oliva;Garavilla;3 latas de 92 g. (p.neto), 64 g. (p.esc);2,40
Atún claro en aceite de oliva;Isabel;2 latas de 160 g. (p.neto), 140 g. (p.esc);2,59
Atún claro en aceite de oliva;Miau;3 latas de 92 g. (p.neto), 67 g. (p.esc);2,41
Atún claro en aceite de oliva;Rianxeira;3 latas de 80 g. (p.neto), 52 g. (p.esc);1,59
Atún claro en aceite de oliva cocción especial;Rianxeira Plus;3 latas de 92 g. (p.neto);2,05
Atún claro selección en aceite vegetal;Isabel;3 latas 80 g. (p.neto).;1,64
Atún claro en aceite vegetal;Carrefour;lata de 111 g. (p.neto), 73 g. (p.escurr.).;0,68
Atún claro en aceite vegetal;Carrefour;lata de 220 g. (p.neto), 143 g. (p.escurr);1,13
Atún claro en aceite vegetal;Carrefour;lata de 1 Kg. (p.neto), 650 g. (p.escurr);4,49
Atún claro en aceite vegetal;Carrefour;3 latas de 80 g. (p.neto), 52 g. (p.esc);0,98
Atún claro en aceite vegetal;Calvo;3 latas de 80 g. (p.neto), 52 g. (p.esc);1,32
Atún claro en aceite vegetal;Calvo;4 latas de 160 g. (p.neto), 104 g. (p.esc.);3,27
Atún en aceite vegetal;Calvo;bolsa de 650 g.;4,96
Atún claro en aceite vegetal;Calvo;lata de 1 kg. (p.neto), 650 g. (p.esc);6,36
Atún claro en aceite vegetal;Isabel;2 latas de 160 g. (p.neto), 140 g. (p.esc);2,29
Atún claro en aceite vegetal;Miau;3 latas de 80 g. (p.neto), 52 g. (p. esc);1,20
Atún claro en aceite vegetal;Rianxeira;3 latas de 80 g. (p.neto), 52 g. (p.esc);1,34
Atún claro en aceite vegetal  bajo en sal;Rianxeira;3 latas de 80 g. (p.neto);1,59
Atún claro en aceite vegetal con fibra soluble;Rianxeira;3 latas de 80 g. (p.neto);1,73
Atún claro en escabeche;Carrefour;3 latas de 80 g. (p.neto), 52 g. (p.esc);1,20
Atún claro en escabeche;Calvo;3 latas de 80 g. (p.neto), 56 g. (p.esc);1,32
Atún claro en escabeche;Cuca;3 latas de 92 g. (p.neto), 67 g. (p.esc);2,28
Atún claro en escabeche;Isabel;3 latas de 80 g. (p. neto).;1,35
Atún claro en escabeche;Isabel;lata de 1800 g. (p.neto), 1170 g. (p.esc);9,80
Atún claro en escabeche;Ortiz;lata de 1.900 g. (p.neto), 1,800 (p.esc);15,92
Atún claro al natural;Carrefour;3 latas de 80 g. (p.neto), 56 g. (p.esc.);0,99
Atún claro al natural sin aceite bajo en sal;Calvo;3 latas de 80 g. (p.neto);1,62
Atún claro al natural sin aceite;Calvo;3 latas de 80 g. (p.neto), 56 g. (p.esc);1,32
Atún claro al natural sin aceite;Isabel;3 latas de 80 g. (p.neto), 56 g. (p.esc);1,35
Atún claro al natural cocción especial;Rianxeira Plus;3 latas de 92 g. (p.neto);1,92
Bonito del Norte en aceite de oliva;Carrefour;lata de 111 g.(p.neto), 72 g.(p.esc);1,25
Bonito del Norte en aceite de oliva;De Nuestra Tierra;lata de 120 g. (p.neto);1,71
Bonito del Norte en aceite de oliva;De Nuestra Tierra;lata de 270 g. (p.neto).;3,76
Bonito del Norte en aceite de oliva;De Nuestra Tierra;frasco de 400 g. (p.neto);5,98
Cogote de Bonito del Norte aceite de oliva;De Nuestra Tierra;lata 115 g. (p.neto);2,49
Bonito del Norte en aceite de oliva;De Nuestra Tierra;tarro de 167 g. (p.neto);2,76
Atún blanco (Bonito del Norte) en aceite de oliva;Albo;lata de 112 g. (p.neto);1,59
Atún claro (Bonito del Norte) en aceite de oliva virgen;Albo;lata de 112 g.(p.neto);1,65
Atún blanco (Bonito del Norte) en aceite de oliva;Albo;3 latas 65g.(p.neto), 48g.(p.esc.);4,05
Bonito del Norte en aceite de oliva;Garavilla;lata de 266 g. (p.neto);4,70
Bonito del Norte en aceite de oliva;Garavilla;frasco de 225 g. (p.neto);4,90
Bonito del Norte en aceite de oliva;Miau;lata de 112 g. (p.neto), 82 g. (p.esc);1,65
Bonito del Norte en aceite de oliva;Miau;3 latas de 92 g. (p.neto), 67 g. (p.esc);4,09
Bonito del Norte en aceite de oliva virgen extra;Miau;lata 112g(p.neto), 82g.p.esc.);1,80
Bonito del Norte en aceite de oliva El Velero;Ortiz;lata de 112 g. (p.neto);1,85
Bonito del Norte en aceite de oliva El Velero;Ortiz;lata de 250 g. (p.neto);3,78
Bonito del Norte en aceite de oliva;Ortiz;frasco de 220 g. (p.neto), 180 g.(p.esc);4,02
"Bonito al natural ""El asalmonado""";Albo;lata de 112 g. (p.neto);1,70
Bonito del Norte en escabeche;Carrefour;lata de 111 g. (p.neto), 72 g. (p.esc);1,25
Atún blanco (Bonito del Norte) en escabeche;Albo;lata 112 g.(p.neto), 82 g.(p.esc);1,70
Bonito del Norte frito en escabeche;Albo;lata de 280 g. (p.neto), 210 g. (p.esc.);4,30
Bonito del Norte en escabeche El Velero;Ortiz;lata de 112 g.(p.neto), 82 g.(p.esc);1,82
Bonito del Norte en escabeche El Velero;Ortiz;lata de 190 g. (p.neto);2,84
Sardinas en aceite de oliva 3/4;Carrefour;lata de 113 g. (p.neto), 80 g. (p.esc);0,51
Sardinas en aceite de oliva;Albo;lata de 120 g. (p.neto), 85 g. (p.esc);1,01
Sardinas en aceite de oliva;Cuca;lata de 120 g. (p.neto), 85 g. (p.esc);0,98
Sardinas en aceite de oliva 3/4;Isabel;lata de 115 g. (p.neto), 80 g. (p.esc);0,79
Sardinas en aceite de oliva 3/4 piezas;Miau;lata de 120 g. (p.neto), 85 g. (p.esc);0,80
Sardinas en aceite de oliva;Rianxeira;lata de 113 g. (p.neto), 80 g. (p.esc);0,71
Sardinillas en salsa picante con aceite de oliva 6/10;Carrefour;lata de 81 g (p.neto);0,63
Sardinas picantes en aceite de oliva 3/4;Carrefour;lata de 113 g. (p.neto);0,51
Sardinas picantonas;Albo;lata de 120 g. (p.neto), 85 g. (p.esc);1,04
Sardinas en aceite picantes;Cuca;lata de 120 g. (p. neto), 85 g. (p.esc);1,01
Sardinas en aceite vegetal;Calvo;lata de 115 g. (p.neto), 80 g.( peso escurrido);0,72
Sardinillas en aceite de oliva;Carrefour;lata de 81 g. (p.neto), 57 g. (p.esc);0,59
Sardinillas en aceite de oliva;El Menú;lata de 90 g. (p.neto), 65 g. (p.esc);0,69
Sardinillas en aceite de oliva;Garavilla;lata de 115 g. (p.neto), 80 g. (p.esc);1,40
Sardinillas en aceite de oliva;Rianxeira;lata de 81 g. (p.neto), 57 g. (p.esc);0,78
Sardinillas picantes;El Menú;lata de 90 g. (p.neto), 65 g. (p.esc);0,60
Sardinillas en aceite vegetal;El Menú;lata de 266 g. (p.neto), 204 g. (p.esc);1,69
Sardinillas en aceite vegetal;El Menú;lata de 550 g. (p.neto), 360 g. (p.esc.).;3,49
Sardinillas en aceite vegetal;El Menú;lata de 90 g. (p.neto), 65 g. (p.esc);0,60
Sardinillas en aceite vegetal 7/10;Miau;lata de 85 g. (p.neto), 60 g. (p.esc);0,70
Sardinas en escabeche con aceite de oliva 3/4;Carrefour;lata de 113 g. (p.neto);0,51
Sardinas en escabeche;Calvo;lata de 115 g. (p.neto), 81 g. (p.esc);0,72
Sardinas en escabeche;Cuca;lata de 120 g. (p.neto), 85 g. (p.esc);0,98
Sardinas en escabeche 3/4;Isabel;lata de 115 g. (p.neto), 80 g. (p.esc);0,79
Sardinas en escabeche de 3/4 piezas;Miau;lata de 120 g. (p.neto), 85 g. (p.esc);0,80
Sardinas en escabeche con aceite de oliva;Rianxeira;lata de 113 g. (p.neto);0,75
Sardinillas en escabeche;El Menú;lata de 90 g. (p.neto), 65 g. (p.esc);0,60
Sardinas al limón en aceite de oliva 3/4;Miau;lata de 120 g. (p.neto);0,85
Sardinillas al limón;El Menú;lata de 90 g. (p.neto), 65 g. (p.esc);0,60
Sardinilla en tomate con aceite de oliva;Carrefour;lata de 6/10 piezas, 81 g.;0,57
Sardinas en tomate con aceite de oliva 3/4;Carrefour;lata de 113 g. (p.neto);0,51
Sardinas en tomate;Albo;lata de 120 g. (p.neto), 85 g. (p.esc);1,01
Sardinas en tomate;Calvo;lata de 115 g. (p.neto), 75 g. (p.esc);0,72
Sardinas en tomate;Cuca;lata de 120 g. (p.neto), 80 g. (p.esc);0,98
Sardinas en salsa picantona con aceite de oliva;Garavilla;lata 115g(p.neto), 80g(p.esc.);1,29
Sardinas en tomate 3/4;Isabel;lata de 115 g. (p.neto), 80 g. (p.esc);0,79
Sardinas en tomate 3/4;Miau;lata de 120 g. (p.neto), 78 g. (p.esc);0,80
Sardinas en tomate con aceite de oliva;Rianxeira;lata 113 g.(p.neto), 80 g.(p.esc);0,70
Sardinillas en tomate;El Menú;lata de 90 g. (p.neto), 65 g. (p.esc);0,60
Espárragos blancos de Navarra 9/12;Carrefour;lata de 780 g. (p.neto);5,86
Espárragos blancos extra muy grueso 4/8;Carrefour;lata de 390g.(p.n.)250g.(p.escu);1,77
Espárragos blancos extra gruesos 5/8;Carrefour;lata de 780 g. (p.neto).;3,55
Espárragos blancos de Navarra muy grueso 6/8;Carrefour;lata de 390 g. (p.neto);2,67
Espárragos blancos gruesos extra 9/12;Carrefour;lata de 230 g. (p.neto).;1,29
Espárragos blancos grueso extra 13/16;Carrefour;lata de 390 g. (p.neto);1,90
Espárragos blancos extra medio 8/12;Carrefour;lata  230 g.(p.neto), 150 g.(p.esc);1,19
Espárragos blancos 17/24 frutos;Carrefour;lata de 780 g (p.neto);3,18
Espárrago blanco Navarra 10/14;Carrefour;frasco de 540 g. (p.neto), 325 g. (p.esc);3,70
Espárragos blancos Navarra 6/8;Carrefour;frasco de 345 g. (p.neto), 205 g.(p.esc);1,95
Espárragos blancos extra 18/12;Carrefour;frasco de 330 g. (p.neto), 205 g. (p.esc);1,49
Espárragos blancos extras;De Nuestra Tierra;lata de 780 g.(p.n);8,98
Espárragos blancos extras muy gruesos 9/12;De Nuestra Tierra;frasco de 540 g.(p.n);6,91
Espárrago blanco de Navarra extra gruesos 6/8;De Nuestra Tierra;frasco 540g(p.neto), 325g(p.esc);7,60
Espárragos blancos extras muy gruesos 7/9;De Nuestra Tierra;lata de 390 g.(p.neto);3,46
Espárragos blancos extra;Bajamar;frasco de 530 g. (p.neto);4,89
Espárragos enteros blancos extra de Navarra  6/10;Bajamar;lata de 185 g. (p.neto);1,65
Espárragos enteros blancos extra 8/12;Bajamar;lata de 350 g. (p.neto);2,69
Espárragos blancos extra 6/8;Carretilla;lata de 390 g. (p.neto);2,28
Espáragos blancos enteros 6/12 frutos;Bajamar;lata de 185 g(p.neto), 125 g(p.esc);1,38
Espárragos blancos gruesos 6/12;Bajamar;frasco de 345 g. (p.neto), 205 g.(p.esc).;1,65
Espárragos blancos extra 9/12;Carretilla;frasco de 345 g. (p.neto), 205 g. (p.esc);2,06
Espárragos blancos extra 9/14;Carretilla;lata de 230 g. (p.neto);1,83
Espárragos blancos extra 9/14;Carretilla;lata de 390 g. (p.neto);2,20
Espárragos blancos extra 17/24;Carretilla;lata de 780 g. (p.neto);4,63
Espárragos blancos extra 6/12;Cidacos;lata de 390 g. (p.neto);1,47
Espárragos blancos 8/12 primera grueso;Dani;frasco de 330 g. (p.neto);1,98
Espárragos blancos extra 6/12;Gigante Verde;lata de 390 g. (p.neto);2,19
Espárragos blancos extra 6/12;Gigante Verde;lata de 780 g. (p.neto);4,84
Espárragos blancos extra 8/14;Gigante Verde;lata de 230 g. (p.neto);1,40
Espárragos cortos blancos;Gigante Verde;2 frascos de 110 g. (p.neto)190 g. (p.esc);2,80
Esparragos blanco extra 8/14 piezas;Gigante Verde;2 latas de 230 g.;5,16
Espárragos blancos 8/14;Gigante Verde;frasco de 330 g. (p.neto);2,45
Espárragos blancos cortos 5/8;Planific;frasco de 185 g. (p.neto);1,20
Espárragos blancos, muy gruesos 6/12;Planific;frasco de 530 g. (p.neto);2,79
Espárragos blancos extra gruesos 5/8;Señorío de Sarria;frasco de 530 g. (p neto);6,19
Espárragos verdes extra 13/20;Gigante Verde;frasco 330 g. (p.neto), 190 g.(p.esc);1,88
Espárragos verdes extra 20/35;Gigante Verde;lata de 390 g.(p.neto), 230 g.(p.esc);1,70
Espárragos cortos verdes;Gigante Verde;2 frascos de 100 g. (p.neto), 190 (p.esc.);2,80
Espárragos verdes 12/17 frutos;Carretilla;lata de 230 g. (p.neto), 120 g. (p.esc);1,54
Yemas de espárragos blanco extra;Brottes;frasco de 195 g. (p.neto), 110 g. (p.esc);1,55
Yemas de espárragos blancos;Gigante Verde;lata de 185 g. (p.neto), 125 g. (p.esc);1,80
Tomate frito con aceite de girasol;Carrefour;brik de 390 g.;0,36
Tomate frito;Apis;brik de 400 g.;0,46
Tomate frito receta casera;Apis;3 bricks de 215 g.;1,01
Tomate frito;Orlando;brik de 400 g.;0,48
Tomate frito;Orlando;3 brik de 400 g.;0,42
Tomate frito casero;Carrefour;frasco de 425 g.;0,84
Tomate frito con aceite de oliva virgen;Carrefour;frasco de 425 g.;0,60
Salsa de tomate con verduras y hortalizas;Calvé;frasco de 350 g.;0,99
Tomate frito;Hero;frasco de 370 g.;0,95
Tomate frito;Orlando;frasco de 400 g.;0,51
Tomate frito estilo casero;Orlando;frasco de 370 g.;1,06
Tomate frito estilo Mediterráneo;Orlando;frasco de 370 g.;1,02
Tomate frito;Solis;frasco de 400 g.;0,51
Tomate frito;Carrefour;lata de 400 g.;0,36
Tomate frito;Carrefour;3 latas de 400 g.;1,05
Tomate frito;Carrefour;lata de 820 g.;0,69
Tomate frito;Hida;lata de 400 g.;1,02
Tomate frito;Orlando;lata de 410 g.;0,52
Tomate frito;Orlando;3 latas de 410 g.;1,52
Tomate frito;Orlando;lata de 820 g.;0,99
Sofrito de tomate;Arteoliva;brik de 260 g.;0,90
Tomate sofrito casero;Ferrer;frasco de 350 g.;1,23
Suavizante concentrado Clásico;Carrefour;botella de 1,5 l./ 54 lavados.;2,50
Suavizante concentrado Azul;Mimosín;botella de 1250 ml./ 54 lavados.;2,55
Suavizante concentrado Azul;Mimosín;botella de 1,5 l./ 54 lavados;3,25
Suavizante concentrado Cielo Azul;Vernel Ultra;botella de 1,5 l./ 54 lavados.;2,45
Suavizante concentrado Delicado;Carrefour;botella de 1,5 l./ 54 lavados.;1,73
Suavizante concentrado Melocotón;Carrefour;botella de 1,5 l./ 54 lavados.;2,50
Suavizante concentrado Jardín de Frescor;Flor;botella de 1,5 l./ 54 lavados.;2,50
Suavizante concentrado Oceánico Flores del Pacífico;Flor;botella 1,5 l/ 54 lavados;2,50
Suavizante concentrado Rosas de Mediterraneo;Flor;botella de 1,5 l./ 54 lavados.;2,50
Suavizante concentrado Caricias;Mimosín;botella de 1250 ml./ 54 lavados.;2,55
Suavizante concentrado Flor de la Pasión e Ylang Ylang;Mimosín;botella 1250 ml/ 54 lavados;2,55
Suavizante concentrado Té verde y Mandarina;Mimosín;botella de 1250 ml/ 54 lavados;2,55
Suavizante concentrado Mango y Cítricos;Mimosín;botella de 1,5 l/54 lavados;2,55
Suavizante concentrado Jazmín Plancha Fácil;Quanto;botella de 1,5 l./ 54 lavados.;2,10
Suavizante concentrado Manzana Plancha Fácil;Quanto;botella de 1,5 l. / 54 lavados;2,10
Suavizante concentrado Delicado;Vernel Ultra;botella de 1,5 l./ 54 lavados.;2,45
Suavizante concentrado Jazmín;Vernel Ultra;botella de 1,5 l./ 54 lavados.;2,45
Suavizante concentrado Melocotón del Sol;Vernel Ultra;botella de 1,5 l/ 54 lavados;2,45
Suavizante concentrado Pétalos de  Rosa;Vernel Ultra;botella de 1,5 l/ 54 lavados.;2,45
Suavizante concentrado Planchado Fácil;Mimosín;botella de 1 l./36 lavados;2,10
Suavizante concentrado Manzana Plancha Fácil;Quanto;botella de 1,5 l. / 54 lavados;2,10
Suavizante concentrado Plancha Fácil;Vernel;botella de 1 l./ 36 lavados.;2,45
Suavizante diluido Clásico;Carrefour;botella de 3 l./ 36 lavados.;1,61
Suavizante diluido Flores Silvestres del Pirineo;Flor;botella de 3 l./ 36 lavados.;2,50
Suavizante diluido Azul;Mimosín;botella de 3 l./ 36 lavados.;2,55
Suavizante diluido Cielo Azul;Vernel;botella de 3 l./ 36 lavados.;2,45
Suavizante diluido Delicado;Carrefour;botella de 3l./ 36 lavados.;1,61
Suavizante diluido Energy;Carrefour;botella de 3 l./ 36 lavados.;1,61
Suavizante diluido Rosas;Carrefour;botella de 3 l./36 lavados.;1,61
Suavizante diluido Melocotón;Carrefour;botella de 3 l./ 36 lavados.;1,61
Suavizante diluido Deo;Flor;botella de 1,5 l./ 22 lavados.;2,50
Suavizante diluido Frescor de Colonia;Flor;botella de 3 l./ 36 lavados.;2,50
Suavizante diluido Jardín de Frescor;Flor;botella de 3 l./ 36 lavados.;2,50
Suavizante diluido Oceánico Flores del Pacífico;Flor;botella de 3 l./ 36 lavados.;2,50
Suavizante diluido Rosas del Mediterraneo;Flor;botella de 3 l./ 36 lavados.;2,50
Suavizante diluido LLuvia Campestre;Flor AquaNatura;botella de 1,5 l./ 22 lavados.;2,50
Suavizante diluido Frescor Marino;Flor AquaNatura;botella de 1,5 l./ 22 lavados.;2,50
Suavizante diluido Caricias;Mimosín;botella de 3 l./ 36 lavados.;2,55
Suavizante diluido Flor de la Pasión e Ylang Ylang;Mimosín;botella 3 l./36 lavados;2,55
Suavizante diluido Mango y Cítricos;Mimosín;botella de 3 l./ 36 lavados.;2,55
Suavizante diluido Té Verde y Mandarina;Mimosín;botella de 3 l./ 36 lavados.;2,55
Suavizante diluido Delicado;Vernel;botella de 3 l./ 36 lavados.;2,45
Suavizante diluido Jazmín;Vernel;botella de 3 l./ 36 lavados.;2,45
Suavizante diluido Pétalos de Rosa;Vernel;botella de 3 l./ 36 lavados.;2,45
Suavizante diluido Melocotón del Sol;Vernel;botella de 3 l./ 36 lavados.;2,45
Suavizante diluido Planchado Fácil;Mimosín;botella de 2 l.;2,55
Suavizante diluido Azul Plancha Fácil;Quanto;botella de 3 l./ 36 lavados.;2,10
Suavizante diluido Jazmín Plancha Fácil;Quanto;botella de 3 l./ 36 lavados.;2,10
Suavizante diluido Plancha Fácil;Vernel;botella 2 l./ 24 lavados.;2,45
Bayeta suave;Carrefour;2 unidades de 38 x 40 cm.;0,75
Bayeta suave;Carrefour;rollo de 6 m.;4,72
Bayeta cristales;Carrefour;1 unidad  de 35 x 40 cm.;1,47
Bayeta microfibra blanca;Carrefour;1 unidad de 38 x 40 cm.;3,99
Bayeta microfibra verde;Carrefour;1 unidad de 38 x 40 cm.;3,99
Bayeta;Ballerina de Cif;1 unidad  de 40 x 37 cm.;0,75
Bayeta;Ballerina de Cif;3 unidades de 40 x 37 cm.;2,06
Bayeta;Cif Fresh;4 unidades de 50 x 35 cm.;2,19
Bayeta microfibras;Scotch Brite;1 unidad.;7,18
Bayeta multiusos;Spontex;2 unidades de 38 x 38 cm.;1,35
Bayeta rápida;Spontex;3 unidades de 37 x 40 cm.;1,35
Bayeta cristales;Spontex;1 unidad de 35 x 40 cm.;1,77
Bayeta ecológica con microfibras;Spontex;1 unidad de 32 x 31 cm.;6,30
Posavajillas decorado;Spontex;1 unidad de 40 x 50 cm.;1,95
Gamuza todo uso;Starlimp;2 unidades.;0,99
Bayeta suave;Vileda;3 unidades de 37 x 40 cm.;1,05
Gamuza cristales;Vileda;1 unidad  de 39 x 36 cm.;1,89
Cepillo baño;Scotch Brite;1 unidad.;3,16
Cepillo superlimpieza;Scotch Brite;1 unidad.;3,16
Cubo con escurridor amarillo;Cuver;1 unidad.;5,16
Cubo con escurridor;Cuini;1 unidad.;16,20
Cubo con escurridor 12 litros;Kety;1 unidad.;1,44
Cubo agua 12 litros;Kety;1 unidad.;1,14
Cubo con escurrefácil;Vileda;1 unidad.;10,37
Barreño 6 litros;Kety;1 unidad.;0,66
Barreño 9 litros;Kety;1 unidad.;0,87
Barreño 12 litros;Fabricantes de Menaje;1 unidad.;1,02
Cepillo extra suave especial suelos delicados;Carrefour;1 unidad.;2,95
Escoba exteriores especial terrazas y superficies rugosas;Carrefour;1 unidad.;2,38
Escoba especial moquetas y alfombras;Carrefour;1 unidad.;2,50
Escoba multiusos todo tipo de suelos;Carrefour;1 unidad.;2,38
Escoba pequeños espacios;Carrefour;1 unidad.;2,20
Telescoba;Plasticos Practicos;cepillo, mango, recogedor y peine de limpieza.;3,48
Escoba Eva;Vigar;1 unidad.;4,30
Supercepillo;Vileda;1 unidad.;12,89
Escoba;Leopardo;2 unidades + 1 mango.;2,37
Palo universal;Carrefour;1 unidad de 120 cm.;1,05
Palo universal;Carrefour;1 unidad de 140 cm.;1,20
Palo escoba Brown;Vigar;1 unidad de 1,30 cm.;1,14
Palo universal;Vigar;1 unidad.;2,13
Estropajo fibra verde;Carrefour;1 unidad.;0,59
Estropajo fibra verde con antibacterias;Carrefour;2 unidades.;0,99
Estropajo fibra verde;Scotch Brite;2 unidades.;1,32
Estropajo fibra verde tamaño gigante;Scotch Brite;2 unidades.;1,71
Estropajo fibra verde con esponja grande;Scotch Brite;1 unidad.;1,17
Estropajo fibra verde con esponja;Scotch Brite;2 unidades.;1,47
Estropajo fibra azul No Raya con esponja Grande;Scotch-Brite;1 unidad.;1,47
Estropajo salvauñas Frotaspon;Spontex;2 unidades.;1,56
Estropajo salvauñas;Carrefour;2 unidades.;0,81
Estropajo salvauñas;Carrefour;6 unidades.;1,77
Estropajo salvauñas fibra verde;Scotch Brite;2 unidades.;1,35
Salvauñas especial vitrocerámica y superficie antiadherente;Scotch Brite;1 unidad.;0,84
Estropajo salvauñas antibacterias;Vileda;2 unidades.;1,29
Lavafácil especial vitrocerámica y superficie antiadherente;Scotch Brite;1 unidad.;1,77
Repuesto lavafácil especial vitrocerámicas;Scotch Brite;1 unidad.;1,17
Estropajo jabonoso;Ajax;10 unidades.;1,50
Estropajo níquel;Nanas;2 unidades.;1,74
Estropajo metálico;Scotch Brite;1 unidad.;0,93
Estropajo de acero inoxidable Spirenett;Spontex;paquete de 2 unidades.;1,59
Fibra blanca baño;Scotch Brite;1 unidad.;1,26
Esponja de baño antibacterias;Scotch-Brite;1 unidad.;1,17
Rasqueta para vitrocerámica de hierro zincado;Menaje Colección;1 unidad.;2,76
Fregona estampada;Carrefour;#¿NOMBRE?;1,23
Fregona suave;Carrefour;#¿NOMBRE?;1,23
Fregona poder azul;Spontex;#¿NOMBRE?;1,44
Fregona;Vileda;#¿NOMBRE?;1,47
Fregona supercombi;Vileda;#¿NOMBRE?;3,54
Palo para fregona rojo;Vileda;1 unidad.;1,95
Fregona;Carrefour;#¿NOMBRE?;2,37
Fregona suave;Carrefour;#¿NOMBRE?;2,37
Fregona;Spontex;#¿NOMBRE?;2,98
Fregona;Vileda;#¿NOMBRE?;2,79
Fregona suave;Vileda;#¿NOMBRE?;2,79
Guantes látex flocados talla 6-6 1/2 pequeña;Carrefour;#¿NOMBRE?;0,72
Guantes látex flocados talla 7-7 1/2 mediana;Carrefour;#¿NOMBRE?;0,72
Guantes látex flocados talla 8-8 1/2 grande;Carrefour;#¿NOMBRE?;0,72
Guantes látex satinados talla 6-6 1/2 pequeña;Carrefour;#¿NOMBRE?;0,72
Guantes latéx satinados talla 7-7 1/2 mediana;Carrefour;#¿NOMBRE?;0,72
Guantes látex satinados talla 8-8 1/2 grande;Carrefour;#¿NOMBRE?;0,72
Guantes látex sensitive talla 6-6 1/2 pequeña;Spontex;#¿NOMBRE?;1,17
Guantes látex sensitive talla 7-7 1/2 mediana;Spontex;#¿NOMBRE?;1,17
Guantes látex sensitive talla 8-8 1/2 grande;Spontex;#¿NOMBRE?;1,17
Guante segunda piel talla 6-6 1/2 pequeña;Spontex;#¿NOMBRE?;2,31
Guante segunda piel talla 7-7 1/2 mediana;Spontex;#¿NOMBRE?;2,31
Guante segunda piel talla 8-8 1/2 grande;Spontex;#¿NOMBRE?;2,31
Limpia suelos atrapapolvo;Alex;spray de 750 ml.;4,20
Limpia suelos atrapapolvo;Fixpolvo;spray de 600 ml.;5,75
Mopa atrapa polvo;Carrefour;mopa y 10 gamuzas.;8,80
Gamuzas desechables recambio;Carrefour;caja de 10 unidades de 30 x 21 cm.;1,77
Gamuzas desechables recambio;Carrefour;caja de 20 unidades de 30 x 21 cm.;2,98
Sistema atrapa polvo;Carrefour;caja de 1 sistema y 8 gamuzas.;2,09
Sistema atrapa-polvo en seco;Pronto;caja de 1 unidad.;12,42
Gamuzas desechables recambio atrapa-polvo;Pronto;10 unidades de 20.5 x 29.5 cm.;2,75
Gamuzas desechables recambio atrapa-polvo perfumadas;Pronto;20 uds de 20.5 x 29.5 cm;4,50
Gamuzas desechables recambio atrapa-polvo;Pronto;40 unidades de 20.5 x 29.5 cm.;8,16
Mopa Mop-atrap;Scotch Brite;mopa y 15 gamuzas.;12,77
Mopa recambio Mop-atrap;Scotch Brite;20 unidades.;3,90
Mopa recambio atrapa polvo;Scotch Brite;40 unidades.;3,90
Gamuzas desechables Sprint polvo;Spontex;12 unidades de 28*38 cm.;2,37
Mopa Attr Active;Vileda;#¿NOMBRE?;11,59
Mopa recambio Attr Active;Vileda;12 unidades.;3,45
Mopafácil con mango telescópico;Vileda;1 unidad.;7,42
Recambio mopafácil;Vileda;1 unidad.;7,09
Plumero avestruz varilla larga;Vigar;1 unidad.;3,72
Plumero avestruz mini;Vigar;1 unidad.;5,62
Rasqueta limpiacristales profesional;Rozenbal;1 unidad.;8,38
Rasqueta limpiacristales;Rayen;1 unidad.;2,31
Rasqueta limpiacristales con funda para lavar;Rozenbal;1 unidad.;15,00
Limpiador antical;Magical de Calgón;botella de 500 ml.;2,10
Limpia inodoros Desincrustrante anticalcáreo;Harpic;botella de 750 ml.;1,39
Limpiador antical en gel-líquido;Viakal;botella de 500 ml.;2,09
Limpiador antical;Viakal;pistola de 500 ml.;2,34
Desatascador en gel con lejía;Mr. Forza;botella de 1 l.;3,55
Desatascador para desagües y tuberías;Forza Espumax;caja de 2 unidades.;4,55
Desatascador en gel con lejía;WC Net;botella de 1 l.;7,65
Limpia tuberías;WC Net;botella de 750 ml.;5,75
Desodorizante cisterna en pastilla Azul;Carrefour;2 unidades.;0,95
Desodorizante cisterna en pastilla acción Lejía;Pato Matic Activo;1 unidad.;1,54
Desodorizante cisterna en pastilla agua Azul;Pato Matic Activo;1 unidad.;1,54
Desodorizante cisterna en pastilla agua Verde;Pato Matic Activo;1 unidad.;1,54
Desodorizante WC gel Perfume Bosque;Ambi-Pur Flush;aparato + recambio de 50 ml.;1,90
Desodorizante WC gel Perfume Bouquet;Ambi-Pur Flush;aparato + recambio de 50 ml.;1,90
Desodorizante WC gel Perfume Cítrico;Ambi-Pur Flush;aparato + recambio de 50 ml;1,90
Desodorizante WC gel Perfume Bosque;Ambi-Pur Flush;recambio de 50 ml.;1,45
Desodorizante WC gel Perfume Bouquet;Ambi-Pur Flush;recambio de 50 ml.;1,45
Desodorizante WC gel Perfume Cítrico;Ambi-Pur Flush;recambio de 50 ml.;1,45
Desodorizante WC gel Azul;Ambi-Pur Flush;aparato+recambio 50ml.+ recambio GRATIS.;2,15
Desodorizante WC gel Verde;Ambi-Pur Flush;aparato+recambio 50ml+recambio Azul GRATIS;2,15
Desodorizante WC gel Verde Floral;Ambi-Pur Flush;recambio de 50 ml.;1,45
Desodorizante WC perfume Acqua;Bref Duo-Activo;aparato + recambio 60 ml.;1,79
Desodorizante WC perfume Natura;Bref Duo-Activo;aparato + recambio 60 ml.;1,79
Desodorizante WC perfume Acqua;Bref Duo-Activo;recambio 60 ml.;1,59
Desodorizante WC perfume Natura;Bref Duo-Activo;recambio 60 ml.;1,59
Desodorizante WC  Azul Higiénico;Pato Gel Activo;aparato + recambio de 55 ml.;1,95
Desodorizante WC  Lavanda Fresca;Pato Gel Activo;aparato + recambio de 55 ml.;1,95
Desodorizante WC Verde Fresco;Pato Gel Activo;aparato + recambio de 55 ml.;1,95
Desodorizante WC Azul Higiénico;Pato Gel Activo;recambio de 55 ml.;1,54
Desodorizante WC Lavanda Fresca;Pato Gel Activo;recambio de 55 ml.;1,54
Desodorizante WC Verde Fresco;Pato Gel Activo;recambio de 55 ml.;1,54
Desodorizante líquido Brisa Marina;WC Net;aparato + recambio de 55 ml.;1,92
Desodorizante bloc WC Marino;Carrefour;colgador + recambio de 40 g.;0,80
Desodorizante bloc WC Pino;Carrefour;colgador + recambio de 40 g.;0,86
Desodorizante bloc WC Marino;Carrefour;2 recambios de 40 g.;0,86
Desodorizante bloc WC Pino;Carrefour;2 recambios de 40 g.;0,80
Desodorizante WC en pastillas activas;Pato;caja de 8 unidades.;1,95
Desodorizante WC en pastilla Verde Fresco;Pato Bloc;aparato + recambio de 40 g.;1,54
Limpiador baño gel;Carrefour;botella de 1,5 l.;2,15
Limpia hogar con lejía;Cif Crema Activa;bote de 500 ml.;1,99
Limpiador;Don Limpio Baño;botella de 1,5 l.;2,35
Limpiador baño completo;Glassex;bote de 1 l.;2,15
Limpiador;Tenn Baño;botella de 1,5 l.;2,35
Limpiador baño acción lejía;Sanigel;botella de 1250 ml.;2,10
Limpiador con Lejía y Detergente;Carrefour;botella de 2 l.;1,52
Limpiador con Lejía y Detergente;Estrella;botella de 3 l.;2,65
Limpiador con Lejía y Detergente;Estrella Limón;botella de 1,5 l.;1,52
Limpiador con Lejía y Detergente;Estrella Pino Fresco;botella de 1,5 l.;1,52
Limpiador Gel con Lejía;Estrella;botella de 1,5 l.;1,95
Limpiador con Lejía y Detergente;Estrella Jet;spray de 500 ml.;1,55
Limpiador ducha acción;Carrefour;pistola de 500 ml.;2,09
Limpiador ducha Flores de Primavera;Ajax Shower Power;pistola de 500 ml.;2,09
Limpiador ducha;Tenn Ducha Fresh;pistola de 750 ml.;2,65
Blanquea juntas de azulejos;Baldosinín;bote con aplicador de 200 ml.;2,10
Blanquea juntas de azulejos perfumado;Baldosinín;botella de 375 ml.;2,45
Limpiador de juntas de suelos de Gres y Cerámica;Baldosinín;botella de 500 ml.;2,69
Limpia inodoros Gel WC Marino;Carrefour;botella de 750 ml.;0,99
Limpia inodoros Gel WC Pino;Carrefour;botella de 750 ml.;0,99
Limpia inodoros Gel WC Pino y Eucalipto con Lejía;Carrefour;botella de 750 ml.;1,11
Limpia inodoros;Bref WC Espuma Activa;spray de 500 ml.;2,70
Limpia inodoros;Bref WC Pastilla Activa;caja de 8 unidades.;2,20
Limpia inodoros Gel Desinfectante;Domestos;botella de 1250 ml.;2,31
Limpia inodoros Desincrustrante anticalcáreo;Harpic;botella de 750 ml.;1,39
Limpia inodoros Gel Desincrustante Frescor Pino;Harpic;botella de 750 ml.;1,39
Limpia inodoros;Pato WC Gel con Lejía;botella de 750 ml.;1,55
Limpia inodoros;Pato WC Activo Frescor;botella de 750 ml.;1,55
Limpia inodoros;Pato WC Activo Océano;botella de 750 ml.;1,55
Toallitas limpia inodoros Desinfectantes;Pato;paquete de 30 uds.;2,58
Limpia inodoros Gel con Lejía;WC Net;botella de 750 ml.;1,45
Amoníaco perfumado con detergente;Carrefour;botella de 1 l.;0,69
Fregasuelos limón;Carrefour;botella de 1 l.;1,68
Lavasuelos a la crema de Jabón Verde;Brillax;bote de 1 l.;1,68
Fregasuelos aroma eucalipto;Xanpa;botella de 1 l.;2,50
Limpia hogar;Carrefour Limón;botella de 1,5 l.;2,09
Limpia hogar Flores de Primavera;Ajax Fiesta de Flores;botella de 1,5 l.;2,15
Limpia hogar Flores del Campo;Ajax Fiesta de Flores;botella de 1,5 l.;2,15
Limpia hogar;Ajax Pino;botella de 1,5 l.;2,15
Limpia hogar;Cif Crema;botella de 750 ml.;2,05
Limpia hogar;Cif Crema Limón;botella de 750 ml.;2,05
Limpia hogar líquido con micro-ceras;Cif Revive Atlantic;botella 1l + 500 ml GRATIS;2,15
Limpia hogar líquido con micro-ceras;Cif Revive Botanic;botella 1l + 500 ml GRATIS;2,15
Limpia hogar;Don Limpio Azul;botella de 1,5 l.;2,35
Limpia hogar;Don Limpio Limón;botella de 1,5 l.;2,35
Limpia hogar;Tenn Antibacterias;botella de 1 l.;4,25
Limpia hogar al Jabón Natural;Tenn;botella de 1.5 l.;2,60
Limpia hogar;Tenn Lima Limón;botella de 1,5 l.;2,35
Limpia hogar;Tenn Primavera;botella de 1,5 l.;1,52
Limpiador con Lejía y Detergente;Estrella;botella de 3 l.;2,65
Limpiador con Lejía y Detergente;Estrella Limón;botella de 1,5 l.;1,52
Limpiador con Lejía y Detergente;Estrella Pino Fresco;botella de 1,5 l.;1,52
Limpiador Gel con Lejía;Estrella;botella de 1,5 l.;1,95
Desatascador en gel con lejía;Mr. Forza;botella de 1 l.;3,55
Desatascador para desagües y tuberías;Forza Espumax;caja de 2 unidades.;4,55
Desatascador en gel con lejía;WC Net;botella de 1 l.;7,65
Limpia tuberías;WC Net;botella de 750 ml.;5,75
Quitagrasa efecto anti-bacterias;Búfalo;pistola de 750 ml.;2,18
Quitagrasa efecto anti-bacterias;Búfalo;recambio de 750 ml.;1,79
Desengrasante perfume limón;Glassex;pistola de 750 ml.;2,35
Desengrasante;KH-7;pistola de 750 ml.;1,85
Limpia hornos;Mr.Forza;spray de 300 ml.;2,66
Toallitas desengrasantes;Bril;paquete de 32 unidades.;2,09
Limpiador cocina Gel;Carrefour;botella de 1,5 l.;1,99
Limpia hogar;Don Limpio Gel con Lejía;botella de 1,5 l.;2,35
Limpia hogar;Tenn Profesional;botella de 1 l.;1,52
Limpiador con Lejía y Detergente;Estrella;botella de 3 l.;2,65
Limpiador con Lejía y Detergente;Estrella Limón;botella de 1,5 l.;1,52
Limpiador con Lejía y Detergente;Estrella Pino Fresco;botella de 1,5 l.;1,52
Limpiador Gel con Lejía;Estrella;botella de 1,5 l.;1,95
Limpiador con Lejía y Detergente;Estrella Jet;spray de 500 ml.;1,55
Limpia hornos;Mr.Forza;spray de 300 ml.;2,66
Limpia hornos;Sidol;spray de 500 ml.;2,85
Limpia vitrocerámicas;Carrefour;bote de 200 ml.;1,65
Limpia vitrocerámicas;Froggy;bote de 500 ml.;1,88
Limpia vitrocerámica Acero Inoxidable;Sidol;bote de 200 ml.;3,15
Limpia vitrocerámicas en gel;Vitroclen Protección Plus;bote de 200 ml.;3,59
Rasqueta para vitrocerámica de hierro zincado;Menaje Colección;1 unidad.;2,76
Toallitas para vitrocerámicas;Bril;paquete de 32 unidades.;2,09
Lejía hogar;Carrefour;botella de 2 l.;0,50
Lejía perfumada;Carrefour;botella de 2 l.;1,08
Lejía amarilla;Conejo;botella de 4 l.;1,85
Lejía perfumada Frescor Floral;Conejo;botella de 2 l.;1,08
Limpiador con Lejía y Detergente;Carrefour;botella de 2 l.;1,52
Limpiador con Lejía y Detergente;Estrella;botella de 3 l.;2,65
Limpiador con Lejía y Detergente;Estrella Limón;botella de 1,5 l.;1,52
Limpiador con Lejía y Detergente;Estrella Pino Fresco;botella de 1,5 l.;1,52
Limpiador Gel con Lejía;Estrella;botella de 1,5 l.;1,95
Limpiador con Lejía y Detergente;Estrella Jet;spray de 500 ml.;1,55
Lejía lavadora Blancura Total;Carrefour;botella de 2 l.;0,60
Lejía lavadora Blancura Total;Carrefour;garrafa de 5 l.;1,20
Lejía;Ace;garrafa de 4 l.;1,99
Lejía amarilla;Conejo;botella de 2 l.;1,08
Lejía amarilla;Conejo;botella de 4 l.;1,85
Lejía perfumada Frescor Floral;Conejo;botella de 2 l.;1,08
Lejía perfumada Brisa Marina;Neutrex;botella de 2 l.;1,25
Lejía blanca;Neutrex;botella de 2 l.;1,25
Lejía blanca;Neutrex;garrafa de 4 l.;1,92
Lejía perfumada Fresco Perfume;Neutrex;botella de 2 l.;1,25
Lejía densoelástica;Neutrex Futura;botella de 2 l.;1,50
Lejía densoactiva al Jabón Natural;Neutrex Futura;botella de 2 l.;1,19
Lejía densoelástica perfumada;Neutrex Futura Menta;botella de 2 l.;1,50
Activador del lavado Color;Carrefour;botella de 2 l.;1,40
Lejía con acción disuelvemanchas;Neutrex Color;botella de 1 l.;1,95
Lejía con acción disuelvemanchas;Neutrex Color;botella de 2 l.;3,25
Lejía Gel;Neutrex Multicolada;botella de 1 l.;1,95
Lejía Gel;Neutrex Multicolada;botella de 2 l.;3,70
Limpia muebles;Carrefour;spray de 400 ml.;1,68
Limpia muebles;O'Cedar;spray de 400 ml.;2,45
Limpia muebles;Pronto Cuidado Extra;spray de 250 ml.;2,94
Toallitas muebles;Alex;paquete de 24 unidades.;2,10
Toallitas limpia muebles;Pronto;paquete de 24 uds de 198 mm.* 203 mm.;2,59
Multiusos Anti-polvo;O'Cedar;spray de 400 ml.;2,45
Reparador de madera claro;O'Cedar;bote de 100 ml.;3,45
Reparador de madera normal;O'Cedar;bote de 100 ml.;3,45
Reparador de madera oscuro;O'Cedar;bote de 100 ml.;3,45
Cera barniz especial madera;Carrefour;bote de 750 ml.;1,77
Cera Amarilla para madera clara;Alex;lata de 250 ml.;3,49
Cera Barniz para parquet y tarima;Alex;bote de 750 ml.;3,10
Cera Incolora Autobrillante para terrazo y baldosas;Alex;bote de 750 ml.;3,10
Cera Incolora para todo tipo de madera;Alex;lata de 250 ml.;3,49
Cera Incolora Profesional para terrazo y baldosas;Alex;bote de 750 ml.;3,10
Cera Nogal para madera oscura;Alex;lata de 250 ml.;3,49
Cera Barniz para parquet;Hechicera;bote de 750 ml.;3,39
Quitaceras para todo tipo de suelos;Hechicera;bote de 750 ml.;2,88
Cera Barniz para parquet;Politus Parket;bote de 750 ml.;4,60
Abrillantador-protector para parquet;Fix Polvo;lata de 750 ml.;6,80
Limpiador jabonoso para madera;Carrefour;botella de 1 l.;1,35
Limpia hogar;Don Limpio P.H. Neutro;botella de 1,5 l.;2,35
Limpiador jabonoso para madera;Pronto;botella de 750 ml.;2,45
Bayeta suave;Carrefour;2 unidades de 38 x 40 cm.;0,75
Bayeta suave;Carrefour;rollo de 6 m.;4,72
Bayeta cristales;Carrefour;1 unidad  de 35 x 40 cm.;1,47
Bayeta microfibra blanca;Carrefour;1 unidad de 38 x 40 cm.;3,99
Bayeta microfibra verde;Carrefour;1 unidad de 38 x 40 cm.;3,99
Bayeta;Ballerina de Cif;1 unidad  de 40 x 37 cm.;0,75
Bayeta;Ballerina de Cif;3 unidades de 40 x 37 cm.;2,06
Bayeta;Cif Fresh;4 unidades de 50 x 35 cm.;2,19
Bayeta microfibras;Scotch Brite;1 unidad.;7,18
Bayeta multiusos;Spontex;2 unidades de 38 x 38 cm.;1,35
Bayeta rápida;Spontex;3 unidades de 37 x 40 cm.;1,35
Bayeta cristales;Spontex;1 unidad de 35 x 40 cm.;1,77
Bayeta ecológica con microfibras;Spontex;1 unidad de 32 x 31 cm.;6,30
Posavajillas decorado;Spontex;1 unidad de 40 x 50 cm.;1,95
Gamuza todo uso;Starlimp;2 unidades.;0,99
Bayeta suave;Vileda;3 unidades de 37 x 40 cm.;1,05
Gamuza cristales;Vileda;1 unidad  de 39 x 36 cm.;1,89
Cepillo baño;Scotch Brite;1 unidad.;3,16
Cepillo superlimpieza;Scotch Brite;1 unidad.;3,16
Cubo con escurridor amarillo;Cuver;1 unidad.;5,16
Cubo con escurridor;Cuini;1 unidad.;16,20
Cubo con escurridor 12 litros;Kety;1 unidad.;1,44
Cubo agua 12 litros;Kety;1 unidad.;1,14
Cubo con escurrefácil;Vileda;1 unidad.;10,37
Barreño 6 litros;Kety;1 unidad.;0,66
Barreño 9 litros;Kety;1 unidad.;0,87
Barreño 12 litros;Fabricantes de Menaje;1 unidad.;1,02
Cepillo extra suave especial suelos delicados;Carrefour;1 unidad.;2,95
Escoba exteriores especial terrazas y superficies rugosas;Carrefour;1 unidad.;2,38
Escoba especial moquetas y alfombras;Carrefour;1 unidad.;2,50
Escoba multiusos todo tipo de suelos;Carrefour;1 unidad.;2,38
Escoba pequeños espacios;Carrefour;1 unidad.;2,20
Telescoba;Plasticos Practicos;cepillo, mango, recogedor y peine de limpieza.;3,48
Escoba Eva;Vigar;1 unidad.;4,30
Supercepillo;Vileda;1 unidad.;12,89
Escoba;Leopardo;2 unidades + 1 mango.;2,37
Palo universal;Carrefour;1 unidad de 120 cm.;1,05
Palo universal;Carrefour;1 unidad de 140 cm.;1,20
Palo escoba Brown;Vigar;1 unidad de 1,30 cm.;1,14
Palo universal;Vigar;1 unidad.;2,13
Estropajo fibra verde;Carrefour;1 unidad.;0,59
Estropajo fibra verde con antibacterias;Carrefour;2 unidades.;0,99
Estropajo fibra verde;Scotch Brite;2 unidades.;1,32
Estropajo fibra verde tamaño gigante;Scotch Brite;2 unidades.;1,71
Estropajo fibra verde con esponja grande;Scotch Brite;1 unidad.;1,17
Estropajo fibra verde con esponja;Scotch Brite;2 unidades.;1,47
Estropajo fibra azul No Raya con esponja Grande;Scotch-Brite;1 unidad.;1,47
Estropajo salvauñas Frotaspon;Spontex;2 unidades.;1,56
Estropajo salvauñas;Carrefour;2 unidades.;0,81
Estropajo salvauñas;Carrefour;6 unidades.;1,77
Estropajo salvauñas fibra verde;Scotch Brite;2 unidades.;1,35
Salvauñas especial vitrocerámica y superficie antiadherente;Scotch Brite;1 unidad.;0,84
Estropajo salvauñas antibacterias;Vileda;2 unidades.;1,29
Lavafácil especial vitrocerámica y superficie antiadherente;Scotch Brite;1 unidad.;1,77
Repuesto lavafácil especial vitrocerámicas;Scotch Brite;1 unidad.;1,17
Estropajo jabonoso;Ajax;10 unidades.;1,50
Estropajo níquel;Nanas;2 unidades.;1,74
Estropajo metálico;Scotch Brite;1 unidad.;0,93
Estropajo de acero inoxidable Spirenett;Spontex;paquete de 2 unidades.;1,59
Fibra blanca baño;Scotch Brite;1 unidad.;1,26
Esponja de baño antibacterias;Scotch-Brite;1 unidad.;1,17
Rasqueta para vitrocerámica de hierro zincado;Menaje Colección;1 unidad.;2,76
Fregona estampada;Carrefour;#¿NOMBRE?;1,23
Fregona suave;Carrefour;#¿NOMBRE?;1,23
Fregona poder azul;Spontex;#¿NOMBRE?;1,44
Fregona;Vileda;#¿NOMBRE?;1,47
Fregona supercombi;Vileda;#¿NOMBRE?;3,54
Palo para fregona rojo;Vileda;1 unidad.;1,95
Fregona;Carrefour;#¿NOMBRE?;2,37
Fregona suave;Carrefour;#¿NOMBRE?;2,37
Fregona;Spontex;#¿NOMBRE?;2,98
Fregona;Vileda;#¿NOMBRE?;2,79
Fregona suave;Vileda;#¿NOMBRE?;2,79
Guantes látex flocados talla 6-6 1/2 pequeña;Carrefour;#¿NOMBRE?;0,72
Guantes látex flocados talla 7-7 1/2 mediana;Carrefour;#¿NOMBRE?;0,72
Guantes látex flocados talla 8-8 1/2 grande;Carrefour;#¿NOMBRE?;0,72
Guantes látex satinados talla 6-6 1/2 pequeña;Carrefour;#¿NOMBRE?;0,72
Guantes latéx satinados talla 7-7 1/2 mediana;Carrefour;#¿NOMBRE?;0,72
Guantes látex satinados talla 8-8 1/2 grande;Carrefour;#¿NOMBRE?;0,72
Guantes látex sensitive talla 6-6 1/2 pequeña;Spontex;#¿NOMBRE?;1,17
Guantes látex sensitive talla 7-7 1/2 mediana;Spontex;#¿NOMBRE?;1,17
Guantes látex sensitive talla 8-8 1/2 grande;Spontex;#¿NOMBRE?;1,17
Guante segunda piel talla 6-6 1/2 pequeña;Spontex;#¿NOMBRE?;2,31
Guante segunda piel talla 7-7 1/2 mediana;Spontex;#¿NOMBRE?;2,31
Guante segunda piel talla 8-8 1/2 grande;Spontex;#¿NOMBRE?;2,31
Limpia suelos atrapapolvo;Alex;spray de 750 ml.;4,20
Limpia suelos atrapapolvo;Fixpolvo;spray de 600 ml.;5,75
Mopa atrapa polvo;Carrefour;mopa y 10 gamuzas.;8,80
Gamuzas desechables recambio;Carrefour;caja de 10 unidades de 30 x 21 cm.;1,77
Gamuzas desechables recambio;Carrefour;caja de 20 unidades de 30 x 21 cm.;2,98
Sistema atrapa polvo;Carrefour;caja de 1 sistema y 8 gamuzas.;2,09
Sistema atrapa-polvo en seco;Pronto;caja de 1 unidad.;12,42
Gamuzas desechables recambio atrapa-polvo;Pronto;10 unidades de 20.5 x 29.5 cm.;2,75
Gamuzas desechables recambio atrapa-polvo perfumadas;Pronto;20 uds de 20.5 x 29.5 cm;4,50
Gamuzas desechables recambio atrapa-polvo;Pronto;40 unidades de 20.5 x 29.5 cm.;8,16
Mopa Mop-atrap;Scotch Brite;mopa y 15 gamuzas.;12,77
Mopa recambio Mop-atrap;Scotch Brite;20 unidades.;3,90
Mopa recambio atrapa polvo;Scotch Brite;40 unidades.;3,90
Gamuzas desechables Sprint polvo;Spontex;12 unidades de 28*38 cm.;2,37
Mopa Attr Active;Vileda;#¿NOMBRE?;11,59
Mopa recambio Attr Active;Vileda;12 unidades.;3,45
Mopafácil con mango telescópico;Vileda;1 unidad.;7,42
Recambio mopafácil;Vileda;1 unidad.;7,09
Plumero avestruz varilla larga;Vigar;1 unidad.;3,72
Plumero avestruz mini;Vigar;1 unidad.;5,62
Rasqueta limpiacristales profesional;Rozenbal;1 unidad.;8,38
Rasqueta limpiacristales;Rayen;1 unidad.;2,31
Rasqueta limpiacristales con funda para lavar;Rozenbal;1 unidad.;15,00
Bombilla ahorro de energía 9 W E27;Carrefour;1 unidad.;4,06
Bombilla ahorro de energía 11 W E27;Carrefour;1 unidad.;4,06
Bombilla ahorro de energía 14 W (75 W) E27;Carrefour;1 unidad.;4,06
Bombilla ahorro de energía 16 W E27;Carrefour;1 unidad.;7,78
Bombilla ahorro de energía de 14 W (75 W) E27;Attralux;1 unidad.;3,58
Bombilla ahorro de energía Ecotone 9 W (40 W) E27;Philips;1 unidad.;4,78
Bombilla ahorro de energía Ecotone de 11 W (60 W) E27;Philips;1 unidad.;4,78
Bombilla Ecotone Ambiance 11W (60W) E27;Philips;1 unidad.;8,99
Bombilla Ecotone 14 W (75 W) E27;Philips;1 unidad.;4,78
Bombilla Ecotone 18 W (100 W) E27;Philips;1 unidad.;5,98
Bombilla ahorro de energía 9 W (40 W) E14;Carrefour;1 unidad.;5,15
Bombilla ahorro de energía 9W E14;Carrefour;1 unidad.;7,00
Bombilla Ecotone 9 W (40 W) E14;Philips;1 unidad.;7,18
Bombilla Ecotone Ambiance 9 W (40W) E14;Philips;1 unidad.;9,99
Bombilla esférica clara 40 W E14;Carrefour;2 unidades.;1,20
Bombilla esférica clara 40 W E27;Carrefour;2 unidades.;1,20
Bombilla esférica mate 40 W E14;Carrefour;2 unidades.;1,20
Bombilla esférica mate 40 W E27;Carrefour;2 unidades.;1,20
Bombilla esférica opal de 40 W E14;Carrefour;2 unidades.;1,80
Bombilla esférica opal de 40 W E27;Carrefour;2 unidades.;1,80
Bombilla esférica clara de 40 W E14;Attralux;1 unidad.;0,45
Bombilla esférica clara de 40 W E27;Attralux;1 unidad.;0,45
Bombilla halógena baja tensión Dicroica de 20 W;Carrefour;1 unidad.;2,37
Bombilla halógena baja tensión dicroica de 50 W;Carrefour;1 unidad.;2,60
Bombilla reflectora de 40 W E14;Carrefour;2 unidades.;2,86
Bombilla reflectora de 40 W E27;Carrefour;1 unidad.;1,40
Bombilla reflectora de 60 W E27;Carrefour;1 unidad.;1,56
Bombilla reflectora de 60 W E27;Carrefour;1 unidad.;1,40
Bombilla prismática ahorro energía Ecotone 17 W (75 W) E27;Philips;1 unidad.;13,45
Bombilla reflectora Spotone R50 de 40 W E14;Philips;2 unidades.;4,20
Bombilla reflectora Spotone R63 de 40 W E27;Philips;2 unidades.;4,20
Bombilla reflectora Spotone R63 de 60 W E27;Philips;2 unidades.;4,09
Bombilla reflectora Spotone R80 de 60 W E27;Philips;1 unidad.;1,92
Bombilla ahorro de energía Ecotone Ambiance 20 W (100 W) E27;Philips;1 unidad.;9,99
Bombilla ahorro de energía de 14 W (75 W) E27;Attralux;1 unidad.;3,58
Bombilla anti- insect Practitone de 60 W E27;Philips;2 unidades.;4,08
Bombilla halógena lineal 200 W R7s;Carrefour;1 unidad.;2,20
Bombilla halógena lineal 300 W R7s;Carrefour;1 unidad.;2,20
Bombilla halógena lineal 500 W R7s;Carrefour;1 unidad.;2,20
Bombilla halógena baja tensión 50 W;Carrefour;1 unidad.;1,25
Bombilla halógena clara Halotone 60 W E27;Philips;1 unidad.;4,25
Bombilla halógena economy Halotone 300 W R7s;Philips;2 unidades.;5,56
Bombilla halógena economy Halotone 500 W R7s;Philips;2 unidades.;5,56
Bombilla standard clara de 60 W E27;Carrefour;2 unidades.;1,00
Bombilla standard mate 60 W  E27;Carrefour;2 unidades.;1,05
Bombilla standard opal 60 watios  E27;Carrefour;2 unidades.;1,50
Bombilla standard luz solar de 60 W E27;Carrefour;2 unidades.;1,95
Bombilla vela clara 25 W E14;Carrefour;2 unidades.;1,20
Bombilla vela mate 25 W E14;Carrefour;2 unidades.;1,20
Bombilla vela clara de 40 W E14;Attralux;1 unidad.;0,45
Globos moldeables;PegasoKid;20 unidades de 160 cm.;3,15
Globos decorados con payasos;Pegaso 2000;15 unidades de 28 cm.;2,49
Inflador de globos doble acción;MiniPump;1 unidad.;5,69
Gorros de cumpleaños Decorata Party;Mickey for Kids;6 unidades.;2,69
Vela de cumpleaños Decorata Party nº 0;Mickey for Kids;1 unidad.;2,58
Vela de cumpleaños Decorata Party nº 1;Mickey for Kids;1 unidad.;2,58
Vela de cumpleaños Decorata Party nº 2;Mickey for Kids;1 unidad.;2,58
Vela de cumpleaños Decorata Party nº 3;Mickey for Kids;1 unidad.;2,58
Vela de cumpleaños Decorata Party nº 4;Mickey for Kids;1 unidad.;2,58
Vela de cumpleaños Decorata Party nº 5;Mickey for Kids;1 unidad.;2,58
Vela de cumpleaños Decorata Party nº 6;Mickey for Kids;1 unidad.;2,58
Vela de cumpleaños Decorata Party nº 7;Mickey for Kids;1 unidad.;2,58
Vela de cumpleaños Decorata Party nº 8;Mickey for Kids;1 unidad.;2,58
Vela de cumpleaños Decorata Party nº 9;Mickey for Kids;1 unidad.;2,58
Canutillos flexibles;Carrefour;50 unidades de 5,5 mm.;0,54
Cucharas de plástico amarillas;Festintavola;10 unidades.;1,17
Cucharas de plástico azules;Festintavola;10 unidades.;1,17
Cucharas de plástico rojas;Festintavola;10 unidades.;1,17
Cucharillas de plástico azules;Festintavola;12 unidades.;1,17
Cucharillas de plástico rojas;Festintavola;12 unidades.;1,17
Cucharillas de plástico amarillas;Festintavola;12 unidades.;1,17
Cuchillos de plástico amarillos;Festintavola;10 unidades.;1,17
Cuchillos de plástico azul;Festintavola;10 unidades.;1,17
Cuchillos de plástico rojos;Festintavola;10 unidades.;1,17
Tenedores de plástico amarillos;Festintavola;10 unidades.;1,17
Tenedores de plástico azul;Festintavola;10 unidades.;1,17
Tenedores de plástico rojo;Festintavola;10 unidades.;1,17
Mantel amarillo;Festintavola;1 unidad de 140*260 cm.;2,61
Mantel de piolin;Festintavola;1 ud. de 120*180 cm.;4,78
Mantel de papel Decorata Party;Mickey for Kids;1 unidad de 120*180 cm.;5,08
Servilletas;Looney Tunes;paquete de 80 uds. de 30*30 cm.;5,98
Servilletas Piolín;Festintavola;paquete de 20 uds. de 33*33 cm.;2,07
Servilletas Decorata Party;Mickey for Kids;paquete de 20 uds.;2,07
Platos desechables;Looney Tunes;10 unidades de 18 cm.;1,92
Platos desechables;Looney Tunes;10 unidades de 23 cm.;2,58
Platos desechables Decorata party;Mickey for Kids;8 unidades de 20 cm.;2,07
Vasos desechables;Looney Tunes;10 unidades de 20 cl.;2,28
Vasos desechables Decorata Party;Mickey for Kids;8 unidades de 22 cl.;1,89
Cámara de fotos desechable;Kodak Ultra;con film de 27 + 12 exposiciones.;6,95
Cámara de fotos desechable con flash;Kodak Ultra;con film de 27 + 12 exposiciones.;11,85
Carrete fotográfico A.P.S.;Kodak Advantix;film de 25 exposiciones.;5,29
Carrete fotográfico;Kodak Gold Ultra;2 film de 24 + 12 exposiciones.;9,18
Papel de regalo clásico;Ambar;rollo de 2 pliegos de 100*70 cm.;1,05
Papel de regalo Disney;Ambar;rollo de 2 pliegos de 200*70 cm.;1,05
Papel de regalo Disney navideño;Ambar;rollo de 2 pliegos de 200*70 cm.;1,05
Papel de regalo Kraft;Ambar;rollo de 2 pliegos de 100*70 cm.;1,05
Tarjetas con cordón para personalizar regalos;Hallmark;5 unidades.;2,52
Caramelos sabores surtidos;Chupa Chups;bolsa de 10 unidades.;1,25
Torcidas sabor fresa;Damel;bolsa de 170 g.;1,19
Torcidas sabor regaliz;Damel;bolsa de 170 g.;1,19
Rotella Zigoto;Haribo;bolsa de 200 g.;1,49
Caramelos blandos con sabor a frutas;Sugus;bolsa de 400 g.;2,27
Caramelos blandos con sabor a frutas;Sugus;bolsa de 1 kg.;4,15
Caramelos duros refrescantes rellenos de frutas;Carrefour;bolsa de 1 kg.;3,23
Caramelos surtidos;Carrefour;bolsa de 1 kg.;3,23
Caramelos dobles 6 sabores;Virginias;bolsa de 180 g.;1,35
Caramelos duros doble sabor a frutas;Virginias;bolsa de 1 Kg.;5,30
Chicles 3 sabores largo y blando;Bang Bang;bolsa de 5 paquetes.;0,93
Chicle kilométrico roll Digimon;Boomer;rollo de 25 g.;2,16
Chicles sabor fresa Pokémon;Boomer;12 unidades, 78 g.;0,83
Golosina refrescante aromatizada con azúcar;Friflac;bolsa de 12 unidades.;0,57
Caramelos de goma azúcar, Corazones melocotón;Carrefour;bolsa de 150 g.;1,05
Caramelos de goma azúcar, Gatitos de regaliz;Carrefour;bolsa de 150 g.;1,05
Caramelos de goma, Frambuesas del bosque;Carrefour;bolsa de 150 g.;1,05
Caramelos de goma azúcar, Frutas;Carrefour;bolsa de 150 g.;1,05
Caramelos de goma azúcar, Frutti mix;Carrefour;bolsa de 150 g.;1,05
Caramelos de goma, huevos fritos;Carrefour;bolsa de 150 g.;1,05
Espuma dulce, Nubes;Carrefour;bolsa de 150 g.;1,05
Caramelos de goma, ositos;Carrefour;bolsa de 150 g.;1,05
Caramelos de goma azúcar, Ositos;Carrefour;bolsa de 150 g.;1,05
Caramelos de goma azúcar, Picacolas;Carrefour;bolsa de 150 g.;1,05
Caramelos de goma azúcar, Zarzamoras;Carrefour;bolsa de 150 g.;1,05
Caramelos de goma sin azúcar, con edulcorantes Gummy;Dulciora;bolsa de 100 g.;1,05
Espuma dulce Masmelos;Dulciora;bolsa de 175 g.;1,59
Canutillos flexibles;Carrefour;50 unidades de 5,5 mm.;0,54
Canutillos flexible;Carrefour;250 unidades de 5.5 mm.;2,46
Cucharas de plástico;Carrefour;20 unidades.;0,78
Cucharillas de plástico para café;Carrefour;30 unidades.;0,72
Cucharillas de plástico para café;Carrefour;100 unidades.;2,01
Tenedores de plástico;Carrefour;20 unidades.;0,78
Cuchillos de plástico;Carrefour;20 unidades.;0,78
Cucharas de plástico azules;Festintavola;10 unidades.;1,17
Cucharas de plástico amarillas;Festintavola;10 unidades.;1,17
Cucharas de plástico rojas;Festintavola;10 unidades.;1,17
Tenedores de plástico amarillos;Festintavola;10 unidades.;1,17
Tenedores de plástico rojo;Festintavola;10 unidades.;1,17
Tenedores de plástico azul;Festintavola;10 unidades.;1,17
Cuchillos de plástico rojos;Festintavola;10 unidades.;1,17
Cuchillos de plástico azul;Festintavola;10 unidades.;1,17
Cuchillos de plástico amarillos;Festintavola;10 unidades.;1,17
Cucharillas de plástico azules;Festintavola;12 unidades.;1,17
Cucharillas de plástico amarillas;Festintavola;12 unidades.;1,17
Cucharillas de plástico rojas;Festintavola;12 unidades.;1,17
Filtros para café blancos nº2;Carrefour;caja de 40 unidades.;0,60
Filtros para café blancos nº4;Carrefour;caja de 40 unidades.;0,79
Filtros para café blancos nº4;Carrefour;caja de 100 unidades.;1,50
Mantel amarillo;Carrefour;1 unidad de 7*1,20 m.;5,08
Mantel amarillo;Carrefour;1 unidad de 120*180 cm.;2,67
Mantel azul;Carrefour;1 unidad de 7*1,20 m.;5,08
Mantel azul;Carrefour;1 unidad de 120*180 cm.;2,67
Mantel rojo;Carrefour;1 unidad de 7*1,20 m.;5,08
Mantel rojo;Carrefour;1 unidad de 120*180 cm.;2,67
Mantel verde;Carrefour;1 unidad de 7*1,20 m.;5,08
Mantel blanco;Nupik;1 unidad de 1*25 m.;8,41
Mantel;"P &amp; H";10 unidades de 1*1 m.;1,89
Mantel de piolin;Festintavola;1 ud. de 120*180 cm.;4,78
Mantel amarillo;Festintavola;1 unidad de 140*260 cm.;2,61
Mantel de papel Decorata Party;Mickey for Kids;1 unidad de 120*180 cm.;5,08
Platos desechables;Carrefour;100 unidades de 16,5 cm.;4,74
Platos desechables;Carrefour;50 unidades de 20,5 cm.;2,25
Platos desechables;Carrefour;25 unidades de 22 cm.;1,59
Platos desechables;Carrefour;100 unidades de 22 cm.;5,70
Platos desechables amarillos;Carrefour;10 unidades de 23 cm.;1,89
Platos desechables azules;Carrefour;10 unidades de 23 cm.;1,89
Platos desechables rojos;Carrefour;10 unidades de 23 cm.;1,92
Platos desechables verdes;Carrefour;10 unidades de 23 cm.;1,89
Platos desechables;Looney Tunes;10 unidades de 18 cm.;1,92
Platos desechables;Looney Tunes;10 unidades de 23 cm.;2,58
Platos desechables Decorata party;Mickey for Kids;8 unidades de 20 cm.;2,07
Platos desechables;Nupik;25 unidades de 16,5 cm.;1,95
Servilletas blancas;Carrefour;paquete de 80 uds. de 33*33 cm.;0,78
Servilletas blancas;Carrefour;paquete de 160 uds. de 33*33 cm.;1,47
Servilletas amarillas;Carrefour;paquete de 20 uds. de 33*33 cm.;1,89
Servilletas amarillas;Carrefour;paquete de 20 uds. de 39*39 cm.;2,19
Servilletas azules;Carrefour;paquete de 20 uds. de 33*33 cm.;1,89
Servilletas azules;Carrefour;paquete de 20 uds. de 39*39 cm.;2,19
Servilletas rojas;Carrefour;paquete de 20 uds. de 33*33 cm.;1,89
Servilletas rojas;Carrefour;paquete de 20 uds. de 39*39 cm.;2,19
Servilletas Estilo;Scottex;paquete de 70 uds.;0,84
Servilletas Decor;Scottex;paquete de 140 uds.;1,53
Servilletas;Renova Uno!;#¿NOMBRE?;0,63
Servilletas Decorata Party;Mickey for Kids;paquete de 20 uds.;2,07
Servilletas;Looney Tunes;paquete de 80 uds. de 30*30 cm.;5,98
Servilletas Piolín;Festintavola;paquete de 20 uds. de 33*33 cm.;2,07
Vasos desechables higiénicos;Carrefour;25 unidades de 22 cl.;0,63
Vasos desechables higiénicos;Carrefour;100 unidades de 22 cl.;2,25
Vasos desechables transparente;Carrefour;100 unidades de 30 cl.;4,18
Vasos cristalino higiénicos de un solo uso;Carrefour;25 unidades de 33 cl.;1,17
Vasos desechables amarillos;Carrefour;10 unidades.;1,59
Vasos desechables azules;Carrefour;10 unidades de 20 cl.;1,59
Vasos desechables rojos;Carrefour;10 unidades de 20 cl.;1,59
Vasos desechables verdes;Carrefour;10 unidades de 20 cl.;1,59
Vasos desechables tubo transparentes;Carrefour;10 unidades de 30 cl.;1,77
Vasos desechables trasparenres;Nupik;50 unidades de 30 cl.;2,85
Vasos desechables;Looney Tunes;10 unidades de 20 cl.;2,28
Vasos desechables Decorata Party;Mickey for Kids;8 unidades de 22 cl.;1,89
Copas de cava desechables;Nupik;8 unidades.;2,85
Lote Vajilla desechable Interlude;Stephen King;1 unidad.;19,90
Con buena letra;Joaquín Sabina;1 unidad.;22,10
El Amuleto;Barbara Wood;1 unidad.;20,50
El Huerto de mi amada;Alfredo Bryce Echenique;1 unidad.;19,00
Hoy por Hoy: Los Años Difíciles;Carlos Elordi;1 unidad.;16,31
La Ciudad de las Bestias;Isabel Allende;1 unidad.;19,90
La Reina del Sur;Arturo Pérez Reverte;1 unidad.;20,75
Maktub;Paulo Coelho;1 unidad.;10,52
Vivir para contarla;Gabriel García Márquez;1 unidad.;25,50
Harry Potter y el Cáliz de Fuego;J.K. Rowling;1 unidad.;17,36
Harry Potter y el Prisionero de Azkaban;J.K. Rowlin;1 unidad.;13,15
Harry Potter y la Cámara Secreta;J.K. Rowling;1 unidad.;12,10
Harry Potter y la Piedra Filosofal;J.K. Rowling;1 unidad.;11,57
La Ciudad de las Bestias (edición juvenil);Isabel Allende;1 unidad.;15,68
Manolito Gafotas: Manolito tiene un secreto;Elvira Lindo;1 unidad.;10,10
El Señor de los Anillos I: La Comunidad del Anillo;J.R.R.Tolkien;1 ud.(Edicción bolsillo);8,95
El Señor de los Anillos II: Las Dos Torres;J.R.R. Tolkien;1 ud.(Edición bolsillo).;8,95
El Señor de los Anillos III: El Retorno del Rey;J.R.R. Tolkien;1 ud(Edición bolsillo);8,95
El Señor de los Anillos I: La Comunidad del Anillo;J.R.R. Tolkien;1 unidad.;18,42
El Señor de los Anillos II: Las Dos Torres;J.R.R. Tolkien;1 unidad.;18,42
El Señor de los Anillos III: El Retorno del Rey;J.R.R. Tolkien;1 unidad.;18,42
El Señor de los Anillos (Obra completa ilustrada);J.R.R. Tolkien;1 unidad.;53,50
"Película DVD "" El Señor de los Anillos """;Mapped;caja distribuidora de 100 unidades.;0,81
Cinta adhesiva transparente;Carrefour;portarrollos + recambio de 33 mm. x 19 mm.;0,95
Cinta adhesiva transparente;Carrefour;recambio de 33 mm. x 19 mm.;0,75
Grapadora Master 2;Maped;1 unidad + caja de 1000 grapas de 16/6.;5,11
Lápiz adhesivo;Pritt;stick de 20 g.;1,95
Perforador Duetti de 2 agujeros;Maped;1 unidad.;2,98
Tijeras modelo universal;Maped;1 unidad de 21 cm.;2,73
Cinta correctora de escritura;Pritt;roller de 4,2 mm. de ancho y 8,5 m. de largo.;2,99
Lápiz corrector de escritura Shake´n Squeeze Blanco;Tipp-Ex;1 unidad;2,25
Corrector de escritura blanco;Tipp-Ex Rapid;bote de 20 ml.;1,79
Gomas de borrar;Milan 430;4 unidades.;0,75
Gomas de borrar de nata;Milan 624;3 unidades.;0,69
Lápices con goma Noris 122 nº 2 HB;Staedtler;3 unidades.;1,35
Lápices de colores de madera de cedro;Alpine;caja de 12 colores.;1,89
Plastidecor;Conté;caja de 12 colores.;2,25
Rotuladores de punta fina;Carioca;caja de 12 colores.;1,35
Bolígrafos azules medium;Bic Cristal;5 unidades.;1,39
Bolígrafos de colores surtidos medium;Bic Cristal;5 unidades.;1,39
Lápices con goma Noris 122 nº 2 HB;Staedtler;3 unidades.;1,35
Portaminas de punta rectráctil marsmicro 0,7 mm;Staedtler;1 unidad.;2,99
Minas finas marsmicro 250 de 0,7 mm. HB;Staedtler;estuche de 12 unidades;1,11
Rotulador de tinta líquida Hi-Tecpoint azul;Pilot V-5;1 unidad.;1,85
Rotulador de tinta líquida Hi-Tecpoint negro;Pilot V-5;1 unidad.;1,85
Rotulador de tinta líquida Hi-Tecpoint negro/azul/rojo;Pilot V-5;3 unidades.;5,35
Forralibros autoadhesivo;Colegia;2 rollos de 0,50 m. x 1,50 m.;2,85
Forralibros de plástico transparente;Colegia;2 rollos de 0,45 m. x 2 m.;1,17
Marcador fluorescente amarillo;Stabilo Boss Original;1 unidad;1,10
Marcador fluorescente amarillo, verde, rosa;Staedtler Topstar 364;3 uds+1 ud de REGALO;2,98
Box archivador de palanca A-Z tamaño folio;Carrefour;1 unidad.;2,16
Papel blanco Din A4;Carrefour;500 hojas de 80 gr.;4,78
Papel de regalo clásico;Ambar;rollo de 2 pliegos de 100*70 cm.;1,05
Papel de regalo Disney;Ambar;rollo de 2 pliegos de 200*70 cm.;1,05
Papel de regalo Disney navideño;Ambar;rollo de 2 pliegos de 200*70 cm.;1,05
Papel de regalo Kraft;Ambar;rollo de 2 pliegos de 100*70 cm.;1,05
Tarjetas con cordón para personalizar regalos;Hallmark;5 unidades.;2,52
Notas adhesivas amarillas;Post-it;3 tacos de 100 uds. de 51 mm x 38 mm.;1,89
Notas adhesivas amarillas;Post-it;1 taco de 100 uds. de 76 mm x 76 mm.;1,50
Notas adhesivas amarillas;Post-it;1 taco de 100 uds. de 76 mm x 127 mm.;1,95
Post-it rosas;3M;1 taco de 125 uds. de 76 mm. x 76 mm.;1,65
Notas adhesivas rosas;Post-it;1 taco de 100 uds. de 76 mm x 127 mm.;2,25
Pinzas de madera;Carrefour;24 unidades.;0,60
Pinzas de plástico;Carrefour;24 unidades.;0,78
Cesta de pinzas multiuso;Sp Berner;cesta + 48 unidades.;3,12
Plástico protector de la ropa contra la lluvia;Rayen;1 unidad de 135 * 260 cm.;1,41
Percha de madera combinada;Rozenbal;1 unidades.;1,95
Percha metálica faldas/pantalones;Rozenbal;3 unidades.;5,68
Perchas metálicas con barra porta pantalón;Rozenbal;3 unidades.;3,76
Funda guardarropa con antipolillas;Rayen;1 unidad de 60 x 100 cm.;4,33
Funda guardarropa con antipolillas;Rayen;1 unidad de 60 x 135 cm.;4,54
Funda guardarropa con antipolillas;Rayen;1 unidad de 60 x 150 cm.;4,72
Funda protectora de camas;C.I.E. Europe Hispánica;1 ud. 100*48*15 cm.;5,98
Funda para mantas;Rayen;1 unidad de 65 x 55 x 20 cm.;6,79
Ciruela con hueso;Carrefour;bolsa de 250 g.;1,38
Ciruela sin hueso;Carrefour;bolsa de 250 g.;1,68
Ciruelas con hueso;Carrefour;bolsa de 500 g.;2,58
Ciruelas sin hueso;Carrefour;bolsa de 500 g.;3,24
Cruelas con hueso;Carrefour;bandeja de 400 g.;2,21
Ciruelas sin hueso;Carrefour;bandeja de 400 g.;2,21
Ciruelas de California con hueso;Borges;caja de 250 g.;2,20
Ciruelas de California sin hueso;Borges;caja de 250 g.;2,40
Ciruelas con hueso de California;Borges;caja de 500 g.;3,48
Ciruelas sin hueso de California;Borges;caja de 500 g.;3,93
Ciruelas pasas con hueso Ulises, nº 16;Capo;estuche de 320 g.;2,40
Ciruela pasas sin hueso Prometeo, nº 22;Capo;estuche de 320 g.;3,86
Pasas moscatel;Carrefour;bolsa de 250 g.;1,38
Pasas moscatel sin pepitas;Carrefour;bolsa de 250 g.;1,35
Pasas Moscatel;Carrefour;bandeja de 370 g.;2,21
Pasas Moscatel sin pepitas;Carrefour;bandeja de 370 g.;2,21
Pasas moscatel;Carrefour;bolsa de 500 g.;2,64
Pasas sultanas;Carrefour;bolsa de 250 g.;0,96
Pasas Sultanas;Carrefour;bandeja de 370 g.;2,21
Pasas sultanas;Carrefour;bolsa de 500 g.;1,77
Pasas moscatel;Borges;caja de 150 g.;1,19
Pasas de California sin pepitas;Borges;caja de 150 g.;1,28
Pasas moscatel de Málaga;Borges;caja de 150 g.;1,90
Uvas pasas de Chile;Borges;bolsa de 200 g.;1,80
Pasas moscatel  sin hueso Nereidas nº 18;Capo;estuche de 265 g.;2,67
Pasas sultanas sin hueso Japeto, nº 19;Capo;estuche de 300 g.;1,96
Pasas de Corinto;Vahiné;bolsa de 100 g.;1,08
Dátiles deglet nour sin hueso;Carrefour;bandeja de 250 g.;1,50
Datil Deglet Nour;Carrefour;bandeja de 250 g.;1,17
Datil Deglet Nour;Carrefour;bandeja de 500 g.;2,28
Dátiles Tâmaras Deglet Nour de Túnez;Borges;caja de 250 g.;2,28
Dátiles Deglet Nour de Túnez con hueso;Borges;caja de 500 g.;2,98
Dátiles sin hueso Urano nº 21;Capo;estuche de 320 g.;3,86
Dátiles Hera nº 28;Capo;estuche de 320 g.;2,40
Dátiles en rama Titán;Capo;bandeja de 650 g.;6,80
Pan de dátil;Carrefour;1 unidad de 250 g.;1,15
Pan de dátil;Capo;1 unidad de 400 g.;3,95
Mix Especialidades;Carrefour;bandeja de 375 g.;2,16
Bandeja tradicional de frutas desecadas y frutos secos;Carrefour;1 unidad de 240 g;2,50
Bandeja de frutas desecadas tropicales;Carrefour;1 unidad de 240 g.;2,50
Surtido de frutas desecadas Cofre Nº 1;Borges;estuche de 385 g.;5,42
Surtido de frutas desecadas Nº 2;Borges;estuche de 315 g.;4,08
Surtido de frutas desecadas y frutos secos Cesta Nº 3;Borges;estuche de 300 g.;4,08
Surtido de frutas desecadas Electra nº 2;Capo;estuche de 590 g.;6,32
Surtido de frutas desecadas Selena, nº 34;Capo;estuche de 800 g.;7,78
Surtido de frutas desecadas Zeus, nº 35;Capo;estuche de 700 g.;6,60
Surtido de frutas desecadas y frutos secos Gea, nº 39;Capo;estuche de 420 g.;5,85
Surtido de frutas desecadas Panacea, nº 41;Capo;estuche de 380 g.;4,25
Surtido de frutas desecadas y frutos secos Mix, nº 50;Capo;estuche de 700 g.;6,50
Higos País Extra;Carrefour;bandeja de 275 g.;1,32
Higos del País;Carrefour;bolsa de 1 kg.;2,70
Higos secos;Borges;paquete de 250 g.;2,68
Higos secos;Borges;estuche de 250 g.;1,97
Higos Turcos;Carrefour;bandeja de 400 g.;2,58
Higos secos;Capo;bandeja de 850 g.;4,42
Higos nacionales;Capo;bolsa de 1 kg.;2,00
Pan de Higo;Carrefour;cuña de 300 g.;1,74
Pan de higo con almendras;Capo;torta de 300 g.;2,76
Pan de higo con almendras;Capo;cuña de 400 g.;2,18
Torta de higo con almendras y obleas;Capo;cuña de 250 g.;1,59
Orejones de Albaricoque;Carrefour;bolsa de 250 g.;1,99
Orejones de Albaricoque;Carrefour;bandeja de 300 g.;2,55
Orejones de albaricoque;Carrefour;bandeja de 400 g.;3,00
Orejones de Albaricoque;Borges;estuche de 150 g.;1,80
Albaricoques desecados de Turquía;Borges;bolsa de 200 g.;2,61
Orejones de albaricoque Prometeo, nº 17;Capo;estuche de 320 g.;3,50
Papaya;Carrefour;bolsa de 250 g.;1,86
Plátano desecado;Carrefour;bolsa de 250 g.;1,41
Piña desecada;Carrefour;bolsa de 250 g.;1,86
Frutas Tropicales desecadas de Thailandia;Borges;bolsa de 200 g.;2,43
Mix Exótico;Carrefour;bandeja de 250 g.;1,98
Mix Tropical;Carrefour;bolsa de 250 g.;1,75
Ciruelas con hueso de California;Borges;caja de 500 g.;3,48
Almendras largueta tostadas con sal;Carrefour;bolsa de 100 g.;0,81
Almendras marcona repeladas fritas;Carrefour;bolsa de 100 g.;1,15
Bombón de almendra;Carrefour;caja de 175 g.;2,00
Bombón de almendra sabor café;Carrefour;caja de 175 g.;2,00
Almendras marcona fritas y saladas;Borges;bolsa de 250 g.;1,14
Almendras marcona;Eagle;bolsa de 100 g.;1,53
Tambo de almendra;Capo;bandeja de 175 g.;2,40
Almendra garrapiñada;Carrefour;caja de 150 g.;2,00
Garrapiñada natural de almendra;Capo;bolsa de 200 g.;2,25
Garrapiñadas de almendras naturales;Capo;bolsa de 250 g.;2,27
Almendras garrapiñadas Deimo, nº 45;Capo;estuche de 225 g.;3,64
Almendras garrapiñadas;Rey;bolsa de 300 g.;2,13
Almendras de Navidad;E.Moreno;bolsa de 250 g.;1,65
Almendras rellenas de chocolate;E.Moreno;bolsa de 250 g.;1,89
Anacardos fritos;Carrefour;bolsa de 125 g.;1,80
Anacardos fritos;Carrefour;bolsa de 250 g.;3,50
Anacardos fritos con miel;Eagle;bolsa de 75 g.;1,30
Avellana cáscara;Carrefour;bolsa de 400 g.;2,31
Avellanas tostadas;Carrefour;bolsa de 100 g.;0,81
Avellanas tostadas;Borges;bolsa de 250 g.;3,07
Cacahuetes con cáscara tostados con sal;Carrefour;bolsa de 250 g.;0,78
Cacahuetes con cáscara tostados con sal;Carrefour;bolsa de 500 g.;1,44
Cacahuetes con cáscara tostados naturales;Carrefour;bolsa de 250 g.;0,90
Cacahuetes con cáscara tostados naturales;Carrefour;bolsa de 500 g.;1,65
Cacahuete frito piel;Carrefour;bolsa de 125 g.;0,53
Cacahuetes mondados fritos con piel;Carrefour;bolsa de 500 g.;1,59
Cacahuetes repelados fritos;Carrefour;bolsa de 250 g.;0,93
Cacahuetes repelados fritos;Carrefour;bolsa de 500 g.;1,74
Cacahuete garrapiñado;Carrefour;caja de 150 g.;2,00
Cacahuetes fritos y salados;Borges;bolsa de 100 g.;0,80
Cacahuete frito y salado;Borges;bolsa de 400 g.;0,53
Cacahuetes con miel;Borges;bolsa de 100 g.;0,85
Cacahuetes con cáscara tostados;Borges;bolsa de 500 g.;1,71
Garrapiñadas de cacahuete;Capo;bolsa de 250 g.;1,59
Cacahuetes de Virginia;Eagle;lata de 311 g.;2,58
Cacahuetes de Virginia salados;Eagle;bolsa de 100 g.;0,90
Cacahuetes fritos con miel;Eagle;lata de 311 g.;0,98
Lote Cacahuetes fritos con miel + Musik;Eagle;lata de 311 g. + lata de 311 g.;5,85
Ciruela con hueso;Carrefour;bolsa de 250 g.;1,38
Ciruela sin hueso;Carrefour;bolsa de 250 g.;1,68
Ciruelas con hueso;Carrefour;bolsa de 500 g.;2,58
Ciruelas sin hueso;Carrefour;bolsa de 500 g.;3,24
Cruelas con hueso;Carrefour;bandeja de 400 g.;2,21
Ciruelas sin hueso;Carrefour;bandeja de 400 g.;2,21
Ciruelas de California con hueso;Borges;caja de 250 g.;2,20
Ciruelas de California sin hueso;Borges;caja de 250 g.;2,40
Ciruelas con hueso de California;Borges;caja de 500 g.;3,48
Ciruelas sin hueso de California;Borges;caja de 500 g.;3,93
Ciruelas pasas con hueso Ulises, nº 16;Capo;estuche de 320 g.;2,40
Ciruela pasas sin hueso Prometeo, nº 22;Capo;estuche de 320 g.;3,86
Pasas moscatel;Carrefour;bolsa de 250 g.;1,38
Pasas moscatel sin pepitas;Carrefour;bolsa de 250 g.;1,35
Pasas Moscatel;Carrefour;bandeja de 370 g.;2,21
Pasas Moscatel sin pepitas;Carrefour;bandeja de 370 g.;2,21
Pasas moscatel;Carrefour;bolsa de 500 g.;2,64
Pasas sultanas;Carrefour;bolsa de 250 g.;0,96
Pasas Sultanas;Carrefour;bandeja de 370 g.;2,21
Pasas sultanas;Carrefour;bolsa de 500 g.;1,77
Pasas moscatel;Borges;caja de 150 g.;1,19
Pasas de California sin pepitas;Borges;caja de 150 g.;1,28
Pasas moscatel de Málaga;Borges;caja de 150 g.;1,90
Uvas pasas de Chile;Borges;bolsa de 200 g.;1,80
Pasas moscatel  sin hueso Nereidas nº 18;Capo;estuche de 265 g.;2,67
Pasas sultanas sin hueso Japeto, nº 19;Capo;estuche de 300 g.;1,96
Pasas de Corinto;Vahiné;bolsa de 100 g.;1,08
Bombón de almendra;Carrefour;caja de 175 g.;2,00
Bombón de almendra sabor café;Carrefour;caja de 175 g.;2,00
Mix chocolateado;Carrefour;bandeja de 300 g.;2,28
Bombones de frutos secos;Carrefour;caja de 335 g.;3,55
Surtido de Navidad Asteria,  nº 6;Capo;estuche de 290 g.;4,20
Surtido chocolateado Galatea nº 8;Capo;estuche de 275 g.;4,18
Grajeas de chocolate Feme, nº 46;Capo;estuche de 300 g.;4,60
Grajeas de chocolate Pluto, nº 48;Capo;estuche de 250 g.;3,29
"Bombón de crocanti ""Divinos""";Lacasa;bote de 225 g.;2,40
"Bombón de avellana ""Divinos""";Lacasa;bote de 200 g.;2,40
"Almendra con chocolate blanco ""Divinos""";Lacasa;bote de 200 g.;2,40
Bombón de pistacho cubierto de chocolate con leche, Divinos;Lacasa;1 unidad de 200g;2,40
"Bombón de almendra  ""Divinos""";Lacasa;bote de  200 g.;2,40
Grajeas de chocolate;Lacasitos;bote de 250 g.;2,28
Cacahuete suizo Divinos;Lacasa;bolsa de 500 g.;2,50
Bandeja tradicional de frutas desecadas y frutos secos;Carrefour;1 unidad de 240 g;2,50
Mix chocolateado;Carrefour;bandeja de 300 g.;2,28
Bombones de frutos secos;Carrefour;caja de 335 g.;3,55
Surtido de frutas desecadas y frutos secos Cesta Nº 3;Borges;estuche de 300 g.;4,08
Crocanti de almendra Hades,  nº 5;Capo;estuche de 200 g.;4,12
Surtido de Navidad Asteria,  nº 6;Capo;estuche de 290 g.;4,20
Surtido chocolateado Galatea nº 8;Capo;estuche de 275 g.;4,18
Surtido de frutas desecadas y frutos secos Gea, nº 39;Capo;estuche de 420 g.;5,85
Surtido de crocanti de frutos secos Temis, nº 42;Capo;estuche de 240 g.;5,10
Grajeas de chocolate Feme, nº 46;Capo;estuche de 300 g.;4,60
Grajeas de chocolate Pluto, nº 48;Capo;estuche de 250 g.;3,29
Surtido de frutos secos Anteros, nº 49;Capo;estuche de 580 g.;6,50
Mix Exótico;Carrefour;bandeja de 250 g.;1,98
Cocktail de frutos secos normal;Carrefour;bolsa de 100 g.;0,90
Cocktail de frutos secos rebozados;Carrefour;bolsa de 100 g.;0,75
Cocktail de frutos secos;Carrefour;bolsa de 250 g.;0,87
Mix Tropical;Carrefour;bolsa de 250 g.;1,75
Mix Especialidades;Carrefour;bandeja de 375 g.;2,16
Cocktail de cáscara;Carrefour;bolsa de 400 g.;2,01
Cocktail de frutos secos;Carrefour;bolsa de 250 g.;1,59
Mezcla surtida de frutos secos;Borges;bolsa de 500 g.;1,79
Mix de luxe;Eagle;lata de 298 g.;3,66
Lote Cacahuetes fritos con miel + Musik;Eagle;lata de 311 g. + lata de 311 g.;5,85
Núez mondada;Carrefour;bolsa de 250 g.;3,58
"Nueces Iberica ""Pata Negra""";Pizarro de Borges;bolsa de 700 g.;4,31
Nueces de California;Borges;bolsa de 750 g.;3,40
Nuez mondada Iris, nº 20;Capo;estuche de 180 g.;3,86
Maíz frito;Carrefour;bolsa de 70 g.;0,39
Maíz frito;Carrefour;bolsa de 100 g.;0,39
Maíz frito y salado;Borges;bolsa de 500 g.;1,50
Maíz frito;Grefusa Mister Corn;bolsa de 140 g.;0,78
Pipas tostadas con sal;Carrefour;bolsa de 70 g.;0,39
Pipas de girasol gigantes tostadas con sal.;Carrefour;bolsa 70 g.;0,45
Pipas de girasol tostadas con sal;Carrefour;bolsa de 250 g.;0,72
Pipas de girasol tostadas con sal;Carrefour;bolsa de 500 g.;1,32
Pipas de girasol peladas fritas;Carrefour;bolsa de 250 g.;0,93
Pipas gigantes tostadas aguasal;Carrefour;bolsa de 250 g.;1,32
Pipas de girasol gigantes tostadas con sal;Carrefour;bolsa de 250 g.;1,17
Pipas de girasol gigantes tostadas con sal;Carrefour;bolsa de 500 g.;2,07
Pipas de girasol tostadas aguasal;Borges;bolsa de 500 g.;1,61
Piponazo Deluxe;Grefusa;bolsa de 90 g.;0,69
Piponazo Deluxe;Grefusa;bolsa de 150 g.;1,11
Pipas de calabaza;Carrefour;bolsa de 70 g.;0,39
Pipas de calabaza;Carrefour;bolsa de 250 g.;1,41
Pistachos tostados;Carrefour;bolsa de 100 g.;0,95
Pistachos tostados;Carrefour;bolsa de 250 g.;2,40
Pistachos tostados;Carrefour;bolsa de 500 g.;4,66
Pistachos tostados y salados;Borges;bolsa de 250 g.;3,04
Pistacho tostado y salado;Borges;bolsa de 400 g.;5,05
Pistachos de Irán;Eagle;bolsa de 100 g.;1,27
Pistachos de Irán;Eagle;lata de 250 g.;1,89
Cacahuetes fritos y salados;Borges;bolsa de 100 g.;0,80
Cacahuetes con miel;Borges;bolsa de 100 g.;0,85
Ciruelas con hueso de California;Borges;caja de 500 g.;3,48
Bio-Fibras con cereales;Danone;4 unidades de 125 g.;1,49
Bio Calcio con fresas;Nestlé;4 unidades de 125 g.;1,49
Bio Calcio con melocotón y cereales;Nestlé;4 unidades de 125 g.;1,49
Bio desnatado con ciruela;Danone;4 unidades de 125 g.;1,61
Bio Calcio desnatado con cereales;Nestlé;4 unidades de 125 g.;1,49
Bio Calcio desnatado con piña;Nestlé;4 unidades de 125 g.;1,49
Bio natural azucarado para beber;Danone;4 botellas de 150 g.;2,29
Bio sabor a fresa para beber;Danone;4 botellas de 150 g.;2,29
Bio Calcio líquido natural azucarado;Nestlé;4 unidades 200 g.;2,06
Bio Calcio líquido con pulpa de fresa;Nestlé;4 unidades de 125 g.;2,06
Bio Calcio líquido con manzana y cereales;Nestlé;4 unidades de 200 g.;1,99
Bio Vital Active desnatado con fibra, fresa y frambuesa;Clesa;botella de 1 l.;1,79
Bio Vital Active desnatado con fibra, naranja y mandarina;Clesa;botella de 1 l.;1,79
Bio Vital Active desnatado con fibra y vitaminas, natural;Clesa;botella de 1 l.;1,79
Bio líquido sabor a fresa;Clesa;botella de 1,5 l.;2,05
Bio líquido sabor a limón;Clesa;botella de 1,5 l.;2,05
Bio líquido natural azucarado;Clesa;botella de 1,5 l.;2,05
Bio Natural;Danone;4 unidades de 125 g.;1,39
Bio Cremoso;Danone;4 unidades de 125 g.;1,66
Bio Calcio natural;Nestlé;4 unidades de 125 g.;1,49
Bio desnatado con ciruela;Danone;4 unidades de 125 g.;1,61
Bio Calcio desnatado con cereales;Nestlé;4 unidades de 125 g.;1,49
Bio Calcio desnatado con piña;Nestlé;4 unidades de 125 g.;1,49
Yoghourt desnatado con fresas Vitalínea;Danone;4 unidades de 125 g.;1,54
Yoghourt desnatado cremoso con fresa Vitalínea;Danone;4 unidades de 125g.;1,49
Yoghourt desnatado Cremoso de melocotón Vitalínea;Danone;4 unidades de 125 g.;1,49
Yoghourt desnatado con manzana Vitalínea;Danone;4 unidades de 125 g.;1,54
Yoghourt desnatado con melocotón Vitalínea;Danone;4 unidades de 125 g.;1,54
Yoghourt desnatado con piña Vitalínea;Danone;4 unidades de 125 g.;1,54
Yogur desnatado Duo de Frutas Sveltesse;Nestlé;4 unidades de 125 g.;1,52
Yogur desnatado con fresas Sveltesse;Nestlé;4 unidades de 125 g.;1,52
Yogur desnatado con kiwi y manzana Sveltesse;Nestlé;4 unidades 125 g;1,52
Yogourt desnatado con melocotón Sveltesse;Nestlé;4 unidades de 125 g.;1,52
Yogur desnatado con muesli Sveltesse;Nestlé;4 unidades de 125 g.;1,52
Yogourt desnatado con uva y  cereales Sveltesse;Nestlé;4 unidades de 125 g.;1,52
Sveltesse Fruta y Leche de melocotón;Nestlé;botella de 720 ml.;2,36
Yogur desnatado batido con fresa Vitalinea;Danone;4 unidades de 165 g.;2,22
Yogur desnatado batido con piña Vitalinea;Danone;4 unidades de 165 g.;2,22
Yogur desnatado para beber con fresa Sveltesse;Nestlé;4 unidades de 200 g.;2,09
Yogur desnatado para beber con melocotón Sveltesse;Nestlé;4 unidades de 200 g.;2,09
Yoghourt natural desnatado Vitalínea;Danone;4 unidades de 125 g.;1,46
Yoghourt natural desnatado  Sveltesse;Nestlé;4 unidades de 125 g.;1,15
Yoghourt desnatado fresa Vitalínea;Danone;4 unidades de 125 g.;1,49
Yoghourt desnatado Cremoso de melocotón Vitalínea;Danone;4 unidades de 125 g.;1,49
Yoghourt desnatado de fresa Sveltesse;Nestlé;4 unidades de 125 g.;1,35
Yoghourt desnatado de limón Sveltesse;Nestlé;4 unidades de 125 g.;1,35
Bio con ciruelas;Danone;4 unidades de 125 g.;1,49
Bio Calcio con fresas;Nestlé;4 unidades de 125 g.;1,49
Bio Calcio con melocotón y cereales;Nestlé;4 unidades de 125 g.;1,49
Yoghourt desnatado con fresas Vitalínea;Danone;4 unidades de 125 g.;1,54
Yoghourt desnatado cremoso con fresa Vitalínea;Danone;4 unidades de 125g.;1,49
Yoghourt desnatado Cremoso de melocotón Vitalínea;Danone;4 unidades de 125 g.;1,49
Yoghourt desnatado con manzana Vitalínea;Danone;4 unidades de 125 g.;1,54
Yoghourt desnatado con melocotón Vitalínea;Danone;4 unidades de 125 g.;1,54
Yoghourt desnatado con piña Vitalínea;Danone;4 unidades de 125 g.;1,54
Yogur desnatado Duo de Frutas Sveltesse;Nestlé;4 unidades de 125 g.;1,52
Yogur desnatado con fresas Sveltesse;Nestlé;4 unidades de 125 g.;1,52
Yogur desnatado con kiwi y manzana Sveltesse;Nestlé;4 unidades 125 g;1,52
Yogourt desnatado con melocotón Sveltesse;Nestlé;4 unidades de 125 g.;1,52
Yogur desnatado con muesli Sveltesse;Nestlé;4 unidades de 125 g.;1,52
Yogourt desnatado con uva y  cereales Sveltesse;Nestlé;4 unidades de 125 g.;1,52
Yogur con fruta triturada sabor coco;Danone;4 unidades de 125 g.;1,13
Yogurt con fruta triturada sabor Fresa;Danone;4 unidades de 125 g.;1,13
Yogur con fruta triturada sabor fresa plátano;Danone;4 unidades de 125 g.;1,13
Yogurt con fruta triturada sabor Melocotón;Danone;4 unidades de 125 g.;1,13
La Selección de yoghourt con fresas tempranas;Danone;4 unidades de 125 g.;1,30
La Selección de yoghourt con nuestra Macedonia;Danone;4 unidades de 125 g.;1,30
La Selección de yoghourt con piña del Pacífico;Danone;4 unidades de 125 g.;1,30
Bio natural azucarado para beber;Danone;4 botellas de 150 g.;2,29
Bio sabor a fresa para beber;Danone;4 botellas de 150 g.;2,29
Bio Calcio líquido natural azucarado;Nestlé;4 unidades 200 g.;2,06
Bio Calcio líquido con pulpa de fresa;Nestlé;4 unidades de 125 g.;2,06
Bio Calcio líquido con manzana y cereales;Nestlé;4 unidades de 200 g.;1,99
Bio líquido sabor a fresa;Clesa;botella de 1,5 l.;2,05
Bio líquido sabor fresa y plátano con bifídus;Clesa;botella de 1,5 l.;1,99
Bio líquido sabor a limón;Clesa;botella de 1,5 l.;2,05
Bio líquido natural azucarado;Clesa;botella de 1,5 l.;2,05
Sveltesse Fruta y Leche de melocotón;Nestlé;botella de 720 ml.;2,36
Yogur desnatado batido con fresa Vitalinea;Danone;4 unidades de 165 g.;2,22
Yogur desnatado batido con piña Vitalinea;Danone;4 unidades de 165 g.;2,22
Yogur desnatado para beber con fresa Sveltesse;Nestlé;4 unidades de 200 g.;2,09
Yogur desnatado para beber con melocotón Sveltesse;Nestlé;4 unidades de 200 g.;2,09
Dan'up natural con azúcar;Danone;botella de 600 g.;1,59
Dan'up con melocotón y maracuyá;Danone;botella de 600 g.;1,59
Dan'up con fresas;Danone;botella de 600 g.;1,59
Dan'up con plátano y fresa;Danone;botella de 600 g.;1,59
Dan'up con piña y coco;Danone;botella de 600 g.;1,59
Dan'up con fresas;Danone;4 botellas de 180 g.;2,12
Dan'up con plátano y fresas;Danone;4 botellas de 180 g.;2,12
Yoco con frutas sin trozos, fresa y plátano;Nestlé;6 unidades de 100 g.;1,90
Actimel natural desnatado para beber;Danone;6 unidades de 125 g.;2,75
Actimel natural para beber;Danone;6 unidades de 93,7 ml.;2,75
Actimel con naranja para beber;Danone;6 unidades de 93 ml.;2,75
Lc1 azucarado;Nestlé;4 unidades de 200 g.;2,35
Lc1 sabor fresa;Nestlé;4 unidades de 200 g.;2,35
Boules au praliné;Ménestrel;caja de 500 g.;4,78
Láminas de crema de menta recubiertas de chocolate;After Eight;caja de 200 g.;2,99
Bombones extrafinos;Doña Jimena;caja de 375 g.;4,65
Bombones;Ferrero Rocher;caja 5 unidades.;1,50
Bombones;Ferrero Rocher;caja de 200 g., 16 unidades.;3,50
Bombones;Ferrero Rocher;caja de 300 g., 24 unidades.;5,36
Bombones;Ferrero Rocher;caja de 375 g., 30 unidades.;6,99
Bombones;Ferrero Prestige;caja de 295 g.;6,99
Laminas de chocolate con leche;Lindt;caja de 125 g.;3,06
Laminas de chocolate con leche con aroma de naranja;Lindt;caja de 125 g.;3,06
Bombones;Mon Chéri;caja de 150 g., 15 unidades.;3,30
Bombones;Mon Chéri;caja de 168 g., 16 unidades.;4,11
Surtido de bombones de relleno cremoso;Lindor de Lindt;caja de 275 g.;7,51
Bombones de chocolate con leche y relleno cremoso;Lindt;caja de 275 g.;7,95
Bombón de chocolate blanco con relleno cremoso;Lindt;caja de 215 g.;5,45
Pralinés;Toblerone;caja de 400 g.;8,00
Bombones rellenos de cereza al brandy;Weinbrand Kirschen;caja de 300 g.;3,72
Bombones;Mon Chéri;caja de 150 g., 15 unidades.;3,30
Bombones;Mon Chéri;caja de 168 g., 16 unidades.;6,99
Bombones rellenos de licor;Weinbrand-Bohnen;caja de 400 g.;3,60
Pralines de avellana sin azúcar sin fructosa;Doña Jimena;caja de 85 g.;1,59
Pralines de café sin azúcar sin fructosa;Doña Jimena;caja de 85 g.;1,59
Pralines de  mousse sin azúcar sin fructosa;Doña Jimena;caja de 85 g.;1,59
Bombón surtido Gran Selection;Menestrel;caja de 195 g.;2,55
Bombón surtido Gran Selection;Menestrel;caja de 385 g.;4,78
Bombón surtido Gran Selection;Menestrel;caja de 250 g.;3,16
Bombón surtido Gran Selection;Menestrel;caja de 500 g.;5,86
Bombón surtido Gran Selection;Menestrel;caja de 770 g.;8,26
Bombón surtido Selection;Ménestrel;caja de 250 g.;2,99
Bombón surtido Selection;Ménestrel;caja de 500 g.;5,86
Surtido de chocolates Belgas;Ménestrel;caja de 250 g.;3,28
Bombones Milk Tray;Cadbury;caja de 225 g.;4,73
Surtido de chocolates y bombones;Doña Jimena;caja de 500 g.;6,15
Bombones;Ferrero Prestige;caja de 295 g.;6,99
Bombones surtidos de chocolate Caja Roja;Nestlé;caja de 200 g.;4,30
Bombones surtidos de chocolate Caja Roja;Nestlé;caja de 400 g.;7,40
Bombones surtidos de chocolate Caja Roja;Nestlé;caja de 800 g.;14,39
Bombones surtidos de chocolate Caja Roja;Nestlé;lata de 250 g.;6,99
Bombones surtidos de chocolate Caja Roja;Nestlé;lata de 400 g.;8,86
Bombones surtidos de chocolate Caja Roja;Nestlé;lata de 500 g.;11,00
Bombones surtidos de chocolate Caja Roja 2003;Nestlé;lata de 750 g.;13,37
Bombones surtidos de chocolate Caja Roja;Nestlé;pirámide de 200 g.;4,25
Bombones surtidos de chocolate negro Serie Noir;Nestlé;caja de 200 g.;4,60
"Bombones cortados ""Uña""";Lacasa;caja de 180 g.;3,50
Bombones minicortados Uña;Lacasa;caja de  200 g.;3,15
Minipralinés Uña;Lacasa;caja de 200 g.;3,15
Bombones surtidos de chocolate;Lindt;caja de 350 g.;7,18
Bombones surtidos Champs-Élysées;Lindt;lata de 395 g.;11,37
Bombones surtidos Champs - Élysées;Lindt;caja de 445 g.;8,50
Bombones surtidos Champs - Élysées;Lindt;caja de 1 kg.;17,40
Bombones surtidos;Valor;caja de 63 g.;1,61
Bombones Chocolatissimo;Valor;caja de 165 g.;3,26
Bombones Surtidos;Valor;bombonera huevo de 315 g.;6,15
Bombones surtidos Chocolatissimo;Valor;lata de 350 g.;7,48
Bombones Selección de oro;Valor;caja de 275 g.;6,35
Bombones selección de Oro Gold Seletion;Valor;caja de 400 g.;7,48
Almendras de Navidad;E.Moreno;bolsa de 250 g.;1,65
Almendras rellenas de chocolate;E.Moreno;bolsa de 250 g.;1,89
Bolitas de coco;La Estepeña;caja de 400 g.;2,31
Huesos de Santo de Sonseca - Toledo;Donaire;caja de 200 g.;2,79
Pasteles de Gloria;Delaviuda;caja de 300 g.;3,35
Pasteles de yema;Delaviuda;caja de 300 g.;3,55
Pasteles de yema de Sonseca - Toledo;Donaire;caja de 200 g.;2,59
Roscos finos de vino y almendra;La Estepeña;caja de 375 g.;3,25
Roscos de vino;E.Moreno;caja de 300 g.;1,75
Gran Bandeja Gala de Navidad;Doña Jimena;caja de 400 g.;6,15
"Surtido Sano &amp; Natural";Doña Jimena Ligera;caja de 400 g.;4,19
"Surtido Los más ""Pequeñitos""";E.Moreno;bolsa de 300 g.;2,69
Surtido tradicional Los Exquisitos;E.Moreno;caja de 400 g.;5,75
Selección de Especialidades;El Mesias;caja de 1800 g.;6,89
Confiteria y pasteleria, surtido;La Estepeña;caja de 500 g.;5,19
Surtido de polvorones;La Estepeña;caja de 800 g.;6,19
Pastas artesanas surtidas;Reglero;lata de 1000 g.;4,79
Almendras rellenas de chocolate;E.Moreno;bolsa de 250 g.;1,89
Pasteles de Gloria;Delaviuda;caja de 300 g.;3,35
Surtido tradicional Los Exquisitos;E.Moreno;caja de 400 g.;5,75
Confiteria y pasteleria, surtido;La Estepeña;caja de 500 g.;5,19
Figuritas de mazapán;La Bruja;caja de 150 g.;1,46
Figuritas de mazapán;Delaviuda;caja de 400 g.;3,65
Mazapán de Soto de Sonseca - Toledo;Donaire;caja de 400 g.;3,99
Mazapanes de convento;Doña Jimena;caja de 300 g.;3,32
Pan de Cádiz;De Nuestra Tierra;caja de 300 g.;3,95
Pan de Cádiz;La Bruja;caja de 300 g.;3,10
Alfajores de almendra;E.Moreno;caja de 300 g.;3,45
Gran Bandeja Gala de Navidad;Doña Jimena;caja de 400 g.;6,15
"Surtido Sano &amp; Natural";Doña Jimena Ligera;caja de 400 g.;4,19
"Surtido de mantecados y polvorones ""El Ruiseñor""";E.Moreno;caja de 600 g.;2,15
"Surtido Los más ""Pequeñitos""";E.Moreno;bolsa de 300 g.;2,69
Surtido tradicional Los Exquisitos;E.Moreno;caja de 400 g.;5,75
Selección de Especialidades;El Mesias;caja de 1800 g.;6,89
Confiteria y pasteleria, surtido;La Estepeña;caja de 500 g.;5,19
Surtido de polvorones;La Estepeña;caja de 800 g.;6,19
Marquesas;Delaviuda;caja de 12 unidades, 250 g.;2,75
Polvorón;El Mesías;bolsa de 300 g.;1,35
Polvorón tradicional;La Estepeña;caja de 800 g.;3,35
Polvorón tradicional sin azúcar;La Estepeña;caja de 350 g.;6,19
Pralines de avellana sin azúcar sin fructosa;Doña Jimena;caja de 85 g.;1,59
Pralines de café sin azúcar sin fructosa;Doña Jimena;caja de 85 g.;1,59
Pralines de  mousse sin azúcar sin fructosa;Doña Jimena;caja de 85 g.;1,59
Polvorón tradicional sin azúcar;La Estepeña;caja de 350 g.;2,45
Turrón Imperial sin azúcar;El Almendro;tableta de 200 g.;2,99
Turrón de chocolate crujiente sin azúcar;Bio Century;tableta de 200 g.;2,31
Turrón trufado a la naranja con efecto bífido;Bio Century;tableta de 200 g.;2,70
Turrón de yema quemada;Bio Century;tableta de 200 g.;3,15
Turrón al yogurt con frambruesa con efecto bífido;Bio Century;tableta de 200 g.;3,10
Turrón de Alicante;Carrefour;tableta de 300 g.;2,18
Turrón Imperial sin azúcar;El Almendro;tableta de 200 g.;2,99
Turrón de Alicante;Antiu Xixona;2 tabletas, 300 g.;2,75
Turrón de Alicante;La Fama;tableta de 200 g.;1,59
Turrón de chocolate crujiente;Carrefour;tableta de 300 g.;0,99
Turrón chocolate crujiente sin azúcar;El Almendro;tableta de 200 g.;2,45
Turrón crocanti con chocolate;El Almendro;tableta de 200 g.;2,82
Turrón de chocolate;La Bruja;tableta de 200 g.;0,99
Turrón de chocolate crujiente sin azúcar;Bio Century;tableta de 200 g.;2,31
Turrón de chocolate blanco con almendras;Delaviuda;tableta de 200 g.;2,37
Turrón  de chocolate con almendras;Delaviuda;tableta de 300 g.;2,79
Turrón de chocolate con barquillo;Delaviuda;tableta de 300 g.;1,86
Turrón de chocolate con Smacks de Kellogg's;Delaviuda;tableta de 200 g.;2,55
Turrón dos chocolates con choco-krispies de Kellogg´s;Delaviuda;tableta de 300 g.;2,79
Turrón de chocolate;Delaviuda;tableta de 300 g.;1,32
Turrón de chocolate crujiente;Lacasa;tableta de 300 g.;2,45
Turrón de chocolate con conguitos;Lacasa;tableta de 200 g.;2,64
Turrón de chocolate con almendras enteras;Suchard;tableta de 300 g.;2,69
Turrón al caramelo;El Almendro;barra de 150 g.;2,34
Turrón crocanti con chocolate;El Almendro;tableta de 200 g.;2,82
Turrón de Jijona;De Nuestra Tierra;tableta de 300 g.;4,50
Turrón a la Piedra;De Nuestra Tierra;tableta de 300 g.;3,85
Turrón de Jijona;El Almendro;tableta de 300 g.;2,95
Turrón de Jijona;Antiu Xixona;tableta de 300 g.;2,75
Turrón de Jijona;La Fama;tableta de 200 g.;1,59
Turrón nata nuez;El Almendro;tableta de 300 g.;3,35
Turrón de bombón;Delaviuda;tableta de 300 g.;2,75
Praliné de chocolate y almendras;Lacasa;tableta de 300 g.;3,49
Praliné de chocolate y frutos secos precortado;Lacasa;tableta de 200 g.;2,64
Turrón al yogurt con frambruesa con efecto bífido;Bio Century;tableta de 200 g.;3,10
Turrón trufado a la naranja con efecto bífido;Bio Century;tableta de 200 g.;2,70
Praliné de queso con arándanos;Lacasa;tableta de 300 g.;3,19
Turrón de nata y fresa;Lacasa;tableta de 300 g.;3,45
Praliné bombón de licor;Lacasa;tableta de 300 g.;3,45
Praliné de piñones y pasas al ron;Lacasa;tableta de 300 g.;3,10
Selección de Turrones;Lacasa;caja de 300 g.;3,45
Praliné turrón de trufa blanca con toffe;Lacasa;tableta de 300 g.;2,99
Turrón al yogurt con frambruesa con efecto bífido;Bio Century;tableta de 200 g.;3,10
Turrón trufado a la naranja con efecto bífido;Bio Century;tableta de 200 g.;2,70
Turrón tarta de Santiago;Delaviuda;tableta de 200 g.;2,64
Praliné de chocolate - Coctel Caipirinha;Doña Jimena;caja de 200 g.;2,45
Praliné de chocolate - Coctel de piña colada;Doña Jimena;caja de 200 g.;2,69
Praliné de queso con arándanos;Lacasa;tableta de 300 g.;3,19
Praliné turrón de trufa blanca con toffe;Lacasa;tableta de 300 g.;2,99
Turrón de arroz con leche;Lacasa;tableta de 200 g.;2,64
Turrón de café;Lacasa;tableta de 300 g.;2,70
Turrón de crema Catalana;Lacasa;tableta de 300 g.;2,70
Turrón de nata y chocolate;Lacasa;tableta de 300 g.;2,99
Turrón de nata y fresa;Lacasa;tableta de 300 g.;3,45
Turrón de Tiramisú;Lacasa;tableta de 200 g.;2,64
Turrón yema tostada;El Almendro;tableta de 300 g.;3,05
Turrón de yema quemada;Bio Century;tableta de 200 g.;3,15
Turrón yema tostada;La Bruja;tableta de 200 g.;1,55
Torta de turrón de Alicante;El Almendro;caja de 200 g.;2,99
Torta de turrón de Alicante;El Almendro;lata de 3 unidades, 600 g. (p.neto);9,29
Torta de chocolate blanco con frutos secos;Delaviuda;caja de 200 g.;2,91
Torta de chocolate con leche y frutos secos;Delaviuda;caja de 200 g.;2,91
Selección de tortas de praliné 3 chocolates con frutos secos;Lacasa;caja de 200 g.;2,65
Galletas María;Carrefour;paquete de 600 g.;0,65
Galletas María;Carrefour;caja de 1800 g., 9 paquetes.;1,80
Galletas María Dorada;Carrefour;3 paquetes de 200 g.;0,55
Galletas María al cacao;Carrefour;caja de 720 g.;1,32
Galletas María;Fontaneda;caja de 800 g.;1,32
Galletas María oro;Cuétara;paquete de 675 g.;1,27
Galletas María Ilustrada;Fontaneda;caja de 800 g.;1,83
Galletas doradas al horno;Flora;caja de 400 g.;0,85
Galletas doradas al horno;Flora;caja de 450 g.;1,04
Galletas María con más leche;Gullón;caja de 800 g.;1,28
Galletas doradas Creme Tropical;Gullón;caja de 800 g.;1,41
Galletas María sin azúcar Diet Nature;Gullon;caja de 400 g.;1,47
Galletas María dorada;Marbú;caja de 400 g. 2 paquetes;0,87
Galletas María dorada;Marbú;caja de 800 g., 4 paquetes.;1,05
Galletas con fibra integral;Cuétara;caja de 600 g.;1,74
Galletas María Integral;Gullon;caja de 600 g.;1,50
Galletas María integral;Fontaneda;caja de 800 g.;1,86
Galletas maría Fibra;Marbú;caja de 800 g.;1,89
Galletas María Ligera integral con fibra de fruta;Gullón;caja de 525 g.;1,74
Galletas María Ligera sin azúcar y sin sal;Gullón;caja de 600 g.;1,68
Galletas María Ligera sin gluten y sin lactosa;Gullón;caja de 525 g.;1,83
Tosta Rica;Cuétara;paquete de 675 g.;1,80
Galleta Petit Energy;Rio;caja de 600 g.;1,79
Galleta tostada The Simpsons;Siro;paquete de 600 g.;1,20
Galletas tostadas;Petit Rio;paquete de 800 g.;1,23
Galletas Suprema;Carrefour;caja de 700 g., 3 paquetes.;1,98
Galletas rica en fibra Digesta;Artiach;caja de 290 g.;1,11
Galletas de hojaldre Princesa;Artiach;caja de 125 g.;0,63
Palmeras de tipo hojaldrado;Rio;bolsa de 300 g.;0,89
Galletas de cereales ositos con miel Chiquilín;Artiach;caja de 500 g.;2,03
Galletas rellenas de copos de maíz;Flakes de Cuétara;paquete de 600 g.;2,40
Galletas rellenas de arroz chocolateado;Choco Flakes de Cuétara;caja de 600 g.;2,41
Napolitanas con canela;Cuétara;caja de 500 g.;1,33
Galletas de cereales Darvida;Gullón;caja de 800 g.;1,69
Galletas de frutas Darvida;Gullón;caja de 800 g.;1,69
Galletas Delicias;Flora;paquete de 200 g.;0,70
Galleta Girasol;Rio;caja de 600 g.;1,40
Galletas de desayuno;Vitalinea de Lu;caja de 450 g., 3 paquetes.;1,47
Yayitas desayuno de chocolate y 5 cereales;Lu;caja de 400 g.;1,32
Yayitas desayuno doradas al horno;Lu;caja de 600 g.;1,24
Yayitas desayuno integral y 5 cereales;Lu;caja de 410 g.;1,19
Yayitas hechas con miel;Lu;paquete de  250 g.;0,98
Yayitas hechas con manzana;Lu;paquete de 250 g.;0,98
Galletas de cereales con vitaminas Dinosaurus;Lu;caja de 185 g.;0,79
Galletas de trigo Digestive;Mc. Vitie's;caja de 800 g.;1,69
Galletas multivitaminadas chocolate blanco;Bio Century;caja de 250 g.;3,41
Galletas multivitaminadas con chocolate negro;Bio Century;caja de 250 g.;3,41
Galletas multivitaminadas con efecto bífido;Bio Century;caja de 250 g., 10 uds.;3,96
Galletas multivitaminadas de muesli;Bio Century;caja de 210 g.;1,69
Galletas de leche-chocolate;Gerblé;paquete de 230 g., 20 unidades;1,68
Galletas de muesli;Gerblé;paquete de 290 g., 20 unidades;1,68
Galletas con sésamo;Gerblé;paquete de 230 g., 20 unidades;1,64
Galletas crujientes con chocolate negro;Gerlínea;paquete de 240 g., 12 unidades;3,00
Galletas María sin azúcar Diet Nature;Gullon;caja de 400 g.;1,47
Galletas con calcio sin azúcar Diet Nature;Gullon;caja de 200 g.;1,40
Galletas doradas al horno sin azúcar Diet Nature;Gullón;caja de 330 g.;2,09
Galletas artesanas integrales con cereales;Santiveri;bolsa de 180 g.;1,15
Galletas fibromaría;Santiveri;paquete de 175 g.;1,00
Galletas integrales;Santiveri;paquete de 175 g.;1,00
Galletas María;Santiveri;paquete de 180 g.;0,85
Galletas muesli;Santiveri;paquete de 185 g.;0,90
Galletas rellenas de cacao;Santiveri;paquete de 150 g.;1,94
Gallletas rellenas de nata;Santiveri;paquete de 150 g.;1,94
Galleta digestives con chocolate con fibra;Carrefour;paquete de 300 g.;0,87
Galletas dietéticas;Biosan;caja de 600 g.;2,10
Galletas con Omega 3 y aceite de oliva;Biosan A;caja de 400 g.;1,98
Galleta 0% Azúcares Más Sana;Cuétara;bolsa de 175 g.;1,53
Galletas con leche y calcio;Biosan Calcio;caja de 400 g.;1,98
Galletas F-Plus Factor 3;Cuétara;caja de 550 g.;2,24
Galletas Delicias;Flora;paquete de 200 g.;0,70
Galletas de fibra;Flora;paquete de 185 g.;0,83
Galletas de fruta y fibra  con pasas y naranja;Flora;caja de 125 g.;0,83
Galletas Diet-Fibra bioactivas sin azúcar;Gullón;caja de 250 g.;1,02
Galletas Diet-Fibra 3 fibras;Gullón;caja de 250 g.;1,02
Galletas Diet-Fibra de chocolate;Gullón;caja de 250 g.;1,02
Galletas integrales Bio Calcio;Gullón;caja de 250 g.;1,19
Galletas integrales de copos de avena y pasas;Gullón;caja de 250 g.;1,19
Galletas María sin azúcar Diet Nature;Gullon;caja de 400 g.;1,47
Galletas con calcio sin azúcar Diet Nature;Gullon;caja de 200 g.;1,40
Galletas doradas al horno sin azúcar Diet Nature;Gullón;caja de 330 g.;2,09
Galletas crujientes integrales con avena Hob-Nobs;Mc. Vitie's;caja de 300 g.;1,49
Caramelos duros refrescantes, Menta;Carrefour;bolsa de 150 g.;1,05
Caramelos duro con vitamina C sabor limón;Carrefour;bolsa de 150 g.;1,05
Caramelos de eucalipto mentolado;Halls;bolsa de 4 paquetes.;2,16
Caramelos de miel y limón;Halls;bolsa de 4 paquetes.;2,16
Caramelos de miel y limón;Halls;bolsa de 111 g.;1,53
Caramelos de eucalipto mentolado;Halls;bolsa de 111 g.;1,53
Caramelos duros de menta fresca sabor suave;Mentolín;bolsa de 150 g.;1,42
Caramelos mentol-eucaliptus;Refrescol de Virginias;bolsa de 130 g.;1,17
Caramelos duros limón mentol;Respiral;bolsa de 350 g.;1,90
Caramelos Duro Refrescante Mentol;Respiral;bolsa de 350 g.;1,90
Caramelo duro refrescante Mentol Eucaliptus;Respiral;bolsa de 150 g.;0,98
Caramelo Duro Refrescante Miel-Mentol;Respiral;bolsa de 350 g.;1,90
Caramelo Duro Refrescante Regaliz;Respiral;bolsa de 350 g.;1,90
Caramelos blandos de café con leche;Carrefour;bolsa de 150 g.;1,05
Caramelos toffee nata;Solano;bolsa de 500 g.;2,34
Caramelos corazón tradicional sabor crema sin azúcar;Solano;bolsa de 94 g.;1,15
Caramelos sabores surtidos;Chupa Chups;bolsa de 10 unidades.;1,25
"Caramelo con sabor a fresa ""AnimAtrix""";Chupa Chups;1 unidad.;1,15
"Caramelos con sabor a fruta rellenos de chicle ""Max Gum""";Chupa Chups;bolsa de 7 uds, 126 g.;1,29
Caramelos de sabores surtidos;Chupa Chups;lata de 8 unidades, 98,4 g.;4,75
Caramelos de sabores surtidos;Chupa Chups;mochila de 315 g., 25 unidades.;8,45
"Caramelo con sabor a fresa ""Tool-Pop""";Chupa Chups;1 unidad;2,49
Torcidas sabor fresa;Damel;bolsa de 170 g.;1,19
Torcidas sabor regaliz;Damel;bolsa de 170 g.;1,19
Rotella Zigoto;Haribo;bolsa de 200 g.;1,49
Caramelos blandos con sabor a frutas;Sugus;bolsa de 400 g.;2,27
Caramelos blandos con sabor a frutas;Sugus;bolsa de 1 kg.;4,15
Caramelos de naranja-limón sin azúcar;Carrefour;bolsa de 90 g.;1,05
Caramelos de menta sin azúcar;Carrefour;bolsa de 90 g.;1,05
Caramelos de goma sin azúcar, con edulcorantes Gummy;Dulciora;bolsa de 100 g.;1,05
Caramelos de goma sabor a limón sin azúcar;Dietorelle;bolsa de 50 g.;1,05
Caramelos de goma sabor a menta sin azúcar;Dietorelle;bolsa de 50 g.;1,05
Caramelos de goma sabor a naranja sin azúcar;Dietorelle;bolsa de 50 g.;1,05
Caramelos de goma sabor a regaliz sin azúcar;Dietorelle;bolsa de 50 g.;1,05
Caramelos sin azúcar de fresa mentolada;Halls;bolsa de 4 paquetes.;2,16
Caramelos sin azúcar de eucalipto mentolado;Halls;bolsa de 4 paquetes.;2,16
Caramelos duros sin azúcar, mentol y eucalipto;Halls;bolsa de 76 g.;1,32
Caramelos sin azúcar Vita- C;Halls;bolsa de 76 g.;1,52
Caramelos sin azúcar Vita- C;Halls;bolsa de 4 paquetes.;2,16
Caramelos duros menta fresca sin azúcar sabor suave;Mentolín;bolsa de 107 g.;1,20
Caramelo de frutas silvestres sin azúcar;Smint;2 dosificadores de 40 pastillas;2,34
Caramelo de limón sin azúcar;Smint;1 dosificador de 40 pastillas.;1,32
Caramelo de melocotón sin azúcar;Smint;2 dosificadores de 40 pastillas;2,34
Caramelo de menta sin azúcar;Smint;1 dosificador de 40 pastillas.;1,32
Caramelo de menta sin azúcar;Smint;2 dosificadores de 40 pastillas;2,34
Caramelo de peppermint sin azúcar;Smint;1 dosificador de 40 pastillas.;1,32
Caramelos corazón tradicional sabor crema sin azúcar;Solano;bolsa de 94 g.;1,15
Caramelos duros refrescantes rellenos de frutas;Carrefour;bolsa de 1 kg.;3,23
Caramelos surtidos;Carrefour;bolsa de 1 kg.;3,23
Caramelos de sabores variados;Harry Potter;caja de 45 g.;0,60
Caramelos dobles 6 sabores;Virginias;bolsa de 180 g.;1,35
Caramelos duros doble sabor a frutas;Virginias;bolsa de 1 Kg.;5,30
Panecillos hamburguesa con semillas sésamo Burger;Bimbo;bolsa de 8 unidades, 440 g;1,95
Pan hamburguesa Brook's American Burguer XXL;Panrico;bolsa de 2 unidades.;0,56
Panecillos hamburguesa con semillas sésamo Maxi Burger;Bimbo;bolsa de 4 ud., 300 g;1,15
Pan integral Primera Línea;Panrico;bolsa de 475 g.;1,35
Pan de molde 10 Cereales y Semillas Primera Línea;Panrico;bolsa de 570 g.;1,35
Pan de molde Semilla de Oro Inglés integral;Bimbo;paquete de 650 g.;1,57
Barrita de pan de molde integral Semilla de Oro;Bimbo;bolsa de 250 gr.;1,23
Pan de molde integral familiar, Silueta;Bimbo;paquete de 600 g.;1,32
Pan de molde integral 8 cereales y semillas, Silueta;Bimbo;paquete de  300 g.;1,39
Pan molde integral con 8 cereales y semillas, Silueta;Bimbo;paquete de  600 g.;2,07
Pan de molde integral con fibra, Silueta;Bimbo;paquete de 300 g.;1,39
Pan de molde integral Silueta de Horno;Bimbo;paquete de 500 g.;1,83
Pan de molde integral sin corteza Silueta;Bimbo;bolsa de 450 g.;2,25
Pan especial Integral de centeno y trigo Katenbrot;Bimbo;bolsa de 500 g.;2,06
Pan especial integral de centeno con linaza Leisambrot;Bimbo;bolsa de 500 g.;2,06
Pan de molde integral American Sanwich;Brook's de Panrico;paquete de 550 g.;1,65
Pan de molde pequeño;Bimbo;bolsa de 295 g.;1,15
Pan de molde sandwich familiar;Bimbo;paquete de 770 g.;1,29
Pan de molde sandwich grande;Bimbo;paquete de 545 g.;1,49
Pan de molde super ahorro;Panrico;paquete de 770 g.;1,65
Pan de molde sandwich;Panrico;bolsa de 600 g.;1,60
Pan de molde;Panrico;paquete de 475 g.;1,35
Pan molde American Sandwich;Brook's de Panrico;paquete de 550 g.;1,55
Barrita de pan de molde Semilla de Oro;Bimbo;bolsa de 250 g.;1,23
Barrita de pan de molde integral Semilla de Oro;Bimbo;bolsa de 250 gr.;1,23
Pan de molde sin corteza;Bimbo;paquete de 475 g.;1,89
Pan de molde integral sin corteza Silueta;Bimbo;bolsa de 450 g.;2,25
Pan de molde Semilla de Oro Inglés;Bimbo;paquete de 650 g.;1,59
Pan de molde rústico Semilla de Oro;Bimbo;paquete de 675 g.;1,69
Pan sandwich familiar especial tostada;Bimbo;bolsa de 770 g.;1,56
Pan especial Integral de centeno y trigo Katenbrot;Bimbo;bolsa de 500 g.;2,06
Pan especial integral de centeno con linaza Leisambrot;Bimbo;bolsa de 500 g.;2,06
Pan tostado normal;Carrefour;bolsa de 30 unidades, 270 g.;0,69
Biscottes normales;Carrefour;bolsa de 100 unidades, 750 g.;1,80
Pan tostado normal;Recondo;paquete de 30 tostadas, 270 g.;1,02
Pan tostado normal;Recondo;bolsa de 100 rebanadas, 900 g.;0,69
Biscottes integrales;Carrefour;bolsa de 100 unidades, 750 g.;1,80
Pan tostado integral;Ortiz;bolsa de 30 rebanadas, 270 g.;1,08
Pan tostado integral;Recondo;bolsa de 30 tostadas, 270 g.;1,02
Pan tostado integral;Recondo;bolsa de 100 rebanadas, 900 g.;0,69
Biscottes sin sal;Carrefour;bolsa de 100 unidades, 750 g.;1,80
Pan tostado tradicional;Ortiz;bolsa de 270 g.;1,08
Pan tostado tradicional sin sal;Ortiz;bolsa de 270 g.;1,08
Pan tostado sin sal y sin azúcar;Recondo;bolsa de 30 tostadas, 270 g.;1,02
Pan tostado sin sal y sin azúcar;Recondo;bolsa de 100 rebanadas, 900 g.;1,97
Pan tostado fibra con 10 cereales;Recondo;paquete de 30 unidades, 270 g.;1,02
Tostadas Canapé cuadradas;Recondo;caja de 100 g.;0,93
Pan tostado sin sal, sin azúcar y sin grasa;Recondo;bolsa de 30 tostadas, 270 g.;1,25
Pan tostado de Chapata;Lu;caja de 20 rebanadas, 120 g.;0,73
Pan tostado de Chapata;Lu;caja de 80 rebanadas, 480 g.;2,85
Minicolines rajaos;Carrefour;bolsa de 115 g.;0,23
Colines;Carrefour;bolsa de 250 g.;0,51
Colines;Carrefour;bolsa de 500 g.;0,51
Palitos Integrales;Silueta;bolsa de 60 g.;0,74
Ochitos con aceite de oliva;De Nuestra Tierra;paquete de 110 g.;0,66
Regañas con ajonjolí;Carrefour;bolsa de 180 g.;0,51
Regañás con ajonjolí con aceite de oliva;De Nuestra Tierra;bolsa de 110 g.;0,66
Rosquillas;Carrefour;bolsa de 250 g.;0,51
Rosquillas integrales;Carrefour;bolsa de 250 g.;0,51
Rosquillas con aceite de oliva;De Nuestra Tierra;bolsa de 110 g.;0,66
Picos camperos;Carrefour;bolsa de 180 g.;0,51
Picos con aceite de oliva;De Nuestra Tierra;bolsa de 110 g.;0,66
Picos integrales con aceite de oliva;De Nuestra Tierra;bolsa de 110 g.;0,66
Piquitos;De Nuestra Tierra;bolsa de 220 g.;0,75
Piquitos con ajonjolí con aceite de oliva;De Nuestra Tierra;bolsa de 220 g.;0,75
Trencitas;Carrefour;bolsa de 250 g.;0,51
Violines;Carrefour;bolsa de 280 g.;0,51
Crackers;Carrefour;paquete de 200 g.;0,72
Cream Crackers;Cuétara;caja de 225 g.;0,81
Crackers integrales;Cuétara;caja de 250 g.;0,81
Crackers sabor tradicional;Prima;paquete de 500 g.;0,53
Mini Biscottes;Carrefour;bolsa de 175 unidades, 350 g.;0,75
Mini Biscottes integrales con sésamo;Carrefour;caja de 60 unidades, 120 g.;0,53
Mini Biscottes Integrales;Lu;caja de 60 unidades, 125 g.;0,75
Mini Tostas extrafinas;Bimbo;caja de  100 g.;1,29
Mini Tostas redondas extrafinas;Bimbo;caja de 100 g.;1,29
Tostas redondas sin sal;Bimbo;paquete de 40 unidades, 100 g.;1,47
Tostas vitaminadas redondas;Bimbo;paquete de 40 unidades, 100 g.;1,47
Tostas redondas con harina integral;Silueta;paquete de 40 unidades, 300 g.;1,47
Mini tostas con harina integral;Silueta;caja de 30 unidades, 100 g.;1,29
Tostadas de canapé redondas;Recondo;caja de 100 g.;0,93
Barritas tostadas;Carrefour;bolsa de 225 g.;0,59
Barritas tostadas;Carrefour;bolsa de 800 g.;1,90
Panecillo de Gloria;Carrefour;bolsa de 180 g.;0,51
Barritas tostadas integrales con fibra;Carrefour;bolsa de 225 g.;0,59
Barritas tostadas integrales con fibra;Carrefour;bolsa de 800 g.;1,90
Barritas tostadas con aceite, ajo y perejil;Carrefour;bolsa de 160 g.;0,67
Barritas tostadas con tomate y orégano;Carrefour;bolsa de 135 g.;0,66
Barritas tostadas con aceite de oliva;Carrefour;bolsa de 150 g.;0,66
"Pan tostado""Il sabore di Sicilia""";Carolpan;bolsa de 150 g.;0,83
Panecillos integrales tostados;Ortiz;bolsa de 225 g.;1,09
Panecillos tostados clásicos;Ortiz;bolsa de 225 g.;1,09
Panecillos tostados multicereales;Ortiz;paquete de 200 g.;1,17
Pan tostado con aceite, ajo y perejil;Anitin;bolsa de 160 g.;0,79
Picatostes gusto ajo;Gesnoin;bolsa de 75 g.;0,53
Picatostes gusto natural;Gesnoin;bolsa de 75 g.;0,53
Picatostes gusto queso;Gesnoin;bolsa de 75 g.;0,53
Faba asturiana;De Nuestra Tierra;paquete de 500 g.;7,36
Judión selecto del Barco;De Nuestra Tierra;paquete de 1 kg.;6,39
Alubia blanca redonda del Barco;De Nuestra Tierra;paquete de 1 kg.;4,72
Alubia blanca larga extra;Carrefour;paquete de 500 g.;0,93
Alubia blanca larga extra;Carrefour;paquete de 1 kg.;1,32
Alubia blanca extra;Carrefour eco;paquete de 500 g.;1,59
Alubia blanca planchada de La Bañeza (León);De Nuestra Tierra;paquete de 1 kg.;2,61
Alubia blanca riñón de La Bañeza (León);De Nuestra Tierra;paquete de 1 kg.;3,52
Alubias granja;El Hostal;paquete de 500 g.;2,65
Alubia blanca larga extra;El Hostal;paquete de 1 kg.;3,61
Alubia pinta extra;Carrefour;paquete de 1 kg.;1,32
Alubia pinta extra;El Hostal;paquete de 1 kg.;0,36
Espirales al huevo;Carrefour;paquete de 500 g.;0,83
Espirales con calcio, hierro y magnesio;Carrefour;paquete de 250 g.;0,90
Espirales con fibra;Carrefour;paquete de 250 g.;0,90
Espirales con vitamina E y Omega3;Carrefour;paquete de 250 g.;0,90
Espirales tricolores;Carrefour;paquete de 500 g.;0,83
Espirales;Carrefour eco;paquete de 500 g.;0,85
Espirales;Ardilla;paquete de 500 g.;0,59
Espirales al huevo;Ardilla;bolsa de 500 g.;1,06
Espirales con vegetales;Ardilla;bolsa de 500 g.;1,05
Gemelli nº 90;Barilla;paquete de 500 g.;0,80
Espirales para ensaladas;El Pavo;paquete de 250 g.;0,62
Espirales vegetal al huevo;El Pavo;paquete de 500 g.;1,19
Espirales al huevo;Gallo;paquete de 500 g.;0,99
Hélices con vegetales;Gallo;paquete de 500 g.;0,99
Farfalle al huevo;Carrefour;paquete de 250 g.;0,75
Farfalle al huevo y espinacas;Carrefour;paquete de 500 g.;0,96
Farfalle tonde Emiliane;Barilla;caja de 250 g.;1,08
Farfalle nº 65;Barilla;paquete de 500 g.;0,80
Fideuá;Carrefour;paquete de 500 g.;0,36
Fideuá;Ardilla;paquete de 500 g.;0,59
Fideuá;Gallo;paquete de 500 g.;0,60
Fusilli;Barilla;paquete de 500 g.;0,80
Fusillini al huevo;Barilla;caja de 500 g.;1,43
Fusilli de cocción rápida;Carret;paquete de 500 g.;0,84
Fusilli al Pomodoro e Origano;Dalla Costa;paquete de 250 g.;1,05
Pasta infantil con calcio y proteínas;Carrefour;paquete de 250 g.;0,90
Pasta alimenticia con tomate y espinacas Teddy;Dalla Costa;paquete de 250 g.;1,05
Pasta alimenticia con tomate y espinacas Pitufos;El Pavo;paquete de 250 g.;0,53
Pasta alimenticia con vegetales Bugs Bunny;Gallo;paquete de 250 g.;0,48
Pasta alimenticia Las Super Nenas;Ardilla;paquete de 250 g.;0,56
Pasta alimenticia vitaminada con queso y huevo Super Héroes;Gallo;paquete de 250 g;0,48
Cigli;Dalla Costa;paquete de 250 g.;1,05
Cigli con pomodoro;Dalla Costa;paquete de 250 g.;1,05
Margaritas al huevo y espinacas;Carrefour;paquete de 500 g.;0,96
Margaritas al huevo;El Pavo;paquete de 250 g.;0,62
Margaritas para ensalada;El Pavo;paquete de 500 g.;1,19
Nidos pequeños al huevo;Carrefour;paquete de 250 g.;0,75
Nidos al huevo;Carrefour;paquete de 250 g.;0,75
Nidos al huevo;Carrefour;paquete de 500 g.;0,96
Tagliatelle;Barilla;caja de 500 g.;1,47
Nidos al huevo;Gallo;paquete de 500 g.;1,11
Nidos a las espinacas al huevo;Carrefour;paquete de 250 g.;0,75
Nidos a las espinacas;Carrefour;paquete de 500 g.;0,96
Nidos a las espinacas;Gallo;paquete de 500 g.;1,11
Tiburón;Carrefour;paquete de 500 g.;0,36
Tiburón;Ardilla;paquete de 500 g.;0,59
Tiburón con vegetales;Ardilla;bolsa de 500 g.;1,06
Tiburón nº 0;Gallo;paquete de 500 g.;0,60
Tiburón nº 1;Gallo;paquete de 500 g.;0,60
Tiburones al huevo;El Pavo;paquete de 500 g.;1,10
Spaeztle al huevo;Carrefour;paquete de 250 g.;0,75
"Casarecce "" La Collezione""";Barilla;caja de 500 g.;1,39
"Conchiglie rigate ""La Collezione""";Barilla;caja de 500 g.;1,39
Gnocchi 85;Barilla;paquete de 500 g.;0,80
Paglia e Fieno;Barilla;caja de 500 g.;1,47
Maccheroni al torchio Emiliane;Barilla;paquete de 250 g.;1,08
"Mafaldine ""La Collezione""";Barilla;caja de 500 g.;1,37
Couscous  grano medio;Carret;paquete de 500 g.;1,56
Conchiglie ai cinque colori;Dalla Costa;paquete de 250 g.;1,05
"Gigli ""Fantasia""";Ardilla;bote de 250 g.;1,99
"Gnocchi ""Fantasia""";Ardilla;bote de 250 g.;1,99
Pasta Goal;Dalla Costa;paquete de 250 g.;1,05
Strozzapreti al Peperoncino e Basilico;Dalla Costa;paquete de 250 g.;1,05
Tagliolini  al huevo y a las espinacas;Dalla Costa;paquete de 250 g.;1,37
Pajaritas con huevo;El Pavo;paquete de 250 g.;0,62
Pajaritas al huevo;El Pavo;paquete de 500 g.;1,19
Lacitos con vegetales;Gallo;paquete de 500 g.;0,99
Cintas al huevo;El Pavo;paquete de 500 g.;1,19
Spaghetti a la carbonara;Gallina Blanca;sobre de 170 g., 2 raciones.;1,59
Spaghetti a la piamontesa Hoy Menú;Gallina Blanca;sobre de 170 g., 2 raciones.;1,59
Spaghetti a los 3 quesos;Gallina Blanca;sobre de 170 g., 2 raciones.;1,59
Spaghettini a la barbacoa;Gallina Blanca;sobre de 80 g.;0,63
Spaghettini a la boloñesa;Gallina Blanca;sobre de 82 g.;0,63
Spaghettini a la parmesana;Gallina Blanca;sobre de 80 g.;0,63
Spaghettini pollo y champiñones;Gallina Blanca;sobre de 82 g.;0,63
"Spaghetti carbonara rico en fibra ""Pastaria""";Maggi;sobre de 2 raciones, 145 g.;1,30
Spaghetti  3 quesos rico en fibra Pastaria;Maggi;sobre de 2 raciones,145 g.;1,30
"Spaghetti Napolitana rico en fibra ""Pastaria""";Maggi;sobre de 2 raciones, 145 g.;1,30
Fusilli al Pesto;Carrefour;sobre de 145 g., 2 raciones.;1,59
Espirales al funghi;Gallina Blanca;sobre de 167 g., 2 raciones.;1,59
Cintas a la carbonara Spaghetteria;Knorr;sobre de 135 g., 2 raciones;1,22
Spaghetti boloñesa Spaguetteria;Knorr;sobre de 135 g., 2 raciones;1,24
Espirales a los 4 quesos Spaghetteria;Knorr;sobre de 135 g., 2 raciones;1,24
Macarrones a la boloñesa;Gallina Blanca;sobre de 138 g., 2 raciones.;1,59
Macarrones a la italiana;Gallina Blanca;sobre de 143 g., 2 raciones.;1,59
Tallarines a la Boloñesa;Carrefour;sobre de 145 g.,  2 raciones.;1,59
Tallarines a la parmesana;Gallina Blanca;sobre de 145 g., 2 raciones.;1,59
Tallarines al pesto;Gallina Blanca;sobre de 139 g., 2 raciones.;1,59
Tortellini cinco quesos;Carrefour;sobre de 150 g., 2 raciones.;0,99
Tortellini a la Napolitana;Carrefour;sobre de 150 g., 2 raciones.;0,99
Tortellini a la Piamontesa;Carrefour;sobre de 150 g., 2 raciones.;0,99
Tortellini salsa Venus;Carrefour;sobre de 150 g., 2 raciones.;0,99
Tortellini a la piamontesa;Gallina Blanca;sobre de 145 g., 2 raciones.;1,73
Tortellini con salsa de almendras;Gallina Blanca;sobre de 148 g., 2 raciones.;1,73
Tortellini con salsa Venus;Gallina Blanca;sobre de 150 g., 2 raciones.;1,73
Pasta oriental sabor curry;Maggi;sobre de 69 g., 1 ración.;0,60
Gnocchi de patatas;Buitoni;paquete de 400 g.;1,75
Tagliatelle all' uovo;Buitoni;paquete de 250 g.;1,75
Spaghetti all´uovo;Buitoni;paquete de 250 g.;1,75
Spaghetti frescos con huevo y espinacas;El Pavo;paquete de 250 g.;1,54
Spaghetti frescos con huevo;El Pavo;paquete de 250 g.;1,54
Tallarines frescos con huevo;El Pavo;paquete de 250 g.;1,54
Cappelletti con prosciutto crudo;Buitoni;paquete de 250 g.;2,59
Fagottini con basilico e ricotta;Buitoni;paquete de 250 g.;2,59
Ravioli al brasato;Buitoni;paquete de 250 g.;2,59
Ravioli al 4 formaggi;Buitoni;paquete de 250 g.;2,59
Tortelloni ricotta e spinaci;Buitoni;paquete de 250 g.;2,59
Cappelletti rellenos de jamón Ibérico;El Pavo;paquete de 250 g.;2,55
Ravioli rellenos de espinacas y queso;El Pavo;paquete de 250 g.;2,55
Ravioli rellenos de quesos selectos;El Pavo;paquete de 250 g.;2,55
Tortellini rellenos de carne selecta;El Pavo;paquete de 250 g.;2,55
Tortelloni de queso manchego curado;El Pavo;paquete de 250 g.;2,75
Salsa bechamel;Reny Picot;brik de 500 ml.;1,94
Salsa Bolognese de carne y vegetales;Buitoni;bote de 200 g.;1,95
Salsa Formagi 4 quesos;Buitoni;bote de 200 g.;2,39
Salsa Napolitana de tomate a la albahaca;Buitoni;bote de 200 g.;1,95
Salsa Pesto alla Genovesa, albahaca y piñones;Buitoni;bote de 140 g.;2,39
Salsa a la Siciliana;Buitoni;bote de 200 g.;2,39
Salsa fresca al pesto;El Pavo;tarrina de 180 g.;2,48
Salsa fresca al queso;El Pavo;tarrina de 180 g.;2,48
Mousse depilatoria corporal hidratante Aloe Vera;Veet;spray de 200 ml  + Esponja;5,45
Mousse depilatoria corporal tonificante Citrus;Veet;spray de 200 ml  + Esponja;5,45
Gel depilatorio Extra Gentle;Gillette for Women Satin Care;spray de 200 ml.;3,73
Gel depilatorio Melon Splash;Gillette for Women Satin Care;spray de 200 ml.;3,78
Gel depilatorio Wild Berry;Gillette for Women Satin Care;spray de 200 ml.;3,73
Maquinilla de afeitar femenina;Carrefour;1 unidad + 2 recambios.;4,20
Maquinilla de afeitar Venus;Gillette for Women;1 unidad + 2 recambios.;7,95
Maquinilla de afeitar Venus Cristal;Gillette for Women;1 unidad + 2 recambios.;8,33
Maquinilla de afeitar;Gillette Women Sensor Excel;1 unidad.;4,57
Maquinilla de afeitar desechables for Women;Wilkinson Extra II;bolsa de 5 unidades;2,49
Maquinilla de afeitar;Wilkinson Lady Protector;paquete de 1 unidad + 2 recambios.;6,47
Maquinilla de afeitar desechables;Gillette for Women Agileté;bolsa de 4 unidades.;2,76
Recambio para maquinilla de afeitar femenina;Carrefour;paquete de 4 unidades;3,31
Cargador para maquinilla de afeitar Venus;Gillette for Women;paquete de 4 unidades;7,95
Recambio para maquinilla de afeitar;Gillette Women Sensor Excel;paquete 5 unidades;6,19
Gel de ducha;Axe Contact;bote de 400 ml.;3,30
Gel de ducha;Axe Marine;bote de 400 ml.;3,30
Gel de ducha;Axe Night Attack;bote de 400 ml.;3,30
Gel de ducha;Axe Re-Load;bote de 400 ml.;3,30
Gel de baño de avena;Carrefour;bote de 300 ml.;0,93
Gel de baño con avena;Carrefour;bote de 750 ml.;2,20
Gel de baño clásico;Carrefour;bote de 750 ml.;1,65
Gel de baño y body milk con aloe vera;Carrefour;bote de 750 ml.;1,41
Gel de ducha y baño Junior perfume fresa;Carrefour;bote de 300 ml.;1,50
Gel de baño bebé 2 en 1;Carrefour;bote de 500 ml.;1,59
Jabón líquido infantil neutro;Carrefour;bote de 750 ml.;1,39
Gel crema de ducha;Dove;bote de 400 ml.;3,36
Gel de ducha Efecto Masaje;Dove;bote de 400 ml.;3,36
Gel crema de ducha;Dove Refreshing Blue;bote de 400 ml.;3,36
Gel de baño;Fa Caribbean Lemon;bote de 750 ml.;2,35
Gel de baño + body lotion;Fa Exotic;bote de 750 ml.;2,35
Gel de baño after sun;"Fa Sun &amp; Fun";bote de 750 ml.;2,35
Gel de baño con minerales marinos;Fa Wellness System;bote de 750 ml.;2,35
Gel de baño con minerales marinos y té verde;Fa Wellness System;bote de 750 ml.;2,35
Gel de baño Máxima Hidratación;Hidro-Genesse;bote de 750 ml.;2,10
Gel de baño Hidratación estimulante al extracto de té verde;Hidro-Genesse;bote de 750 ml.;2,10
Gel de baño Hidratación relajante con aceites de romero;Hidro-Genesse;bote de 750 ml.;2,10
Gel de ducha Hidratante;Johnson's pH 5.5;bote de 750 ml.;2,55
Gel de ducha Nutritivo con leche de avena y miel;Johnson's pH 5.5;bote de 750 ml.;2,55
Gel de ducha Refrescante con leche de avena y naranja;Johnson's pH 5.5;bote de 750 ml.;2,55
Gel de ducha Relaxing con leche avena y aceite almendras;Johnson's pH 5.5;750ml+GRATIS 150ml;2,55
Jabón líquido dermohidratante;Johnson's Baby;bote de 750 ml.;1,89
Jabón líquido dermoprotector;Johnson's Baby;bote de 750 ml.;1,89
Jabón líquido hidratante con aceite;Johnson's Baby;bote de 750 ml.;1,65
Gel de baño en crema Avena;Kinesia;bote de 750 ml.;2,21
Gel de baño en crema Avena;Kinesia;bote de 1500 ml.;3,59
Gel de baño dermonatural Protección;Kinesia;bote de 750 ml.;2,21
Gel de baño en crema Soja + E;Kinesia;bote de 750 ml.;2,16
Gel de baño con proteínas de leche;Lactovit;bote de 250 ml.;1,99
Gel de baño con proteínas de leche;Lactovit;bote de 750 ml.;3,85
Gel de baño y ducha de avena;Natural Honey;bote de 750 ml.;1,95
Gel de baño y ducha hidratante;Natural Honey;bote de 750 ml.;1,95
Gel de baño y ducha al té verde;Natural Honey;bote de 750 ml.;1,95
Gel de baño y ducha de trigo y ginseng;Natural Honey;bote de 750 ml.;1,95
Gel de ducha hidratante;Palmolive Neutro Balance;bote de 750 ml;2,10
Gel de ducha nutritivo;Palmolive Neutro Balance;bote de 750 ml.;2,10
Gel de ducha Piel Extra-Seca;Palmolive Neutro Balance;bote de 750 ml;2,10
Gel de ducha tonificante;Palmolive Neutro Balance;bote de 750 ml.;2,10
Gel de ducha hidratante con dermoaceite;Sanex;bote de 750 ml.;2,29
Gel Crema de ducha dermonutritivo;Sanex;bote de 750 ml.;2,29
Gel de baño dermonatural con germen de trigo;Sanex;bote de 1500 ml.;3,91
Jabón líquido dermoprotector Alta Tolerancia;Sanex;bote de 200 ml.;1,99
Jabón líquido dermoprotector;Sanex;bote de 750 ml.;2,29
Jabón líquido dermoprotector Alta Tolerancia;Sanex;bote de 1500 ml.;3,91
Gel de ducha Dermo-Purificante;Sanex;bote de 750 ml.;2,29
Gel bálsamo de ducha dermosensitive;Sanex;bote de 750 ml.;2,29
Gel de baño y ducha mediterráneo;VF;bote de 750 ml.;2,20
Gel de baño y ducha tropical;VF;bote de 750 ml.;2,20
Gel de baño;Badedas Essence;bote de 750 ml.;9,85
Gel de baño cremoso hidratante;Don Algodón;bote de 750 ml.;2,64
Gel de ducha y baño Hidrotermal;La Toja;bote de 750 ml.;2,35
Gel de baño;Magno Classic;bote de 750 ml.;2,99
Gel de baño hidratante;Massimo Dutti;bote de 750 ml.;2,95
Gel de baño moussant classic;Moussel;bote de 750 ml.;2,85
Gel de ducha tonificante;S3;bote de 750 ml.;1,89
Gel de baño bebé 2 en 1;Carrefour;bote de 500 ml.;1,59
Gel de ducha y baño Junior perfume fresa;Carrefour;bote de 300 ml.;1,50
Jabón líquido suave;Denenes;bote de 750 ml.;2,97
Jabón líquido dermohidratante;Johnson's Baby;bote de 750 ml.;1,89
Jabón líquido dermoprotector;Johnson's Baby;bote de 750 ml.;1,89
Jabón líquido hidratante con aceite;Johnson's Baby;bote de 750 ml.;2,64
Gel de ducha hidratante con leche de almendras;Nenuco Sensitive;bote de 750 ml.;2,25
Gel de baño de avena;Carrefour;bote de 300 ml.;0,93
Gel de baño con proteínas de leche;Lactovit;bote de 250 ml.;1,99
Gel de baño en Crema Avena;Kinesia;bote de 250 ml.;1,65
Jabón líquido dermoprotector Alta Tolerancia;Sanex;bote de 200 ml.;1,99
Estuche para regalo;Agua de Luna;#¿NOMBRE?;12,82
Estuche para regalo;Anouk;#¿NOMBRE?;9,37
Estuche para regalo;Depende Azul;#¿NOMBRE?;11,08
Estuche para regalo;Depende Verde;#¿NOMBRE?;14,77
Estuche para regalo;Don Algodón;#¿NOMBRE?;15,88
Estuche para regalo;Eau D´ Été;#¿NOMBRE?;8,17
Estuche para regalo;Eau Jeune Senteurs Fraiches;#¿NOMBRE?;8,41
Estuche para regalo;Fleur de Jour;#¿NOMBRE?;11,42
Estuche para regalo;Flor de Agatha Ruíz;#¿NOMBRE?;14,42
Estuche para regalo;Prêt à Porter;#¿NOMBRE?;15,56
Estuche para regalo;Promesa;#¿NOMBRE?;17,04
Estuche para regalo;Zinnia;#¿NOMBRE?;13,64
Estuche para regalo;Acqua di Titto;#¿NOMBRE?;13,62
Estuche para regalo;Adidas Ice Dive for Men;#¿NOMBRE?;13,99
Estuche para regalo;Adidas Team Force for Men;#¿NOMBRE?;13,99
Estuche para regalo;Agua Brava;#¿NOMBRE?;18,74
Neceser para regalo;Boston Man;#¿NOMBRE?;12,75
Estuche para regalo;Brummel;#¿NOMBRE?;10,17
Estuche para regalo;Crossmen;#¿NOMBRE?;9,46
Estuche para regalo;Don Algodón Hombre;#¿NOMBRE?;12,13
Estuche para regalo;Dutti Sport de Massimo Dutti;#¿NOMBRE?;19,74
Estuche para regalo;Impacto;#¿NOMBRE?;5,95
Estuche para regalo;Massimo Dutti;#¿NOMBRE?;17,94
Estuche para regalo;Mediterráneo;#¿NOMBRE?;17,11
Neceser para regalo;Springfield;#¿NOMBRE?;11,74
Estuche para regalo;Yacht Man Blue;#¿NOMBRE?;18,26
Estuche infantil para regalo;Barbie Modelo;#¿NOMBRE?;8,99
Estuche infantil para regalo;Barbie Sirena;#¿NOMBRE?;8,99
Estuche infantil para regalo;The Simpsons;#¿NOMBRE?;10,80
Estuche infantil para regalo;Tweenies;#¿NOMBRE?;10,80
Eau de toilette;212 de Carolina Herrera;vaporizador de 60 ml.;42,04
Eau de parfum;5th avenue de Elizabeth Arden;vaporizador de 75 ml.;43,27
Eau de toilette natural;"Abril de Victorio &amp; Lucchino";vaporizador de 100 ml.;33,21
Eau de toilette Agua Fresca de Rosas;Adolfo Dominguez;vaporizador de 120 ml.;29,95
Eau de toilette natural;Aire de Loewe;vaporizador de 75 ml.;38,85
Eau de toilette;Amarige de Givenchy;vaporizador de 50 ml.;43,81
Eau de toilette;Anaïs Anaïs de Cacharel;vaporizador de 50 ml.;37,50
Eau de toilette;"Carmen de Victorio &amp; Lucchino";vaporizador de 100 ml.;31,99
Eau de toilette natural;"Dolce &amp; Gabbana Femme";vaporizador de 50 ml.;36,90
Eau de toilette;Duende de Cacharel;vaporizador de 50 ml.;24,01
Eau de toilette;Eau de Rochas;vaporizador de 100 ml.;34,99
Eau de toilette;Envy de Gucci;vaporizador de 50 ml.;41,56
Eau de parfum;Eternity de Calvin Klein;vaporizador de 50 ml.;49,50
Eau de toilette;Halloween de Jesús del Pozo;vaporizador de 50 ml.;23,50
Eau de toilette natural;Hugo Woman de Hugo Boss;vaporizador de 75 ml.;41,50
Eau de toilette natural;L´Air du Temps de Nina Ricci;vaporizador de 30 ml.;19,99
Eau de toilette natural;Lancaster;vaporizador de 75 ml.;25,36
Eau de toilette;Massimo Dutti Woman;vaporizador de 100 ml.;27,43
Eau de toilette;Noa de Cacharel;vaporizador de 100 ml.;61,12
Eau de toilette;Ô de Lancôme;vaporizador de 75 ml.;34,83
Eau de toilette;Samsara;vaporizador de 50 ml.;45,98
Eau de toilette;Vandervilt;vaporizador de 100 ml.;36,03
Eau de toilette Agua Fresca;Adolfo Dominguez;vaporizador de 120 ml.;27,90
Eau de toilette;Armani;vaporizador de 50 ml.;40,99
Eau de toilette;Boss de Hugo Boss;vaporizador de 100 ml.;47,48
Eau de toilette natural;Cacharel pour Homme;vaporizador de 100 ml.;48,65
Eau de toilette;Cool Water;vaporizador de 75 ml.;34,99
Eau de toilette natural;"Dolce &amp; Gabbana Homme";vaporizador de 75 ml.;34,99
Eau de toilette;Essencia de Loewe;vaporizador de 100 ml.;61,74
Eau de toilette natural;Hugo de Hugo Boss;vaporizador de 100 ml.;38,80
Eau de toilette;Lacoste;vaporizador de 100 ml.;34,11
Eau de toilette;Paco Rabanne pour Homme;vaporizador de 50 ml.;20,95
Eau de toilette;Eau de Rochas Homme;vaporizador de 100 ml.;34,90
Eau de cologne natural;Tabac original;vaporizador de 100 ml.;17,90
Eau de toilette natural;Vetiver de Adolfo Dominguez;vaporizador de 120 ml.;28,99
Eau de toilette;XS de Paco Rabanne;vaporizador de 100 ml.;43,95
Eau de toilette;Calvin Klein Be;vaporizador de 100 ml.;36,99
Eau de toilette;Calvin Klein One;vaporizador de 100 ml.;34,45
Eau de toilette;Paco de Paco Rabanne;vaporizador de 100 ml.;28,04
Eau de toilette;Samsara;vaporizador de 50 ml.;45,98
Champú Anticaspa cabello graso;Carrefour;bote de 300 ml.;1,65
Champú Anticaspa cabello normal;Carrefour;bote de 300 ml.;1,65
Champú Anticaspa cabello seco;Carrefour;bote de 300 ml.;1,65
Champú + mascarilla Anticaspa todo tipo de cabello;Cabello Sano;bote de 300 ml.;2,35
Champú Anticaspa para todo tipo de cabello;Elvive Progress Homme;bote de 300 ml.;3,56
Champú Fortificante Anticaspa;Fructis;bote de 300 ml.;3,25
Champú Fortificante Anticaspa cabello graso;Fructis;bote de 300 ml.;3,25
Champú Anticaspa Limpio y Controlado cabello normal/graso;"H&amp;S";bote de 300 ml.;3,65
Champú Anticaspa Suave y Sedoso para cabello seco/dañado;"H&amp;S";bote de 300 ml.;3,65
Champú Anticaspa Relajante para cabello seco;"H&amp;S";bote de 300 ml.;3,65
Champú Anticaspa Refrescante con mentol natural;"H&amp;S";bote de 300 ml.;3,65
Champú Anticaspa Volumen Extra para cabello fino;"H&amp;S";bote de 300 ml.;3,65
Champú Anticaspa + acondicionador Limpio y Controlado;"H&amp;S";bote de 300 ml.;3,65
Champú Anticaspa;Pantene Pro-V;bote de 300 ml.;3,39
Champú + acondicionador Anticaspa;Pantene Pro-V;bote de 300 ml.;3,39
Champú Anticaspa cabellos grasos;ZP 11 de Revlon;bote de 400 ml.;2,85
Champú Anticaspa cabellos normales;ZP 11 de Revlon;bote de 400 ml.;2,85
Champú al extracto de Hierbas todo tipo de cabello;Carrefour;bote de 750 ml.;1,40
Champú al extracto de Miel todo tipo de cabello;Carrefour;bote de 750 ml.;1,40
Champú de Avena y Germen de trigo todo tipo de cabello;Carrefour;bote de 750 ml.;1,41
Champú Provitamina;Vasenol;bote de 750 ml.;1,86
Champú bebé con extracto de Almendra dulce;Carrefour;bote de 500 ml.;1,59
Champú infantil;Carrefour;bote de 750 ml.;1,38
Champú Junior perfume de Manzana verde;Carrefour;bote de 200 ml.;1,47
Champú Suave niños cabellos sensibles;Geniol;bote de 750 ml.;1,41
Champú;Johnson's Baby;bote de 500 ml.;2,65
Champú Camomila;Jonhson's Baby;bote de 500 ml.;2,65
Champú 2 en 1 sin tirones;Johnson's Baby;bote de 500 ml.;2,65
Champú Miel;Johnson's Baby;bote de 500 ml;2,65
Champú 2-en-1 cabello fino Tope de Pera;L´Oréal Kids;bote de 250 ml.;2,79
Champú + acondicionador de Albaricoque;Ultra Suave Niños;bote de 300 ml.;2,70
Champú al extracto de Hierbas todo tipo de cabello;Carrefour;bote de 750 ml.;1,40
Champú de leche de almendras;Carrefour;bote de 750 ml.;1,35
Champú al extracto de Miel todo tipo de cabello;Carrefour;bote de 750 ml.;1,40
Champú Anticaspa cabello graso;Carrefour;bote de 300 ml.;1,65
Champú Anticaspa cabello normal;Carrefour;bote de 300 ml.;1,65
Champú Anticaspa cabello seco;Carrefour;bote de 300 ml.;1,65
Champú de Avena y Germen de trigo todo tipo de cabello;Carrefour;bote de 750 ml.;1,53
Champú Suave con extracto de Camomila cabello rubio;Carrefour;bote de 250 ml.;1,53
Champú Suave con extracto de Kiwi cabello graso;Carrefour;bote de 250 ml.;1,53
Champú Suave con extracto de Naranja y Miel cabello normal;Carrefour;bote 250 ml.;1,53
Champú + acondicionador Pro-Vitamina B5 cabello graso;Carrefour;bote de 300 ml.;2,35
Champú + mascarilla cabello graso;Cabello Sano;bote de 300 ml.;2,35
Champú + mascarilla cabello normal;Cabello Sano;bote de 300 ml.;2,35
Champú + mascarilla cabello seco y castigado;Cabello Sano;bote de 300 ml.;2,35
Champú con leche hidratante cabello graso;Dove;300 ml+REGALO Acondicionador 200 ml;3,55
Champú con leche hidratante cabello normal;Dove;bote de 300 ml;3,55
Champú con leche hidratante cabello seco o dañado;Dove;bote de 300 ml.;3,55
Champú con leche hidratante cabello teñido/mechas;Dove;bote de 300 ml;3,55
Champú + acondicionador con leche hidratante;Dove;bote de 300 ml.;3,55
Champú Ceramida R cabello fino o frágil;Elvive;bote de 300 ml.;3,56
Champú Citrus CR cabello normal y tendencia a engrasarse;Elvive;bote de 300 ml.;3,56
Champú Hydra·Curl cabello rizado;Elvive;bote de 300 ml.;3,56
Champú Kéra-proteínas cabello castigado;Elvive;bote de 300 ml.;3,56
Champú Multivitaminas para cabello normal;Elvive;bote de 300 ml.;3,56
Champú Nutri-Ceramida cabello dañado;Elvive;bote de 300 ml.;3,56
Champú Nutrileum Liso-Intenso cabello rebelde/áspero;Elvive;bote de 300 ml.;3,56
Champú Nutri-Filtro cabello teñido o con mechas;Elvive;bote de 300 ml.;3,56
Champú Regenium cabellos debilitados;Elvive;bote de 300 ml.;3,56
Champú Alpha-Yoyoba para cabellos largos y semi-largos;Elvive;bote de 300 ml.;3,56
Champú+acondicionador con Multivitaminas cabello normal;Elvive;bote de 300 ml.;3,56
Champú Anticaspa para todo tipo de cabello;Elvive Progress Homme;bote de 300 ml.;3,56
Champú Prevención Anticaídas cabello frágil;Elvive Progress Homme;bote 300 ml;3,56
Champú a la camomila para cabello rubio o castaño claro;Eugene Perma;bote 250 ml.;5,65
Champú Anticaspa cabello graso;Carrefour;bote de 300 ml.;1,65
Champú cabellos finos o sin volumen;Flex de Revlon;bote de 750 ml.;2,85
Champú cabellos grasos o muy grasos;Flex de Revlon;bote de 750 ml.;2,85
Champú cabellos normales y natural;Flex de Revlon;bote de 750 ml.;2,85
Champú Fortificante Anticaspa;Fructis;bote de 300 ml.;3,25
Champú Fortificante Anticaspa cabello graso;Fructis;bote de 300 ml.;3,25
Champú Fortificante cabello graso;Fructis;bote de 300 ml.;3,25
Champú Fortificante cabello normal;Fructis;bote de 300 ml.;3,25
Champú Fortificante Fresh cabello normal;Fructis;bote de 300 ml.;3,25
Champú Fortificante cabello teñido o permanentado;Fructis;bote de 300 ml.;3,25
Champú Fortificante + acondicionador cabello normal;Fructis;bote de 300 ml.;3,25
Champú Fortificante + acondicionador cabello seco/castigado;Fructis;bote 300 ml.;3,25
Champú Anticaspa todo tipo de cabellos;Herbal Essences;bote de 400 ml.;3,10
Champú Extra Volumen cabello fino y delicado;Herbal Essences;bote de 400 ml.;3,10
Champú Hidratante cabello normal;Herbal Essences;bote de 400 ml.;3,10
Champú Regenerador cabello seco/teñido/dañado;Herbal Essences;bote de 400 ml.;3,10
Champú Revitalizante cabello normal a graso;Herbal Essences;bote de 400 ml.;3,10
Champú + acondicionador Hidratante cabello normal;Herbal Essences;bote de 400 ml.;3,10
Champú Anticaspa Limpio y Controlado cabello normal/graso;"H&amp;S";bote de 300 ml.;3,65
Champú Anticaspa Refrescante con mentol natural;"H&amp;S";bote de 300 ml.;3,65
Champú Anticaspa Relajante para cabello seco;"H&amp;S";bote de 300 ml.;3,65
Champú Anticaspa Suave y Sedoso para cabello seco/dañado;"H&amp;S";bote de 300 ml.;3,65
Champú Anticaspa Volumen Extra para cabello fino;"H&amp;S";bote de 300 ml.;3,65
Champú Anticaspa + acondicionador Limpio y Controlado;"H&amp;S";bote de 300 ml.;3,65
Champú;Johnson's Baby;bote de 500 ml.;2,65
Champú Camomila;Jonhson's Baby;bote de 500 ml.;2,65
Champú Germen de Trigo;Johnson's Baby;bote de 500 ml.;2,65
Champú Miel;Johnson's Baby;bote de 500 ml;2,65
Champú 2 en 1 sin tirones;Johnson's Baby;bote de 500 ml.;2,65
Champú Anticaspa;Pantene Pro-V;bote de 300 ml.;3,39
Champú Cuidado Clásico;Pantene Pro-V;bote de 300 ml.;3,39
Champú Color Radiante;Pantene Pro-V;bote de 300 ml.;3,39
Champú Purificante pelo sin grasa y sin residuos;Pantene Pro-V;bote de 300 ml.;3,39
Champú Rizos Perfectos;Pantene Pro-V;bote de 300 ml.;3,39
Champú Suave y Liso;Pantene Pro-V;bote de 300 ml.;3,39
Champú Volumen Total;Pantene Pro-V;bote de 300 ml.;3,39
Champú + acondicionador Anticaspa;Pantene Pro-V;bote de 300 ml.;3,39
Champú + acondicionador Cuidado Clásico;Pantene Pro-V;bote de 300 ml.;3,39
Champú + acondicionador Rizos Perfectos;Pantene Pro-V;bote de 300 ml.;3,39
Champú Anticaspa todo tipo de cabello;Timotei;bote de 400 ml.;2,70
Champú + acondicionador todo tipo de cabello;"Wash &amp; Go";bote de 300 ml.;2,64
Champú anticaída para todo tipo de cabello;ZP 11 de Revlon;bote de 400 ml.;3,07
Champú Anticaspa cabellos grasos;ZP 11 de Revlon;bote de 400 ml.;2,85
Champú Anticaspa cabellos normales;ZP 11 de Revlon;bote de 400 ml.;2,85
Crema suavizante con Leche de Palma todo tipo cabello;Carrefour;bote de 200 ml.;1,53
Crema suavizante triple acción cabello normal;Carrefour;bote de 750 ml.;1,77
Crema suavizante triple acción cabello seco y permanentado;Carrefour;bote 750 ml.;1,77
Acondicionador Color Resplandor Pro Complex cabellos teñidos;Carrefour;bote 200 ml;3,55
Acondicionador con leche hidratante cabello seco o dañado;Dove;bote de 200 ml.;3,55
Acondicionador con leche hidratante cabello teñido o mechas;Dove;bote de 200 ml.;3,55
Suavizante Ceramida R cabellos finos o frágiles;Elvive;bote de 250 ml.;3,56
Suavizante con Citrus CR cabello normal;Elvive;bote de 250 ml.;3,56
Suavizante Hydra·Curl cabello rizado;Elvive;bote de 250 ml.;3,56
Suavizante Kéra-Proteínas cabello teñido/permanentado;Elvive;bote de 250 ml;3,56
Suavizante Nutri-Filtro cabello teñido o con mechas;Elvive;bote de 250 ml.;3,56
Suavizante Liso-Intenso Nutrileum  cabello rebelde/áspero;Elvive;bote de 250 ml.;3,56
Suavizante Multivitaminas para cabello normal;Elvive;bote de 250 ml.;3,56
Suavizante Nutri-Ceramida cabello dañado/seco/frágil;Elvive;bote de 250 ml.;3,56
Suavizante Regenium cabellos debilitados;Elvive;bote de 250 ml.;3,56
Crema suavizante cabellos normales y naturales;Flex de Revlon;bote de 750 ml.;2,85
Crema suavizante para cabellos secos o teñidos;Flex de Revlon;bote de 750 ml.;2,85
Crema suavizante Fortificante extra brillo cabello normal;Fructis;bote de 250 ml.;3,25
Crema suavizante Fortificante Fresh cabello normal;Fructis;bote de 250 ml.;3,25
Crema suavizante Fortificante raíces grasas y puntas dañadas;Fructis;bote de 250 ml.;3,50
Crema suavizante Fortificante cabello seco o castigado;Fructis;bote de 250 ml.;3,25
Crema suavizante Fortificante cabello teñido o permanentado;Fructis;bote de 250 ml;3,25
Acondicionador para cabello normal;Hair Tech;bote de 250 ml.;3,39
Acondicionador bálsamo Color Radiante;Pantene Pro-V;bote de 300 ml.;3,39
Acondicionador bálsamo Rizos Perfectos;Pantene Pro-V;bote de 300 ml.;3,39
Aconcidionador bálsamo Suave y Liso;Pantene Pro - V;bote de 300 ml.;3,39
Acondicionador bálsamo Volumen Total;Pantene Pro-V;bote de 300 ml.;3,39
Suavizante de Camomila Reflejo Dorado cabello rubio/castaño;Timotei;bote de 300 ml;2,85
Suavizante de Hierbas para cabellos normales;Timotei;bote de 300 ml.;2,85
Suavizante de Miel para cabello seco o dañado;Timotei;bote de 300 ml.;2,85
Suavizante de Naranja  para cabello largo o fino;Timotei;bote de 300 ml.;2,58
Agua de peinado fijación fuerte cabellos cortos;Grafic;spray de 150 ml.;3,57
Agua de peinado fijación normal cabellos largos;Grafic;spray de 150 ml;3,57
Agua de peinado fijación fuerte cabellos rizados;Grafic;spray de 150 ml;3,57
Agua disciplinante cabellos cortos;Fructis Style;spray de 150 ml.;4,60
Agua disciplinante cabellos largos;Fructis Style;spray de 150 ml.;4,60
Agua disciplinante cabellos rizados;Fructis Style;spray de 150 ml.;4,60
Agua de peinado fijación fuerte cabellos rizados;Studio Line;spray de 150 ml;4,30
Aqua fijación flexible;Timotei Natural Style;spray de 150 ml.;3,39
Aqua Mousse espuma Fijación flexible;Timotei Natural Style;dosificador de 200 ml.;3,39
Espuma Moldeadora fijación fuerte;Carrefour;spray de 200 ml.;1,46
Espuma Volumen especial rizos fijación normal;Grafic;spray de 200 ml.;3,57
Espuma Volumen fijación extra-fuerte;Grafic;spray de 200 ml.;3,57
Espuma Volumen fijación fuerte;Grafic;spray de 200 ml.;3,57
Espuma Moldeadora fijación fuerte;Llongueras System Pro;spray de 300 ml.;2,85
Espuma Suave y Liso;Pantene Pro-V;spray de 150 ml.;3,39
Espuma Volumen Total;Pantene Pro-V;spray de 150 ml.;3,39
Espuma Fijadora extra-fuerte con Elastan;Poly Swing;spray de 200 ml.;4,30
Espuma Fijadora fuerte con multivitaminas;Studio Line;spray de 200 ml.;4,30
Espuma Fijadora fuerte FX;Studio Line;spray de 200 ml.;4,30
Espuma Fijadora fuerte Volum´max;Studio Line;spray de 200 ml.;4,30
Espuma Volumen fijación flexible;Timotei Natural Style;spray de 200 ml.;3,39
Aqua Mousse espuma Fijación flexible;Timotei Natural Style;dosificador de 200 ml.;3,39
Gel Fijador fuerte;Carrefour;tubo de 150 ml.;1,11
Aqua Gel Fijador estructurante fuerte;Grafic;tarro de 150 ml;3,57
Aqua Gel Fijador estructurante ultra-fuerte;Grafic;tarro de 150 ml.;3,57
Aqua Gel Fijador extra-fuerte para cabellos cortos;Grafic;tubo de 150 ml.;3,57
Aqua Gel Fijador fuerte para cabellos cortos;Grafic;tubo de 150 ml.;3,57
Gel Fijador extra-fuerte Estructurante;Fructis Style;tubo de 150 ml.;3,89
Gel Fijador ultra-fuerte Erizante;Fructis Style;tubo de 150 ml.;3,89
Gel Fijador extra-fuerte;Grafic;tubo de 150 ml.;3,57
Gel Fijador fuerte;Grafic;tubo de 150 ml.;3,57
Gel Fijador Clásico;Pantene Pro-V;tubo de 150 ml.;3,39
Gel Fijador Rizos Perfectos;Pantene Pro-V;tubo de 150 ml.;3,39
Gel Fijador Suave y Liso;Pantene Pro-V;tubo de 150 ml.;3,39
Gel Fijador Volumen Total;Pantene Pro-V;tubo de 150 ml.;3,39
Gel Fijador extra fuerte con Elastan;Poly Swing;tubo de 150 ml.;4,30
Gel Fijador fuerte con multivitaminas;Studio Line;tubo de 150 ml.;4,30
Gel Fijador extra-fuerte Fundente FX;Studio Line;tubo de 150 ml.;4,30
Gel Fijador fuerte Fundente FX;Studio Line;tubo de 150 ml.;4,30
Gel Fijador normal líquido FX;Studio Line;spray de 150 ml.;4,30
"Gel´ "" O "" Eau Fijación fuerte cabellos cortos FX";Studio Line;bote de 150 ml.;4,18
"Gel´ "" O "" Eau Fijación fuerte cabellos largos FX";Studio Line;bote de 150 ml.;4,16
Gel Fijador FX Out of Bed;Studio Line;tarro de 150 ml.;4,87
Radical Gel fijador extremo Special FX;Studio Line;tubo de 150 ml.;4,87
Gel Fijador fuerte;Timotei Natural Style;tubo de 150 ml.;3,39
Gel Fijador natural;Timotei Natural Style;tubo de 150 ml.;3,39
Laca Fijadora extra-fuerte con provitamina B5;Carrefour;spray de 400 ml.;6,85
Laca Fijadora normal;Elnett Satin;spray de 400 ml.;6,85
Laca Fijadora fuerte cabellos teñidos;Elnett Satin;spray de 400 ml.;7,82
Laca Fijadora;Nelly;spray de 400 ml.;1,59
Laca fijadora fuerte Fortificante;Fructis Style;spray de 300 ml.;3,89
Laca Fijadora normal Fortificante;Fructis Style;spray de 300 ml.;3,89
Laca flexible fijación fuerte;Grafic;bote de 300 ml.;3,57
Laca Fijadora Rizos Perfectos;Pantene Pro-V;spray de 250 ml.;3,39
Laca Fijadora Volumen Total;Pantene Pro-V;spray de 250 ml.;3,39
Laca Fijadora normal;Sunsilk;spray de 400 ml.;2,49
Laca Fijadora para cabellos teñidos y tratados;Sunsilk;spray de 400 ml.;2,49
Spray Fijador extra-fuerte;Carrefour;bote de 300 ml.;1,46
Spray Fijador extra-fuerte;Grafic;bote de 250 ml.;3,57
Spray Fijador fuerte;Grafic;bote de 250 ml.;3,57
Spray micro-fijador extra fuerte;Fructis Style;bote de 250 ml.;3,89
Spray micro-fijador fuerte;Fructis Style;bote de 250 ml.;3,89
Spray Fijador fuerte FX Invisi';Studio Line;bote de 250 ml.;4,30
Crema hidratante doble acción Moisturiser;"Clean &amp; Clear";tubo de 100 ml.;5,58
Crema antiarrugas doble acción;Diadermine;tarro de 50 ml.;8,60
Crema hidratante multi activa para cutis normal y mixto;Diadermine;tarro de 40 ml.;5,66
Crema hidratante multi activa para cutis seco y sensible;Diadermine;tarro de 40 ml;5,65
Crema antiarrugas de día Visible A+;Diadermine;dosificador de 30 ml.;10,95
Crema correctora de arrugas de noche Visible A+;Diadermine;dosificador de 30 ml.;10,95
Crema hidratante de día doble acción;Diadermine Lift;tarro de 50 ml.;7,50
Crema nutritiva de noche doble acción;Diadermine Lift;tarro de 50 ml.;7,50
Crema reafirmante antiarrugas + luminosidad doble acción;Diadermine Lift;tarro 50ml;10,19
Crema anti-edad total de día Pieles Maduras;Diadermine Reactivance;tarro de 50 ml.;11,99
Crema antiarrugas reafirmante Pieles Maduras;Diadermine Reactivance;tarro de 50 ml;8,99
Crema regeneradora de noche Pieles Maduras;Diadermine Reactivance;tarro de 50 ml.;8,99
Crema anti-manchas hidratante Pieles Maduras;Diadermine Reactivance;tarro de 50 ml;8,99
Crema antiarrugas reafirmante;Les Cosmétiques Carrefour;tarro de 50 ml.;6,25
Crema hidratante para piel normal y mixta;Les Cosmétiques Carrefour;tubo de 50 ml.;4,08
Crema hidratante para piel seca y sensible;Les Cosmétiques Carrefour;tubo de 50 ml.;4,08
Crema protectora vitamina E;Les Cosmétiques Carrefour;dosificador de 50 ml.;5,74
Borrador de arrugas día con Retinol Puro Plénitude;L'Oréal;tubo de 30 ml.;10,95
Borrador de arrugas noche con Retinol Puro Plénitude;L'Oréal;tubo de 30 ml.;10,95
Crema antiarrugas + firmeza de día Plénitude Revitalift;L'Oréal;tarro de 50 ml.;10,45
Crema antiarrugas de noche Plénitude Revitalift;L'Oréal;tarro de 50 ml.;10,95
Crema hidratante Plénitude Futur-e;L'Oréal;dosificador de 50 ml.;8,50
Crema hidratante Plénitude Futur·e;L'Oréal;tarro de 50 ml.;8,50
Crema hidratante pieles secas Activ-Futur Plénitude;L'Oréal;tarro de 50 ml.;7,99
Crema rehidratante de día  Age Perfect Plénitude;L'Oréal;tarro de 50 ml.;11,45
Crema nutritiva de noche Plénitude Age Perfect;L'Oréal;tarro de 50 ml.;11,45
Tratamiento anti-manchas aclarante Age Perfect Plénitude;L'Oréal;bote de 30 ml.;11,45
Gel-crema  piel normal-mixta Plénitude Hydrafresh;L'Oréal;tarro de 50 ml.;6,45
Gel-crema piel seca-sensible Plénitude Hydrafresh;L'Oréal;tarro de 50 ml.;6,45
Crema de día acción anti-edad Visible Results Plénitude;L'Oréal;dosificador 50 ml.;13,07
Crema hidratante para piel madura Multi Active;Margaret Astor;50 ml.;9,71
Crema anti-arrugas de noche Q10;Nivea Visage;tarro de 50 ml.;10,46
Crema anti-arrugas Q10 + Leche;Nivea Visage;#¿NOMBRE?;13,90
Crema hidratante de día piel normal y mixta;Nivea Visage;tarro de 50 ml.;6,45
Crema hidratante de día piel seca y sensible;Nivea Visage;tarro de 50 ml.;6,05
Crema hidratante intensiva All Day Aqua;Nivea Visage;bote de 50 ml.;7,39
Crema hidratante intensiva Alpha Flavon;Nivea Visage;tarro de 50 ml.;8,40
Crema regeneradora de noche;Nivea Visage;tarro de 50 ml.;7,39
Crema anti-envejecimiento Cuidado Completo piel madura;Nivea Vital;tarro de 50 ml;10,50
Crema hidratante intensiva de día piel madura;Nivea Vital;tarro de 50 ml.;8,50
Tratamiento reparador completo de noche piel madura;Nivea Vital;bote de 30 ml.;11,75
Crema hidratante de día Compensating;Pond's;50ml + REGALO MASAJE Instituto Pond's;5,44
Crema regeneradora energizante de noche Pura Energía;Vitesse;tarro de 30 ml.;10,90
Crema energizante de día Pura Energía;Vitesse;tarro de 30 ml.;10,26
Crema hidratante de día para pieles normales;Vitesse Kinesia;tarro de 50 ml.;6,49
Crema hidratante de día para pieles mixtas;Vitesse Kinesia;tarro de 50 ml.;6,49
Crema hidratante de día para pieles sensibles;Vitesse Kinesia;tarro de 50 ml.;6,49
Crema correctora de arrugas Retinol Intense A+C;Vitesse Kinesia;tarro de 40 ml.;9,92
Cápsulas Retinol Intense A+C;Vitesse Kinesia;tarro de 21 unidades.;14,53
Crema de día efecto lifting;Vitesse Kinesia;tarro de 40 ml.;10,25
Crema de noche Acción Lifting;Vitesse Kinesia;tarro de 30 ml.;11,35
Serúm anti-edad con bio-péptidos piel madura;Vitesse Vitalité;tarro de 30 ml.;11,87
Crema regeneradora de noche pieles maduras;Vitesse Kinesia Vitalité;tarro de 40 ml;12,04
Crema anti-manchas día y noche pieles maduras;Vitesse Kinesia Vitalité;tarro 40 ml;12,00
Desodorante spray Exótico;Carrefour;200 ml.;1,47
Desodorante spray Fresco;Carrefour;200 ml.;1,47
Desodorante spray Kiwi;Carrefour;200 ml.;1,47
Desodorante spray fresco;Carrefour;50 ml.;0,81
Desodorante spray;Azur de Puig;200 ml.;3,39
Desodorante anti-transpirante spray Sensitive;Adidas Performance for Women;200 ml.;3,30
Desodorante spray;Dove;200 ml.;3,15
Desodorante spray;Dove Fresh Blue;200 ml.;3,15
Desodorante spray sin perfume;Dove Sensitive;200 ml.;3,15
Desodorante spray;Fa Caribbean Lemon;200 ml.;2,95
Desodorante spray;Fa Spring Flowers;200 ml.;2,95
Desodorante body spray;Impulse Ico;75 ml.;2,64
Desodorante body spray;Impulse O2;75 ml.;2,64
Desodorante body spray;Impulse Zen;75 ml.;2,64
Desodorante spray;Nivea Deodorant;2 botes de 250 ml+REGALO Gel baño bifásico 400 ml;3,35
Desodorante spray;Rexona Algodón;200 ml.;1,50
Desodorante anti-transpirante spray Intense;Adidas Performance for Men;200 ml.;3,30
Desodorante spray;Axe Atlantis;150 ml.;3,35
Desodorante spray;Axe Dimensión;150 ml.;3,35
Desodorante spray;Axe Gravity;150 ml.;3,35
Desodorante spray;Axe Marine;150 ml.;3,35
Desodorante spray;Axe Phoenix;150 ml.;3,35
Desodorante spray;Axe Voodoo;150 ml.;3,35
Desodorante spray;Fa Men Amazonic;150 ml.;2,45
Desodorante spray;Fa Men Dynamic;150 ml.;2,45
Desodorante spray;Fa Men Oceanic;150 ml.;2,45
Desodorante spray;Jackerton;200 ml.;1,65
Desodorante spray for Men;Kinesia Artic;250 ml.;3,05
Desodorante spray con proteínas de leche;Lactovit Hombre;200 ml.;3,05
Desodorante spray;Massimo Dutti;200 ml.;5,74
Desodorante spray;Nivea Deodorant For Men;2 botes de 250ml+REGALO Gel baño bifásico 400ml;3,35
Desodorante spray Cobalt Blue;Rexona For Men;200 ml.;3,30
Desodorante spray;Sanex Hombre;200 ml.;3,11
Desodorante spray;Williams Ice Blue;250 ml.;3,19
Desodorante spray;Williams Sport;250 ml.;3,19
Desodorante spray Avena;Carrefour;250 ml.;2,95
Desodorante spray para Piel Sensible Avena;Kinesia;200 ml.;3,05
Desodorante spray;Kinesia Alta Protección;200 ml.;3,05
Desodorante spray con proteínas de leche;Lactovit;200 ml.;2,85
Desodorante spray;Palmolive Neutro Balance;200 ml.;3,15
Desodorante spray Sensitive sin perfume;Nivea Deodorant;250 ml.;3,30
Desodorante spray dermoprotector;Sanex Alta Tolerancia;200 ml.;3,11
Desodorante spray dermosensitive;Sanex Lactoserum;200 ml.;3,11
Desodorante spray dermoprotector;Sanex Micro Talco;200 ml.;3,11
Desodorante roll-on fresh;Byly;50 ml.;2,29
Desodorante roll-on;Dove;50 ml.;2,49
Desodorante roll-on;Dove Fresh Blue;50 ml.;2,49
Desodorante roll-on sin perfume;Dove Sensitive;50 ml.;3,15
Desodorante roll-on;Fa Caribbean Lemon;50 ml.;2,25
Desodorante roll-on;Fa Spring Flower;50 ml.;2,25
Desodorante roll-on;Mum Brisa;50 ml.;2,20
Desodorante roll-on sin fragancia;Mum Hipoalergénico;50 ml.;2,20
Desodorante roll-on;Mum Ocean Breeze;50 ml.;2,20
Desodorante roll-on;Mum Rocío;50 ml.;2,20
Desodorante roll-on;Nivea;2 botes de 50 ml.+REGALO Gel baño bifásico 400 ml.;2,65
Desodorante roll-on Fresh;Nivea Deodorant;50 ml.;2,45
Desodorante roll-on Brisa;Carrefour;50 ml.;1,05
Desodorante roll-on For Men;Mum Classic;50 ml.;2,20
Desodorante roll-on;Nivea For Men;2 botes 50 ml.+REGALO Gel baño bifásico 400 ml.;2,65
Desodorante roll-on Fresh;Nivea Deodorant For Men;50 ml.;2,45
Desodorante roll-on Cobalt Blue;Rexona For Men;50 ml.;2,45
Desodorante roll-on Ionic;Rexona For Men;50 ml.;2,45
Desodorante roll-on;Williams Ice Blue;50 ml.;2,00
Desodorante roll-on Neutro;Carrefour;50 ml.;1,05
Desodorante roll-on sin perfume;Byly;50 ml.;2,29
Desodorante roll-on;Johnson's pH 5.5;50 ml.;2,25
Desodorante roll-on con proteínas de leche;Lactovit;50 ml.;2,15
Desodorante roll-on sin fragancia;Mum Hipoalergénico;50 ml.;2,20
Desodorante roll-on;Mum Sport;50 ml.;2,20
Desodorante roll-on;Palmolive Neutro Balance;50 ml.;1,99
Desodorante roll-on dermoneutral sin frangancia;Sanex;50 ml.;2,19
Desodorante roll-on dermosensitive;Sanex Lactoserum;50 ml.;2,19
Desodorante roll-on dermotolerancia;Sanex Alta Tolerancia;50 ml.;2,19
Desodorante roll-on dermoprotector;Sanex Microtalco;50 ml.;2,19
Desodorante stick;Dove;40 ml.;3,15
Desodorante stick;Williams Ice Blue;75 ml.;1,95
Desodorante stick;Williams Sport;75 ml.;1,95
Desodorante stick con proteínas de leche;Lactovit;50 ml.;1,75
Desodorante stick;Neutro Balance Classic;50 ml.;1,85
Desodorante stick dermoprotector;Sanex Alta Tolerancia;50 ml.;1,97
Desodorante stick dermosensitive;Sanex Lactoserum;50 ml.;1,97
Cepillo de dientes bimaterial suave;Carrefour;1 unidad.;1,05
Cepillo de dientes Techni Design suave;Carrefour;1 unidad.;1,17
Cepillo de dientes suave;Colgate Total Professional;1 unidad.;2,90
Cepillo de dientes suave de 35 mm.;Oral-B Cross Action;1 unidad.;3,85
Cepillo de dientes suave de 40 mm.;Oral-B Cross Action;1 unidad.;3,85
Cepillo de dientes Sistema Dientes Blancos suave;Signal Plus;1 unidad.;3,42
Cepillo de dientes suave;Signal Plus Elastys;1 unidad.;1,99
Cepillo de dientes medio Familiar;Carrefour;3 unidades.;1,13
Cepillo de dientes bimaterial medio;Carrefour;1 unidad.;1,05
Cepillo de dientes Techni Design medio;Carrefour;1 unidad.;1,17
Cepillo de dientes medio;Binaca Flex Top;1 unidad.;2,95
Cepillo de dientes cóncavo medio;Binaca maX-Active;1 unidad.;3,65
Cepillo de dientes X - Active medio;Binaca maX - Active;1 unidad.;3,65
Cepillo de dientes medio;Colgate Zig Zag;2 unidades.;2,90
Cepillo de dientes medio;Licor del Polo Protektor;1 unidad.;1,55
Cepillo de dientes medio;Licor del Polo Microtech;1 unidad.;2,35
Cepillo de dientes medio;Oral-B Advantage;1 unidad.;2,88
Cepillo de dientes medio;Oral-B Advantage Plus;1 unidad.;2,88
Cepillo de dientes medio de 35 mm.;Oral-B Cross Action;1 unidad.;3,85
Cepillo de dientes medio de 40 mm.;Oral-B Cross Action;1 unidad.;3,85
Cepillo de dientes Sistema Dientes Blancos medio;Signal Plus;1 unidad.;3,42
Cepillo de dientes medio;Signal Plus Elastys;1 unidad.;1,99
Cepillo de dientes bimaterial duro;Carrefour;1 unidad.;1,05
Cepillo de dientes Techni Design duro;Carrefour;1 unidad.;1,17
Cepillo de dientes de viaje;Carrefour;1 unidad.;0,87
Kit dental de viaje;Carrefour;#¿NOMBRE?;1,50
Kit dental de viaje;Oral-B;#¿NOMBRE?;3,05
Compresa Canales Noche;Carrefour;paquete de 10 unidades.;1,17
Compresa ultra con alas Noche;Carrefour;paquete de 10 unidades.;1,85
Compresa Noche con alas superplus;Ausonia;paquete de 14 uds.;2,10
Compresa Noche con alas superplus;Ausonia Air Dry;paquete de 10 unidades.;2,60
Compresa para pequeñas pérdidas de orina extra;Tena Lady;paquete de 10 unidades.;4,95
Compresa para pequeñas pérdidas de orina normal;Tena Lady;paquete de 12 unidades.;4,95
Compresa para pequeñas pérdidas de orina mini;Tena Lady;paquete de 20 unidades.;4,95
Compresa adherente normal;Carrefour;paquete de 60 unidades.;2,19
Compresa anatómica flujo muy abundante noche;Carrefour;paquete de 10 unidades.;1,17
Compresa anatómica flujo normal;Carrefour;paquete de 16 unidades.;1,44
Compresa con alas flujo muy abundante super;Carrefour;paquete de 14 unidades;2,00
Compresa extraplana normal;Ausonia;paquete de 20 unidades.;2,15
Compresa con alas normal;Ausonia Seda;paquete de 16 unidades.;2,15
Compresa con alas super;Evax Canales;paquete de 14 unidades.;2,10
Compresa con alas normal;Evax Canales;paquete de 16 unidades.;2,10
Compresa ultra con alas super;Carrefour;paquete de 14 unidades.;2,45
Compresa ultra con alas super;Ausonia Air Dry;paquete de 14 unidades.;2,60
Compresa ultra con alas normal;Ausonia Air Dry;paquete de 16 unidades.;2,60
Compresa ultra con alas normal;Ausonia Air Dry;paquete de 28 unidades.;4,35
Compresa ultra con alas superplus;Evax Odorfresh;paquete de 10 unidades.;2,65
Compresa ultra con alas super;Evax Odorfresh;paquete de 14 unidades.;2,65
Compresa ultra con alas normal;Evax Odorfresh;paquete de 16 unidades.;2,65
Compresa ultra con alas normal;Evax Odorfresh;paquete de 28 unidades.;4,45
Compresa ultra con alas;Evax Tanga;caja de 10 unidades.;2,65
Compresa anatómica flujo normal;Carrefour;paquete de 16 unidades.;2,60
Compresa ultra sin alas normal;Ausonia Air Dry;paquete de 20 unidades.;2,60
Compresa ultra sin alas maxi;Evax Fina y Segura;paquete de 14 unidades.;2,10
Compresa ultra sin alas normal;Evax Fina y Segura;paquete de 16 unidades.;2,10
Compresa ultra sin alas normal;Evax Odorfresh;paquete de 20 unidades.;2,65
Gnocchi de patatas;Buitoni;paquete de 400 g.;1,75
Tagliatelle all' uovo;Buitoni;paquete de 250 g.;1,75
Spaghetti all´uovo;Buitoni;paquete de 250 g.;1,75
Spaghetti frescos con huevo y espinacas;El Pavo;paquete de 250 g.;1,54
Spaghetti frescos con huevo;El Pavo;paquete de 250 g.;1,54
Tallarines frescos con huevo;El Pavo;paquete de 250 g.;1,54
Cappelletti con prosciutto crudo;Buitoni;paquete de 250 g.;2,59
Fagottini con basilico e ricotta;Buitoni;paquete de 250 g.;2,59
Ravioli al brasato;Buitoni;paquete de 250 g.;2,59
Ravioli al 4 formaggi;Buitoni;paquete de 250 g.;2,59
Tortelloni ricotta e spinaci;Buitoni;paquete de 250 g.;2,59
Cappelletti rellenos de jamón Ibérico;El Pavo;paquete de 250 g.;2,55
Ravioli rellenos de espinacas y queso;El Pavo;paquete de 250 g.;2,55
Ravioli rellenos de quesos selectos;El Pavo;paquete de 250 g.;2,55
Tortellini rellenos de carne selecta;El Pavo;paquete de 250 g.;2,55
Tortelloni de queso manchego curado;El Pavo;paquete de 250 g.;2,75
Salsa bechamel;Reny Picot;brik de 500 ml.;1,94
Salsa Bolognese de carne y vegetales;Buitoni;bote de 200 g.;1,95
Salsa Formagi 4 quesos;Buitoni;bote de 200 g.;2,39
Salsa Napolitana de tomate a la albahaca;Buitoni;bote de 200 g.;1,95
Salsa Pesto alla Genovesa, albahaca y piñones;Buitoni;bote de 140 g.;2,39
Salsa a la Siciliana;Buitoni;bote de 200 g.;2,39
Salsa fresca al pesto;El Pavo;tarrina de 180 g.;2,48
Salsa fresca al queso;El Pavo;tarrina de 180 g.;2,48
Spaghetti a la carbonara;Gallina Blanca;sobre de 170 g., 2 raciones.;1,59
Spaghetti a la piamontesa Hoy Menú;Gallina Blanca;sobre de 170 g., 2 raciones.;1,59
Spaghetti a los 3 quesos;Gallina Blanca;sobre de 170 g., 2 raciones.;1,59
Spaghettini a la barbacoa;Gallina Blanca;sobre de 80 g.;0,63
Spaghettini a la boloñesa;Gallina Blanca;sobre de 82 g.;0,63
Spaghettini a la parmesana;Gallina Blanca;sobre de 80 g.;0,63
Spaghettini pollo y champiñones;Gallina Blanca;sobre de 82 g.;0,63
"Spaghetti carbonara rico en fibra ""Pastaria""";Maggi;sobre de 2 raciones, 145 g.;1,30
Spaghetti  3 quesos rico en fibra Pastaria;Maggi;sobre de 2 raciones,145 g.;1,30
"Spaghetti Napolitana rico en fibra ""Pastaria""";Maggi;sobre de 2 raciones, 145 g.;1,30
Volantinas a la Parmesana;Carrefour;sobre de 145 g., 2 raciones.;1,59
Espirales al funghi;Gallina Blanca;sobre de 167 g., 2 raciones.;1,59
Cintas a la carbonara Spaghetteria;Knorr;sobre de 135 g., 2 raciones;1,22
Macarrones a la boloñesa;Gallina Blanca;sobre de 138 g., 2 raciones.;1,59
Macarrones a la italiana;Gallina Blanca;sobre de 143 g., 2 raciones.;1,59
Tallarines a la Boloñesa;Carrefour;sobre de 145 g.,  2 raciones.;1,59
Tallarines a la parmesana;Gallina Blanca;sobre de 145 g., 2 raciones.;1,59
Tallarines al pesto;Gallina Blanca;sobre de 139 g., 2 raciones.;1,59
Tortellini cinco quesos;Carrefour;sobre de 150 g., 2 raciones.;0,99
Tortellini a la Napolitana;Carrefour;sobre de 150 g., 2 raciones.;0,99
Tortellini a la Piamontesa;Carrefour;sobre de 150 g., 2 raciones.;0,99
Tortellini salsa Venus;Carrefour;sobre de 150 g., 2 raciones.;0,99
Tortellini a la piamontesa;Gallina Blanca;sobre de 145 g., 2 raciones.;1,73
Tortellini con salsa de almendras;Gallina Blanca;sobre de 148 g., 2 raciones.;1,73
Tortellini con salsa Venus;Gallina Blanca;sobre de 150 g., 2 raciones.;1,73
Pizza cuatro quesos de Italia al horno de leña;Carrefour;caja de 410 g.;3,45
Pizza Royal al horno de leña;Carrefour;caja de 480 g.;3,45
Pizza de queso de cabra al horno de leña;Carrefour;caja de 440 g.;3,62
Pizza caprichosa Forno di Pietra;Buitoni;caja de 410 g.;4,29
Pizza 3 formaggi Forno di Pietra;Buitoni;caja de 410 g.;4,64
Pizza pasta fina queso y jamón;Buitoni;caja de 340 g.;3,75
Pizza pasta fina 3 quesos;Buitoni;caja de 340 g.;2,65
Pizza Carbonara Forno di Pietra;Buitoni;caja de 410 g.;4,55
Pizza artesana atún y bacon;La Cocinera;caja de 375 g.;2,60
Pizza artesana 4 quesos;La Cocinera;caja de 300 g.;2,80
Pizza artesana mozzarella;La Cocinera;caja de 330 g.;2,60
Pizza Mariachi con carne;La Cocinera;caja de 450 g.;2,99
Pizza Americana ranchera con jamon y champiñón;La Cocinera;caja de 440 g.;2,99
Pizza Arizona de carne;La Cocinera;caja de 460 g.;2,99
Base de pizza;Carrefour;bolsa de 3 unidades de 375 g.;0,85
Base de pizza;Carrefour;bolsa de 3 unidades, 450 g.;1,00
Bases para pizza;La Cocinera;bolsa de 5 unidades, 350 g.;1,61
Bases para pizza Pizzanova;Pescanova;bolsa de 5 unidades, 625 g.;1,62
Pizza de atún;Carrefour;caja de 300 g.;1,47
Pizza 4 estaciones;Carrefour;caja de 300 g.;1,47
Pizza frutos de mar;Carrefour;caja de 300 g.;1,47
Pizza romana;Carrefour;caja de 300 g.;1,47
Pizza roquefort mozzarella;Carrefour;caja de 300 g.;1,44
Pizza de atún;La Cocinera;caja de 290 g.;1,95
Pizza Margarita;Carrefour;caja de 275 g.;0,96
Pizza margarita;La Cocinera;caja de 265 g.;1,60
Pizza marinera;La Cocinera;caja de 300 g.;1,95
Pizza Romana;La Cocinera;caja de 290 g.;1,95
Pizza familiar de jamón, queso y champiñones;Carrefour;caja de 600 g.;2,99
Baguettes jamón, bacon y queso;Carrefour;2 unidades, 250 g.;1,19
Baguettes con tomate y mozzarella;Carrefour;2 unidades, 250 g.;1,19
Pannini de Atún;Knorr;2 baguettes, 250 g.;2,09
Pannini de Queso y Champiñones;Frudesa;2 baguettes, 250 g.;2,09
Pannini Tres Quesos;Knorr;2 baguettes, 250 g.;2,09
Pizza clásica Romana;Maggi;caja de 310 g.;1,65
Arroz a banda Mediterránea;Maggi;caja de 435 g.;3,30
Arroz tres delicias con marisco;Carrefour;bolsa de 500 g.;1,17
Arroz Milanesa;Carrefour;bolsa de 500 g.;1,17
Arroz tres delicias;Carrefour;bolsa de 500 g;1,17
Arroz 3 delicias;Carrefour;bolsa de 1 Kg.;2,35
Arroz tres delicias clásico;Maggi;bolsa de 450 g.;1,86
Arroz negro;Carrefour;bolsa de 500 g.;1,80
Saltea y Disfruta de arroz negro;Frudesa;bolsa de 400 g.;2,54
Salto de arroz tres delicias tradicional;Frudesa;bolsa de 500 g.;2,54
Fideuá Mediterránea;Maggi;caja de 435 g. , 2 raciones + barqueta de salsa Alioli.;3,49
Saltea y Disfruta de paella Valenciana;Frudesa;bolsa de 400 g.;2,54
Risotto 3 quesos Mediterránea;Maggi;caja de 410 g.;3,30
Risotto de setas Mediterránea;Maggi;caja de 410 g.;3,30
Salteado Campestre;Bonduelle;bolsa de 450 g.;1,81
Salteado de guisantes con bacon;Bonduelle;bolsa de 450 g.;2,02
Salteado de judías con bacon;Bonduelle;bolsa de 450 g.;2,35
Salteado de pasta con verduras;Bonduelle;bolsa de 450 g.;2,02
Salteado Tradicional;Bonduelle;bolsa de 450 g.;1,81
Salteado de verduras con bacon;Bonduelle;bolsa de 450 g.;2,02
Salteado de verduras con carne;Bonduelle;bolsa de 450 g.;2,02
"Braseado Mediterráneo ""Brasador""";Findus;bolsa de 400 g.;2,30
"Braseado Toscano ""Brasador""";Findus;bolsa de 400 g.;2,50
"Parrillada campesina ""Brasador""";Findus;bolsa de 400 g.;2,55
"Parrillada Rústica ""Brasador""";Findus;bolsa de 400 g.;2,50
"Parrillada de la vega ""Brasador""";Findus;bolsa de 400 g.;2,55
"Pisto braseado ""Brasador""";Findus;bolsa de 400 g.;2,30
Sartén Andaluza con garbanzos, espinacas y gambas;Salto;bolsa de 400 g.;2,25
Saltea y Disfruta  verdura con pasta jardinera con almejas;Frudesa;bolsa 400 g.;1,95
Saltea y Disfruta verdura con pasta Mediterránea con pollo;Frudesa;bolsa 400 g.;1,95
Wok Bali;Findus;bolsa de 500 g.;2,69
Wok Couscous Oriental;Findus;bolsa de 600 g.;2,69
Ensalada de marisco;Frudesa;bolsa de 300 g.;2,25
Saltea y Disfruta de pollo al chilindrón;Frudesa;bolsa de 400 g.;2,99
Saltea y disfruta de pollo en pepitoria;Frudesa;bolsa de 400 g.;2,99
Saltea y Disfruta  verdura con pasta jardinera con almejas;Frudesa;bolsa 400 g.;1,95
Saltea y Disfruta verdura con pasta Mediterránea con pollo;Frudesa;bolsa 400 g.;1,95
Huevo hilado;Calidad Tradición Carrefour;bandeja de 2 a 5 unidades, 500;9,86
Solomillo de ternera;Calidad Tradición Carrefour;bandeja de 1 unidad, 975 g. aprox.;26,17
Filetes de solomillo de ternera;Calidad Tradición Carrefour;bandeja de 3 a 4 ud., 425 g. aprox.;11,41
Chuletón de ternera;Calidad Tradición Carrefour;bandeja de 1 unidad, 475 g. aprox.;8,75
Filete 1ª A de ternera;Calidad Tradición Carrefour;bandeja de 4 a 6 unidades, 400 g. aprox.;5,42
Filete 1ª B de ternera;Calidad Tradición Carrefour;bandeja de 3 a 4 unidades, 500 g. aprox.;4,95
Redondo de ternera, trozo;Calidad Tradición Carrefour;bandeja de 1 unidad, 1250 g. aprox.;16,95
Rotí de ternera;Calidad Tradición Carrefour;bandeja de 1 unidad, 900 g. aprox.;11,59
Fondue de ternera;Calidad Tradición Carrefour;bandeja de 450 g. aprox.;5,95
Estofado de ternera;Calidad Tradición Carrefour;bandeja de 500 g. aprox.;4,12
Morcillo de ternera;Calidad Tradición Carrefour;bandeja de 1 a 2 unidades, 400 g. aprox.;3,81
Ossobucco de ternera;Calidad Tradición Carrefour;bandeja de 1 a 2 unidades, 625 g. aprox.;5,19
Falda de ternera;Calidad Tradición Carrefour;bandeja de 2 a 3 unidades, 450 g. aprox.;3,05
Costillas de ternera;Calidad Tradición Carrefour;bandeja de 2 a 3 unidades, 400 g. aprox.;2,64
Ciruela con hueso;Carrefour;bolsa de 250 g.;1,38
Ciruela sin hueso;Carrefour;bolsa de 250 g.;1,68
Ciruelas con hueso;Carrefour;bolsa de 500 g.;2,58
Ciruelas sin hueso;Carrefour;bolsa de 500 g.;3,24
Cruelas con hueso;Carrefour;bandeja de 400 g.;2,21
Ciruelas sin hueso;Carrefour;bandeja de 400 g.;2,21
Ciruelas de California con hueso;Borges;caja de 250 g.;2,20
Ciruelas de California sin hueso;Borges;caja de 250 g.;2,40
Ciruelas con hueso de California;Borges;caja de 500 g.;3,48
Ciruelas sin hueso de California;Borges;caja de 500 g.;3,93
Ciruelas pasas con hueso Ulises, nº 16;Capo;estuche de 320 g.;2,40
Ciruela pasas sin hueso Prometeo, nº 22;Capo;estuche de 320 g.;3,86
Pasas moscatel;Carrefour;bolsa de 250 g.;1,38
Pasas moscatel sin pepitas;Carrefour;bolsa de 250 g.;1,35
Pasas Moscatel;Carrefour;bandeja de 370 g.;2,21
Pasas Moscatel sin pepitas;Carrefour;bandeja de 370 g.;2,21
Pasas moscatel;Carrefour;bolsa de 500 g.;2,64
Pasas sultanas;Carrefour;bolsa de 250 g.;0,96
Pasas Sultanas;Carrefour;bandeja de 370 g.;2,21
Pasas sultanas;Carrefour;bolsa de 500 g.;1,77
Pasas moscatel;Borges;caja de 150 g.;1,19
Pasas de California sin pepitas;Borges;caja de 150 g.;1,28
Pasas moscatel de Málaga;Borges;caja de 150 g.;1,90
Uvas pasas de Chile;Borges;bolsa de 200 g.;1,80
Pasas moscatel  sin hueso Nereidas nº 18;Capo;estuche de 265 g.;2,67
Pasas sultanas sin hueso Japeto, nº 19;Capo;estuche de 300 g.;1,96
Pasas de Corinto;Vahiné;bolsa de 100 g.;1,08
Dátiles deglet nour sin hueso;Carrefour;bandeja de 250 g.;1,50
Datil Deglet Nour;Carrefour;bandeja de 250 g.;1,17
Datil Deglet Nour;Carrefour;bandeja de 500 g.;2,28
Dátiles Tâmaras Deglet Nour de Túnez;Borges;caja de 250 g.;2,28
Dátiles Deglet Nour de Túnez con hueso;Borges;caja de 500 g.;2,98
Dátiles sin hueso Urano nº 21;Capo;estuche de 320 g.;3,86
Dátiles Hera nº 28;Capo;estuche de 320 g.;2,40
Dátiles en rama Titán;Capo;bandeja de 650 g.;6,80
Pan de dátil;Carrefour;1 unidad de 250 g.;1,15
Pan de dátil;Capo;1 unidad de 400 g.;3,95
Mix Especialidades;Carrefour;bandeja de 375 g.;2,16
Bandeja tradicional de frutas desecadas y frutos secos;Carrefour;1 unidad de 240 g;2,50
Bandeja de frutas desecadas tropicales;Carrefour;1 unidad de 240 g.;2,50
Surtido de frutas desecadas Cofre Nº 1;Borges;estuche de 385 g.;5,42
Surtido de frutas desecadas Nº 2;Borges;estuche de 315 g.;4,08
Surtido de frutas desecadas y frutos secos Cesta Nº 3;Borges;estuche de 300 g.;4,08
Surtido de frutas desecadas Electra nº 2;Capo;estuche de 590 g.;6,32
Surtido de frutas desecadas Selena, nº 34;Capo;estuche de 800 g.;7,78
Surtido de frutas desecadas Zeus, nº 35;Capo;estuche de 700 g.;6,60
Surtido de frutas desecadas y frutos secos Gea, nº 39;Capo;estuche de 420 g.;5,85
Surtido de frutas desecadas Panacea, nº 41;Capo;estuche de 380 g.;4,25
Surtido de frutas desecadas y frutos secos Mix, nº 50;Capo;estuche de 700 g.;6,50
Higos País Extra;Carrefour;bandeja de 275 g.;1,32
Higos del País;Carrefour;bolsa de 1 kg.;2,70
Higos secos;Borges;paquete de 250 g.;2,68
Higos secos;Borges;estuche de 250 g.;1,97
Higos Turcos;Carrefour;bandeja de 400 g.;2,58
Higos secos;Capo;bandeja de 850 g.;4,42
Higos nacionales;Capo;bolsa de 1 kg.;2,00
Pan de Higo;Carrefour;cuña de 300 g.;1,74
Pan de higo con almendras;Capo;torta de 300 g.;2,76
Pan de higo con almendras;Capo;cuña de 400 g.;2,18
Torta de higo con almendras y obleas;Capo;cuña de 250 g.;1,59
Orejones de Albaricoque;Carrefour;bolsa de 250 g.;1,99
Orejones de Albaricoque;Carrefour;bandeja de 300 g.;2,55
Orejones de albaricoque;Carrefour;bandeja de 400 g.;3,00
Orejones de Albaricoque;Borges;estuche de 150 g.;1,80
Albaricoques desecados de Turquía;Borges;bolsa de 200 g.;2,61
Orejones de albaricoque Prometeo, nº 17;Capo;estuche de 320 g.;3,50
Papaya;Carrefour;bolsa de 250 g.;1,86
Plátano desecado;Carrefour;bolsa de 250 g.;1,41
Piña desecada;Carrefour;bolsa de 250 g.;1,86
Frutas Tropicales desecadas de Thailandia;Borges;bolsa de 200 g.;2,43
Mix Exótico;Carrefour;bandeja de 250 g.;1,98
Mix Tropical;Carrefour;bolsa de 250 g.;1,75
Ciruelas con hueso de California;Borges;caja de 500 g.;3,48
Almendras largueta tostadas con sal;Carrefour;bolsa de 100 g.;0,81
Almendras marcona repeladas fritas;Carrefour;bolsa de 100 g.;1,15
Bombón de almendra;Carrefour;caja de 175 g.;2,00
Bombón de almendra sabor café;Carrefour;caja de 175 g.;2,00
Almendras marcona fritas y saladas;Borges;bolsa de 250 g.;1,14
Almendras marcona;Eagle;bolsa de 100 g.;1,53
Tambo de almendra;Capo;bandeja de 175 g.;2,40
Almendra garrapiñada;Carrefour;caja de 150 g.;2,00
Garrapiñada natural de almendra;Capo;bolsa de 200 g.;2,25
Garrapiñadas de almendras naturales;Capo;bolsa de 250 g.;2,27
Almendras garrapiñadas Deimo, nº 45;Capo;estuche de 225 g.;3,64
Almendras garrapiñadas;Rey;bolsa de 300 g.;2,13
Almendras de Navidad;E.Moreno;bolsa de 250 g.;1,65
Almendras rellenas de chocolate;E.Moreno;bolsa de 250 g.;1,89
Anacardos fritos;Carrefour;bolsa de 125 g.;1,80
Anacardos fritos;Carrefour;bolsa de 250 g.;3,50
Anacardos fritos con miel;Eagle;bolsa de 75 g.;1,30
Avellana cáscara;Carrefour;bolsa de 400 g.;2,31
Avellanas tostadas;Carrefour;bolsa de 100 g.;0,81
Avellanas tostadas;Borges;bolsa de 250 g.;3,07
Cacahuetes con cáscara tostados con sal;Carrefour;bolsa de 250 g.;0,78
Cacahuetes con cáscara tostados con sal;Carrefour;bolsa de 500 g.;1,44
Cacahuetes con cáscara tostados naturales;Carrefour;bolsa de 250 g.;0,90
Cacahuetes con cáscara tostados naturales;Carrefour;bolsa de 500 g.;1,65
Cacahuete frito piel;Carrefour;bolsa de 125 g.;0,53
Cacahuetes mondados fritos con piel;Carrefour;bolsa de 500 g.;1,59
Cacahuetes repelados fritos;Carrefour;bolsa de 250 g.;0,93
Cacahuetes repelados fritos;Carrefour;bolsa de 500 g.;1,74
Cacahuete garrapiñado;Carrefour;caja de 150 g.;2,00
Cacahuetes fritos y salados;Borges;bolsa de 100 g.;0,80
Cacahuete frito y salado;Borges;bolsa de 400 g.;0,53
Cacahuetes con miel;Borges;bolsa de 100 g.;0,85
Cacahuetes con cáscara tostados;Borges;bolsa de 500 g.;1,71
Garrapiñadas de cacahuete;Capo;bolsa de 250 g.;1,59
Cacahuetes de Virginia;Eagle;lata de 311 g.;2,58
Cacahuetes de Virginia salados;Eagle;bolsa de 100 g.;0,90
Cacahuetes fritos con miel;Eagle;lata de 311 g.;0,98
Lote Cacahuetes fritos con miel + Musik;Eagle;lata de 311 g. + lata de 311 g.;5,85
Ciruela con hueso;Carrefour;bolsa de 250 g.;1,38
Ciruela sin hueso;Carrefour;bolsa de 250 g.;1,68
Ciruelas con hueso;Carrefour;bolsa de 500 g.;2,58
Ciruelas sin hueso;Carrefour;bolsa de 500 g.;3,24
Cruelas con hueso;Carrefour;bandeja de 400 g.;2,21
Ciruelas sin hueso;Carrefour;bandeja de 400 g.;2,21
Ciruelas de California con hueso;Borges;caja de 250 g.;2,20
Ciruelas de California sin hueso;Borges;caja de 250 g.;2,40
Ciruelas con hueso de California;Borges;caja de 500 g.;3,48
Ciruelas sin hueso de California;Borges;caja de 500 g.;3,93
Ciruelas pasas con hueso Ulises, nº 16;Capo;estuche de 320 g.;2,40
Ciruela pasas sin hueso Prometeo, nº 22;Capo;estuche de 320 g.;3,86
Pasas moscatel;Carrefour;bolsa de 250 g.;1,38
Pasas moscatel sin pepitas;Carrefour;bolsa de 250 g.;1,35
Pasas Moscatel;Carrefour;bandeja de 370 g.;2,21
Pasas Moscatel sin pepitas;Carrefour;bandeja de 370 g.;2,21
Pasas moscatel;Carrefour;bolsa de 500 g.;2,64
Pasas sultanas;Carrefour;bolsa de 250 g.;0,96
Pasas Sultanas;Carrefour;bandeja de 370 g.;2,21
Pasas sultanas;Carrefour;bolsa de 500 g.;1,77
Pasas moscatel;Borges;caja de 150 g.;1,19
Pasas de California sin pepitas;Borges;caja de 150 g.;1,28
Pasas moscatel de Málaga;Borges;caja de 150 g.;1,90
Uvas pasas de Chile;Borges;bolsa de 200 g.;1,80
Pasas moscatel  sin hueso Nereidas nº 18;Capo;estuche de 265 g.;2,67
Pasas sultanas sin hueso Japeto, nº 19;Capo;estuche de 300 g.;1,96
Pasas de Corinto;Vahiné;bolsa de 100 g.;1,08
Bombón de almendra;Carrefour;caja de 175 g.;2,00
Bombón de almendra sabor café;Carrefour;caja de 175 g.;2,00
Mix chocolateado;Carrefour;bandeja de 300 g.;2,28
Bombones de frutos secos;Carrefour;caja de 335 g.;3,55
Surtido de Navidad Asteria,  nº 6;Capo;estuche de 290 g.;4,20
Surtido chocolateado Galatea nº 8;Capo;estuche de 275 g.;4,18
Grajeas de chocolate Feme, nº 46;Capo;estuche de 300 g.;4,60
Grajeas de chocolate Pluto, nº 48;Capo;estuche de 250 g.;3,29
"Bombón de crocanti ""Divinos""";Lacasa;bote de 225 g.;2,40
"Bombón de avellana ""Divinos""";Lacasa;bote de 200 g.;2,40
"Almendra con chocolate blanco ""Divinos""";Lacasa;bote de 200 g.;2,40
Bombón de pistacho cubierto de chocolate con leche, Divinos;Lacasa;1 unidad de 200g;2,40
"Bombón de almendra  ""Divinos""";Lacasa;bote de  200 g.;2,40
Grajeas de chocolate;Lacasitos;bote de 250 g.;2,28
Cacahuete suizo Divinos;Lacasa;bolsa de 500 g.;2,50
Bandeja tradicional de frutas desecadas y frutos secos;Carrefour;1 unidad de 240 g;2,50
Mix chocolateado;Carrefour;bandeja de 300 g.;2,28
Bombones de frutos secos;Carrefour;caja de 335 g.;3,55
Surtido de frutas desecadas y frutos secos Cesta Nº 3;Borges;estuche de 300 g.;4,08
Crocanti de almendra Hades,  nº 5;Capo;estuche de 200 g.;4,12
Surtido de Navidad Asteria,  nº 6;Capo;estuche de 290 g.;4,20
Surtido chocolateado Galatea nº 8;Capo;estuche de 275 g.;4,18
Surtido de frutas desecadas y frutos secos Gea, nº 39;Capo;estuche de 420 g.;5,85
Surtido de crocanti de frutos secos Temis, nº 42;Capo;estuche de 240 g.;5,10
Grajeas de chocolate Feme, nº 46;Capo;estuche de 300 g.;4,60
Grajeas de chocolate Pluto, nº 48;Capo;estuche de 250 g.;3,29
Surtido de frutos secos Anteros, nº 49;Capo;estuche de 580 g.;6,50
Mix Exótico;Carrefour;bandeja de 250 g.;1,98
Cocktail de frutos secos normal;Carrefour;bolsa de 100 g.;0,90
Cocktail de frutos secos rebozados;Carrefour;bolsa de 100 g.;0,75
Cocktail de frutos secos;Carrefour;bolsa de 250 g.;0,87
Mix Tropical;Carrefour;bolsa de 250 g.;1,75
Mix Especialidades;Carrefour;bandeja de 375 g.;2,16
Cocktail de cáscara;Carrefour;bolsa de 400 g.;2,01
Cocktail de frutos secos;Carrefour;bolsa de 250 g.;1,59
Mezcla surtida de frutos secos;Borges;bolsa de 500 g.;1,79
Mix de luxe;Eagle;lata de 298 g.;3,66
Lote Cacahuetes fritos con miel + Musik;Eagle;lata de 311 g. + lata de 311 g.;5,85
Núez mondada;Carrefour;bolsa de 250 g.;3,58
"Nueces Iberica ""Pata Negra""";Pizarro de Borges;bolsa de 700 g.;4,31
Nueces de California;Borges;bolsa de 750 g.;3,40
Nuez mondada Iris, nº 20;Capo;estuche de 180 g.;3,86
Maíz frito;Carrefour;bolsa de 70 g.;0,39
Maíz frito;Carrefour;bolsa de 100 g.;0,39
Maíz frito y salado;Borges;bolsa de 500 g.;1,50
Maíz frito;Grefusa Mister Corn;bolsa de 140 g.;0,78
Pipas tostadas con sal;Carrefour;bolsa de 70 g.;0,39
Pipas de girasol gigantes tostadas con sal.;Carrefour;bolsa 70 g.;0,45
Pipas de girasol tostadas con sal;Carrefour;bolsa de 250 g.;0,72
Pipas de girasol tostadas con sal;Carrefour;bolsa de 500 g.;1,32
Pipas de girasol peladas fritas;Carrefour;bolsa de 250 g.;0,93
Pipas gigantes tostadas aguasal;Carrefour;bolsa de 250 g.;1,32
Pipas de girasol gigantes tostadas con sal;Carrefour;bolsa de 250 g.;1,17
Pipas de girasol gigantes tostadas con sal;Carrefour;bolsa de 500 g.;2,07
Pipas de girasol tostadas aguasal;Borges;bolsa de 500 g.;1,61
Piponazo Deluxe;Grefusa;bolsa de 90 g.;0,69
Piponazo Deluxe;Grefusa;bolsa de 150 g.;1,11
Pipas de calabaza;Carrefour;bolsa de 70 g.;0,39
Pipas de calabaza;Carrefour;bolsa de 250 g.;1,41
Pistachos tostados;Carrefour;bolsa de 100 g.;0,95
Pistachos tostados;Carrefour;bolsa de 250 g.;2,40
Pistachos tostados;Carrefour;bolsa de 500 g.;4,66
Pistachos tostados y salados;Borges;bolsa de 250 g.;3,04
Pistacho tostado y salado;Borges;bolsa de 400 g.;5,05
Pistachos de Irán;Eagle;bolsa de 100 g.;1,27
Pistachos de Irán;Eagle;lata de 250 g.;1,89
Cacahuetes fritos y salados;Borges;bolsa de 100 g.;0,80
Cacahuetes con miel;Borges;bolsa de 100 g.;0,85
Ciruelas con hueso de California;Borges;caja de 500 g.;3,48
Chorizo Ibérico de Bellota de Guijuelo;De Nuestra Tierra;pieza de 400 g. aprox.;8,38
Chorizo Asturiano;De Nuestra Tierra;3 unidades 290 g.;4,95
Chorizo Ibérico de Huelva;Zainca;sobre de 21 lonchas al vacío, 100 g. aprox.;1,92
Chorizo Ibérico;Navidul;sobre de 20-24 lonchas,  100 g.;2,10
Chorizo Ibérico vela extra;Navidul;pieza de 280 g.;3,36
Chorizo Ibérico extra cular;Mafresa;pieza de 1000 g. aprox.;12,17
Chorizo Ibérico cular;Aromas del Encinar;pieza de 1000 g. aprox.;6,85
Chorizo Ibérico sarta;Aromas del Encinar;pieza de 250 g.;1,41
Surtido Ibérico;Navidul;sobre de 150 g.;4,50
Chorizo Ibérico de pueblo vela extra;Revilla;pieza de 265 g.;3,40
Chorizo Extra;Carrefour;sobre de 28 lonchas al vacío, 280 g. aprox.;2,40
Chorizo Tradición;Revilla;sobre de 42 lonchas al vacío, 270 g. aprox.;2,59
Chorizo Pamplona;Carrefour;sobre de 28 lonchas al vacío, 270 g. aprox.;2,02
Chorizo Pamplona;Cumbres de Navarra;sobre de 34 lonchas al vacío, 250 g. aprox.;1,65
Chorizo Salamanca;Direexa;sobre de 18 lonchas al vacío, 170 g. aprox.;2,35
Taquitos de chorizo;Revilla;2 paquetes de 75 g.;1,71
Chorizo tradicional extra sarta;Carrefour;pieza de 280 g.;2,12
Chorizo casero extra sarta;Palacios;pieza de 280 g.;2,89
Chorizo fresco para asar, freír o cocer;Palacios;paquete de 300 g.;2,19
Chorizo de pueblo dulce extra sarta;Revilla;pieza de 300 g.;2,76
Chorizo picante extra sarta;Carrefour;pieza de 280 g.;2,12
Chorizo picante extra sarta;Palacios;pieza de 280 g.;2,89
Chorizo Cantimpalo;El Acueducto;4 piezas 1000 g aprox;6,12
Chorizo Tradición extra;Revilla;pieza de 450 g.;3,58
Chistorra de Navarra;De Nuestra Tierra;pieza de 230 g.;1,62
Chistorra de Navarra;Floristán;pieza de 220 g.;1,49
Chorizo de pueblo para barbacoa, freir o guisar;Revilla;pieza de 265 g.;2,30
Chorizo Pamplona extra;Argal;pieza de 300 g.;2,85
Hígado entero de pato;De Nuestra Tierra;tarro de 130 g.;8,38
Hígado entero de pato;De Nuestra Tierra;2 latas de 70 g.;8,08
Hígado entero de pato;De Nuestra Tierra;paquete de 90 g.;5,49
Hígado entero de pato;De Nuestra Tierra;lata de 130 g.;7,48
Foie gras de oca con trozos;Labeyrie;paquete de 200 g.;14,78
Foie gras de pato con trozos;Labeyrie;paquete de 200 g.;9,73
Foie gras de oca Duo;Labeyrie;sobre de 80 g.;5,32
Foie gras de pato Duo;Labeyrie;sobre de 80 g.;5,02
Paté de pato;Carrefour;tarro de 125 g.;0,72
Paté de pato;Carrefour;tarro de 180 g.;1,17
Paté de foie;Casa Tarradellas;tarro de 125 g.;0,72
Paté de pato;Casa Tarradellas;tarro de 125 g.;0,77
Hígado graso de pato;Delicass;lata de 130 g.;7,30
Hígado graso de oca;Delicass;lata de 130 g.;8,77
Paté de pato;Delicass;tarro de 130 g.;1,40
Paté de hígado de oca;Delicass;tarro de 130 g.;1,52
Paté de hígado de oca trufado;Delicass;tarro de 130 g.;1,69
Paté hígado de pato;Delicass;tarro de 130 g.;1,32
Paté de pato;Jean Brunet;tarro de 180 g.;1,90
Paté de hígado de pato;La Piara;tarro de 100 g.;1,02
Surtido de Patés;La Cuina;bandeja de 320 g.;2,28
Paté de campaña, receta tradicional;Carrefour;sobre de 150 g.;1,14
Paté a las finas hierbas;Carrefour;sobre de 150 g.;1,14
Paté a la pimienta verde;Carrefour;sobre de 150 g.;1,14
Mousse de pato al Oporto;Carrefour;sobre de 150 g.;1,24
Patés Capricho;Casa Tarradellas;3 tarros de 125 g.;2,47
Paté de atún en aceite Untables;La Piara;tarrina de 145 g.;1,71
Paté a las finas hierbas Untables;La Piara;tarrina de 145 g.;1,71
Paté de jamón Untables;La Piara;tarrina de 145 g.;1,71
Paté de salmón Untables;La Piara;tarrina de 145 g.;1,71
Paté de sobrasada Untables;La Piara;tarrina de 145 g.;1,71
Paté al armagnac;Carrefour;tarro de 180 g.;1,17
Paté de anchoa;Casa Tarradellas;tarro de 125 g.;0,77
Paté de anchoa;La Piara;lata de 87 g. con tapa;0,99
Paté de atún;Carrefour;tarro de 125 g.;0,65
Paté de atún;Casa Tarradellas;tarro de 125 g.;0,76
Paté de atún en escabeche;La Piara;lata de 85 g.;0,99
Paté de atún en aceite;La Piara;lata de 85 g.;1,02
Paté de bacalao al ajillo - brandada;La Piara;tarro de 100 g.;1,29
Paté de bacon;La Piara;lata de 85 g.;0,96
Paté de campaña;Carrefour;tarro de 125 g.;0,65
Paté de campaña;Casa Tarradellas;tarro de 125 g.;0,71
Paté del campo;Carrefour;tarro de 180 g.;1,17
Paté a las finas hierbas;Carrefour;tarro de 125 g.;0,65
Paté a las hierbas provenzales;Carrefour;tarro de 180 g.;1,17
Paté a las finas hierbas;Casa Tarradellas;tarro de 125 g.;0,71
Paté sabor suave;Apis;lata de 200 g. con tapa.;0,74
Paté de gambas;La Piara;lata de 85 g.;1,23
Paté de jamón;Carrefour;tarro de 125 g.;0,65
Paté de jamón;La Piara;lata de 85 g. con tapa;0,99
Paté a la pimienta;Carrefour;tarro de 125 g.;0,65
Paté Roquefort;Carrefour;tarro de 125 g.;0,65
Paté al roquefort;Casa Tarradellas;tarro de 125 g.;0,71
Paté al roquefort;La Piara;tarro de 100 g.;1,02
Paté de pollo;La Piara;lata de 85 g.;0,99
Paté al queso manchego;La Piara;tarro de 100 g.;1,02
Paté de salmón;Carrefour;tarro de 125 g.;0,65
Paté de salmón;Casa Tarradellas;tarro de 125 g.;0,76
Paté de sobrasada;La Piara;lata de 85 g. con tapa;0,99
Paté tres variedades;Carrefour;3 tarros de 125 g.;1,99
Patés varios;Casa Tarradellas;5 tarros de 125 g. y ensaladera de regalo.;3,33
Surtido de patés;La Piara;3 tarros de 100 g.;2,57
Salchichas cocidas Bockwurst;Carrefour;frasco de 380 g. (p.neto), 250 g.(p.esc);1,50
Salchichas cocidas Bockwurst;Carrefour;frasco de 1030 g. (p.neto), 720 g. (p.esc);1,53
Salchichas cocidas Suabia, blancas suaves;Carrefour;paquete de 4 unidades, 250 g.;1,53
Salchichas cocidas Turingia, blancas especiadas;Carrefour;paquete de 4 ud., 250 g.;1,53
Salchichas cocidas y ahumadas estilo Baviera;Campofrío;paquete 3 unidades, 260 g.;1,59
Salchichas cocidas Bratwurst;Campofrío;paquete de 3 unidades, 260 g.;1,49
Salchichas cocidas y ahumadas de pavo Vienner;Campofrío;paquete 3 unidades, 260 g.;1,59
Salchichas cocidas tipo caseras Kuchenwurst;Campofrío;paquete 3 unidades, 260 g.;1,59
Salchichas cocidas y ahumadas;Crismona;lata de 410 g. (p.neto), 230 g. (p.esc);1,26
Salchichas cocidas estilo Bratwurst;El Acueducto;paquete de 5 unidades, 500 g.;2,69
Salchichas cocidas ahumadas estilo Bockwurst;El Acueducto;paquete de 5 ud., 500 g.;2,69
Salchichas cocidas ahumadas estilo Viena;El Acueducto;paquete de 5 unidades,500 g.;2,69
Salchichas cocidas Bockwurst;Meica;frasco de 540 g. (p.neto), 250 g.(p.esc);2,90
Salchichas alemanas Bockwurst con ternera;Picken;paquete de 3 unidades, 400 g.;2,16
Salchichas alemanas Frankfurt;Picken;paquete de 4 unidades, 400 g.;2,16
Salchichas alemanas München;Picken;paquete de 4 unidades, 400 g.;2,16
Salchichas cocidas Alemanas;Señorío de Sarria;frasco 375 g.(p.neto), 250 g.(p.esc);1,94
Salchichas cocktail;Carrefour;frasco de 208 g.;1,35
"Salchichas cocidas ahumado  ""Snackis Cocktail""";El Acueducto;paquete de 135 g.;0,82
Salchichas cocidas aperitivo;La Piara;lata de 395 g. (p.neto),185 g. (p.esc);1,79
Salchichas cocidas ahumadas aperitivo;Meica;frasco de 380 g.;3,20
Salchichas Frankfurter en tripa natural;Carrefour;bote de 550 g (p.neto);1,59
Salchichas cocidas y ahumadas Frankfurt;Carrefour;paquete de 7 unidades, 160 g.;0,30
Salchichas cocidas y ahumadas Frankfurt;Campofrío;paquete de 7 unidades, 160 g.;0,39
Salchichas cocidas Frankfurt;El Pozo;paquete de 7 unidades, 160 g.;0,32
Salchichas cocidas tipo Frankfurt;La Piara;lata de 395 g. (p.neto), 250 g. (p.esc);1,79
Salchichas alemanas Frankfurt;Picken;paquete de 4 unidades, 400 g.;2,16
Salchichas cocidas y ahumadas estilo Viena;Carrefour;paquete de 4 unidades, 220 g.;0,55
Salchichas con queso;Carrefour;paquete de 5 unidades, 200 g.;0,55
Salchichas cocidas y ahumadas estilo Viena;Campofrío;paquete de 5 unidades, 200 g.;0,85
Salchichas cocidas y ahumadas Parmesan;Campofrío;paquete de 5 unidades, 200 g.;0,85
Salchichas cocidas ahumadas estilo Viena;El Acueducto;paquete de 5 unidades,500 g.;2,69
Salchichas cocidas estilo Viena Wieners;Oscar Mayer;5 unidades de 225 g.;1,05
Salchichas cocidas estilo Viena Wieners con queso;Oscar Mayer;paquete 5 ud.,225 g.;1,29
Salchichas cocidas Jumbo Classic;Oscar Mayer;paquete de 4 unidades, 350 g.;1,69
Salchichas cocidas Wieners bocadillo;Oscar Mayer;paquete de 5 unidades, 275 g.;1,48
Salchichas cocidas y ahumadas de pavo;Carrefour;paquete de 5 unidades, 220 g.;0,79
Salchichas cocidas y ahumadas de pollo;Carrefour;paquete de 5 unidades, 200 g;1,40
Salchichas con queso;Carrefour;paquete de 5 unidades, 200 g.;0,55
Salchichas cocidas y ahumadas Parmesan;Campofrío;paquete de 5 unidades, 200 g.;0,85
Salchichas cocidas y ahumadas Jamongus;Campofrío;paquete de 5 unidades, 200 g.;0,85
Salchichas cocidas estilo Viena Wieners con queso;Oscar Mayer;paquete 5 ud.,225 g.;1,29
Salchichas cocidas y ahumadas Jumbo;Oscar Mayer;paquete de 4 unidades, 350 g.;2,10
Salchichas  de pavo;Meica;frasco de 540 g.;3,60
Salchichas cocidas y ahumadas de pavo;Pavofrío de Campofrío;paquete 5 ud., 220 g.;1,03
Salchichas cocidas de pollo;Oscar Mayer;paquete de 5 unidades, 225 g.;1,98
Salchichas Mexicanas Jalapeño;El Pozo;paquete 3 unidades, 250 g.;1,98
Salchichas Mexicanas Taco;El Pozo;paquete de 3 unidades, 250 g.;1,98
Salchichón Ibérico de Bellota de Guijuelo;De Nuestra Tierra;pieza de 400 g. aprox.;9,40
Salchichón Ibérico de Huelva;Zainca;sobre de 21 lonchas al vacío, 100 g. aprox.;1,92
Salchichón Ibérico cular;Aromas del Encinar;pieza de 1000 g. aprox.;6,85
Salchichón Ibérico casero;Aromas del Encinar;pieza de 250 g.;1,41
Salchichón Ibérico;Navidul;sobre de 20-24 lonchas, 100 g.;2,10
Salchichón Ibérico vela;Navidul;pieza de 280 g.;3,43
Surtido Ibérico;Navidul;sobre de 150 g.;4,50
Salchichón cular;Carrefour;sobre de 42 lonchas al vacío, 280 g. aprox.;2,23
Salchichón Anchete;Sola;sobre de 14 lonchas al vacío, 250 g. aprox.;2,55
Salchichón Nobleza;El Pozo;sobre de 42 lonchas al vacío, 290 g. aprox.;2,61
Salchichón de Vic;De Nuestra Tierra;pieza de 375 g. aprox.;8,40
Salchichón extra;Carrefour;pieza de 250 g.;1,69
Salchichón Carrascoy;El Pozo;pieza de 1 kg.;4,38
Salchichón Nobleza mini;El Pozo;pieza de 300 g.;2,54
Queso curado mezcla;Carrefour;cuña de un cuarto, 750 g. aprox.;6,74
Queso curado mezcla;Carrefour;cuña de un octavo, 380 g. aprox.;3,42
Queso curado Puro de Oveja;Carrefour;cuña de un cuarto, 750 g. aprox.;10,46
Queso Manchego curado D.O.;Calidad Tradición Carrefour;cuña de un octavo, 375 g. aprox.;5,23
Queso curado;Campobello;plato de 12 porciones, 200 g.;3,07
Queso Manchego curado Denominación de Origen;Don Bernardo Oro Viejo;pieza de 1000 g. aprox.;12,19
Queso Manchego curado D.O;Don Bernardo Oro Viejo;plato de 12 porciones, 200 g.;3,47
Queso curado mezcla;García Baquero;cuña de un cuarto, 750 g. aprox.;7,64
Queso curado mezcla;García Baquero;cuña de un octavo, 375 g. aprox.;3,82
Queso manchego artesano;De Nuestra Tierra;cuña de 400 g. aprox.;5,74
Queso manchego artesano con aceite oliva virgen;De Nuestra Tierra;tarro de 510 g.;9,59
Queso curado Puro de Oveja;Flor de Esgueva;cuña de un cuarto, 750 g. aprox.;9,74
Queso curado Puro de Oveja;Flor de Esgueva;cuña de un octavo, 380 g. aprox.;4,94
Queso curado mezcla;Gran Capitán;cuña de un cuarto, 750 g. aprox.;7,64
Queso curado mezcla;Gran Capitán;cuña de un octavo, 380 g. aprox.;3,87
Queso curado Puro de Oveja;Boffard;cuña de un octavo, 380 g. aprox.;5,24
Queso curado Zamorano;De Nuestra Tierra;pieza de 3100 g. aprox.;37,17
Queso semicurado mezcla;Carrefour;cuña de un cuarto, 750 g. aprox.;5,96
Queso semicurado mezcla;Carrefour;cuña de un octavo, 380 g. aprox.;3,02
Queso Manchego semicurado;Calidad Tradición Carrefour;cuña de un cuarto, 750 g. aprox.;9,94
Queso Manchego semicurado;Calidad Tradición Carrefour;cuña de un octavo, 375 g. aprox.;4,97
Queso semicurado;Campobello;plato de 12 porciones, 250 g.;3,47
Queso semicurado mezcla;García Baquero;cuña de un cuarto, 750 g. aprox.;6,74
Queso semicurado;Gran Capitán;cuña de un octavo, 380 g. aprox.;3,42
Queso tierno mezcla;Carrefour;cuña de un cuarto, 750 g. aprox.;3,42
Queso tierno;El Ventero;cuña de un cuarto, 750 g. aprox.;6,31
Queso tierno;El Ventero;cuña de un octavo, 380 g. aprox.;3,20
Queso tierno;El Ventero;plato de 12 porciones, 250 g.;3,09
Estuche para regalo;Agua de Luna;#¿NOMBRE?;12,82
Estuche para regalo;Anouk;#¿NOMBRE?;9,37
Estuche para regalo;Depende Azul;#¿NOMBRE?;11,08
Estuche para regalo;Depende Verde;#¿NOMBRE?;14,77
Estuche para regalo;Don Algodón;#¿NOMBRE?;15,88
Estuche para regalo;Eau D´ Été;#¿NOMBRE?;8,17
Estuche para regalo;Eau Jeune Senteurs Fraiches;#¿NOMBRE?;8,41
Estuche para regalo;Fleur de Jour;#¿NOMBRE?;11,42
Estuche para regalo;Flor de Agatha Ruíz;#¿NOMBRE?;14,42
Estuche para regalo;Prêt à Porter;#¿NOMBRE?;15,56
Estuche para regalo;Promesa;#¿NOMBRE?;17,04
Estuche para regalo;Zinnia;#¿NOMBRE?;13,64
Estuche para regalo;Acqua di Titto;#¿NOMBRE?;13,62
Estuche para regalo;Adidas Ice Dive for Men;#¿NOMBRE?;13,99
Estuche para regalo;Adidas Team Force for Men;#¿NOMBRE?;13,99
Estuche para regalo;Agua Brava;#¿NOMBRE?;18,74
Neceser para regalo;Boston Man;#¿NOMBRE?;12,75
Estuche para regalo;Brummel;#¿NOMBRE?;10,17
Estuche para regalo;Crossmen;#¿NOMBRE?;9,46
Estuche para regalo;Don Algodón Hombre;#¿NOMBRE?;12,13
Estuche para regalo;Dutti Sport de Massimo Dutti;#¿NOMBRE?;19,74
Estuche para regalo;Impacto;#¿NOMBRE?;5,95
Estuche para regalo;Massimo Dutti;#¿NOMBRE?;17,94
Estuche para regalo;Mediterráneo;#¿NOMBRE?;17,11
Neceser para regalo;Springfield;#¿NOMBRE?;11,74
Estuche para regalo;Yacht Man Blue;#¿NOMBRE?;18,26
Estuche infantil para regalo;Barbie Modelo;#¿NOMBRE?;8,99
Estuche infantil para regalo;Barbie Sirena;#¿NOMBRE?;8,99
Estuche infantil para regalo;The Simpsons;#¿NOMBRE?;10,80
Estuche infantil para regalo;Tweenies;#¿NOMBRE?;10,80
Almendra cáscara;Carrefour;bolsa de 250 g.;1,14
Almendra garrapiñada;Carrefour;caja de 150 g.;2,00
Avellana cáscara;Carrefour;bolsa de 400 g.;2,31
Cacahuete garrapiñado;Carrefour;caja de 150 g.;2,00
Coquitos mondados;Carrefour;bolsa de 250 g.;2,41
Coquito cáscara;Carrefour;bolsa de 400 g.;1,44
Bombones de frutos secos;Carrefour;caja de 335 g.;3,55
Bandeja de frutas desecadas tropicales;Carrefour;1 unidad de 240 g.;2,50
Bandeja tradicional de frutas desecadas y frutos secos;Carrefour;1 unidad de 240 g;2,50
Mix chocolateado;Carrefour;bandeja de 300 g.;2,28
Surtido de frutas desecadas y frutos secos Mix, nº 50;Capo;estuche de 700 g.;6,50
Surtido de frutos secos Anteros, nº 49;Capo;estuche de 580 g.;2,00
Cocktail de cáscara;Carrefour;bolsa de 400 g.;2,01
Mix Especialidades;Carrefour;bandeja de 375 g.;2,16
Mix Exótico;Carrefour;bandeja de 250 g.;1,98
Higos País Extra;Carrefour;bandeja de 275 g.;1,32
Higos del País;Carrefour;bolsa de 1 kg.;2,70
Higos Turcos;Carrefour;bandeja de 400 g.;2,58
Higos nacionales;Capo;bolsa de 1 kg.;1,17
Datil Deglet Nour;Carrefour;bandeja de 500 g.;2,28
Dátiles deglet nour sin hueso;Carrefour;bandeja de 250 g.;1,50
Orejones de Albaricoque;Carrefour;bolsa de 250 g.;1,99
Orejones de Albaricoque;Carrefour;bandeja de 300 g.;2,55
Orejones de albaricoque;Carrefour;bandeja de 400 g.;3,00
Castañas en almibar ligero;De Nuestra Tierra;frasco de 312g (p.neto), 180g (p.esc);1,75
Papaya;Carrefour;bolsa de 250 g.;1,86
Plátano desecado;Carrefour;bolsa de 250 g.;1,41
Piña desecada;Carrefour;bolsa de 250 g.;1,86
Buick 8, un coche perverso;Stephen King;1 unidad.;19,90
Con buena letra;Joaquín Sabina;1 unidad.;22,10
El Amuleto;Barbara Wood;1 unidad.;20,50
El Huerto de mi amada;Alfredo Bryce Echenique;1 unidad.;19,00
Hoy por Hoy: Los Años Difíciles;Carlos Elordi;1 unidad.;16,31
La Ciudad de las Bestias;Isabel Allende;1 unidad.;19,90
La Reina del Sur;Arturo Pérez Reverte;1 unidad.;20,75
Maktub;Paulo Coelho;1 unidad.;10,52
Vivir para contarla;Gabriel García Márquez;1 unidad.;25,50
Harry Potter y el Cáliz de Fuego;J.K. Rowling;1 unidad.;17,36
Harry Potter y el Prisionero de Azkaban;J.K. Rowlin;1 unidad.;13,15
Harry Potter y la Cámara Secreta;J.K. Rowling;1 unidad.;12,10
Harry Potter y la Piedra Filosofal;J.K. Rowling;1 unidad.;11,57
La Ciudad de las Bestias (edición juvenil);Isabel Allende;1 unidad.;15,68
Manolito Gafotas: Manolito tiene un secreto;Elvira Lindo;1 unidad.;10,10
El Señor de los Anillos I: La Comunidad del Anillo;J.R.R.Tolkien;1 ud.(Edicción bolsillo);8,95
El Señor de los Anillos II: Las Dos Torres;J.R.R. Tolkien;1 ud.(Edición bolsillo).;8,95
El Señor de los Anillos III: El Retorno del Rey;J.R.R. Tolkien;1 ud(Edición bolsillo);8,95
El Señor de los Anillos I: La Comunidad del Anillo;J.R.R. Tolkien;1 unidad.;18,42
El Señor de los Anillos II: Las Dos Torres;J.R.R. Tolkien;1 unidad.;18,42
El Señor de los Anillos III: El Retorno del Rey;J.R.R. Tolkien;1 unidad.;18,42
El Señor de los Anillos (Obra completa ilustrada);J.R.R. Tolkien;1 unidad.;53,50
"Película DVD "" El Señor de los Anillos """;La Española;lata de 350g.(p.neto), 185 g.(p.esc);2,99
Aceite de oliva virgen extra;Borges;botella de 750 ml.;3,48
Aceite de oliva virgen extra;Carbonell;botella de 250 ml.;1,39
Aceite de oliva virgen extra;Carbonell;botella de 750 ml.;2,89
Aceite de oliva virgen extra;Señorío de Segura;botella de 750 ml.;3,26
Aceite de oliva virgen extra;Koipe Sublime;botella de 750 ml.;2,99
Aceite de oliva virgen extra;Koipe;botella de 750 ml.;2,52
Aceite de oliva virgen extra;La Española;botella de 750 ml.;2,72
Aceite de oliva virgen extra;La Flor de la Loma;botella de 750 ml.;2,68
Aceite de oliva virgen extra;La Masía;botella de 750 ml.;2,66
Aceite de oliva virgen extra;Oleo Cazorla;botella de 500 ml.;4,60
Aceite de oliva virgen extra;Oleo Cazorla;botella de 750 ml.;3,00
Aceite de oliva virgen extra;Oro de Genave;botella de 750 ml.;4,49
Aceite de oliva virgen extra variedad arbequina;Carrefour;botella de 750 ml.;3,28
Aceite de oliva virgen extra variedad arbequina;Koipe;botella de 750 ml.;3,00
Aceite de oliva virgen extra variedad hojiblanca;Carrefour;botella de 750 ml.;2,61
Aceite de oliva virgen extra;Koipe;botella de 750 ml.;2,52
Aceite de oliva virgen extra variedad picual;Carrefour;botella de 750 ml.;2,55
Aceite de oliva virgen extra Baena;De Nuestra Tierra;botella de 500 ml.;3,54
Aceite de oliva virgen extra Les Garrigues;De Nuestra Tierra;botella de 500 ml.;2,69
Aceite de Oliva Virgen extra Montes de Toledo;De Nuestra Tierra;botella de 50 cl.;2,27
Aceite de oliva virgen extra Priego de Córdoba;De Nuestra Tierra;botella de 500 ml;3,95
Aceite de oliva virgen extra Sierra de Segura;De Nuestra Tierra;botella de 500 ml.;3,70
Aceite de oliva virgen extra Baena;Nuñez de Prado;botella de 500 ml.;4,70
Aceite de oliva virgen extra;Carrefour;botella de 1 l.;2,55
Aceite de oliva virgen extra;Coosur;botella de 1 l.;2,64
Aceite de oliva virgen extra;Koipe;botella de 1 l.;2,88
Aceite de oliva virgen extra;Oleo Cazorla;botella de 1 l.;2,88
Aceite de oliva virgen extra;Oleoestepa;botella de 1 l.;2,66
Aceite de oliva virgen extra;La Masía;botella de 1 l.;2,58
Aceite de oliva virgen extra;Uca;botella de 1 l.;2,61
Aceite de oliva virgen extra;Carrefour;garrafa de 5 l.;12,59
Aceite de oliva virgen extra 0,5º;Borges;garrafa de 3 l.;9,36
Aceite de oliva virgen extra;Koipe;garrafa de 5 l.;14,36
Aceite de oliva virgen extra, 0,4º;Hojiblanca;garrafa de 5 l.;14,18
Aceite de oliva virgen extra;La Flor de la Loma;garrafa de 5 l.;12,98
Aceite de oliva virgen extra 1º;Mar de Olivos;garrafa de 5 l.;13,75
Aceite de oliva virgen extra;Oleo Cazorla;lata de 5 l.;14,39
Aceite de oliva virgen extra;Oleoestepa;garrafa de 5 l.;13,00
Aceite de oliva virgen extra;Uca;garrafa de 5 l.;12,80
Aceite de oliva virgen extra 0,5º;Arteoliva;brick de 250 ml.;1,05
Aceite de oliva virgen extra 0,5º;Arteoliva;brik de 1 l.;3,10
Aceite de oliva virgen extra Bio;Arteoliva;brik de 500 ml.;2,19
Mayonesa con aceite de girasol;Carrefour;frasco de 225 ml.;0,59
Mayonesa con aceite de girasol;Carrefour;frasco de 450 ml.;0,78
Mayonesa bocabajo con aceite de girasol;Carrefour;bote de 450 ml.;0,79
Mayonesa con mostaza;Carrefour;frasco de 250 ml.;0,62
Mayonesa sabor casero;Calvé;frasco de 225 ml.;0,69
Mayonesa sabor casero;Calvé;frasco de 450 ml.;1,05
Mayonesa bocabajo sabor casero;Calvé;bote de 500 ml.;1,41
Salsa mayonesa para ensaladilla rusa;Calvé;frasco de 450 ml.;1,05
Mayonesa sabor yoghurt;Calvé;frasco de 225 ml;0,72
Mayonesa;Heinz;frasco de 450 ml.;1,01
Gran Mayonesa;Hellmann's;frasco de 225 ml.;0,64
Salsa mayonesa;Hellmann´s;frasco 450 ml;1,02
Salsa mayonesa;Kraft;frasco de 225 ml.;0,65
Salsa mayonesa pleno sabor;Kraft;frasco de 450 ml.;0,62
Mayonesa;Ybarra;frasco de 450 ml.;0,99
Mayonesa 100% aceite de oliva;Ybarra;frasco de 225 ml.;1,41
Mayonesa extra suave;Ybarra;frasco de 450 ml.;1,05
Salsa fina;Carrefour;frasco de 450 ml.;0,65
Salsa fina extra ligera;Kraft;frasco de 225 ml.;0,65
Salsa fina extra ligera;Kraft;frasco de 450 ml.;0,65
Salsa fina con la mitad de calorías;Ligeresa;frasco de 450 ml.;1,07
Salsa ligera;Ybarra;frasco de 450 ml.;0,99
Salsa agridulce;Calvé;frasco de 250 ml.;1,27
Salsa agridulce;Yeo's;frasco de 250 ml.;2,97
Salsa de soja;Kim Ve Wong;botella de 160 g.;2,10
Salsa de ajo;Calvé;frasco de 250 ml.;1,27
Salsa de ajo con trocitos de ajo, cebollas y cebollinos;Heinz;frasco de 180 ml.;1,17
Salsa de ajo;Ligeresa;frasco de 225 ml.;1,00
Salsa ali-oli;Calvé;frasco de 230 ml.;0,99
Salsa ali-oli;Ferrer;frasco de 140 g.;1,53
Salsa ali-oli;Ybarra;frasco de 225 ml.;0,93
Salsa barbacoa;Calvé;frasco de 250 ml.;1,27
Salsa barbacoa;Ferrer;frasco de 250 ml.;1,53
Salsa barbacoa;Heinz;frasco de 180 ml.;1,17
Salsa barbacoa;Ybarra;frasco de 225 ml.;0,93
Salsa brava;Carrefour;bote de 300 g.;0,46
Salsa brava bocabajo;Calvé;bote de 250 ml.;0,99
Salsa brava;Ferrer;frasco de 250 ml.;1,53
Salsa brava;Orlando;bote de 300 g.;0,53
Salsas a la carta: Roquefort instantánea;Gallina Blanca;sobre de 25 g.;1,17
Salsa roquefort delicatessen;Heinz;frasco de 250 ml.;1,17
Salsa de roquefort;Ybarra;frasco de 225 ml.;0,93
Salsa curry;Carrefour;bote de 290 g.;1,47
Salsa curry con piña;Heinz;frasco de 180 ml.;1,17
Salsa Diablo;Carrefour;sobre de 28 g.;1,17
Salsa gaucha;Ybarra;frasco de 225 ml.;0,93
Salsa Mejicana;Carrefour;frasco de 330 g.;1,47
Salsa mejicana;Calvé;frasco de 250 ml.;1,17
Tabasco;Mc.ilhenny Co.;frasco de 60 ml.;2,57
Tabasco picante suave;Mc.ilhenny co.;frasco de 60 ml.;2,64
Salsa Pimienta verde;Carrefour;sobre de 61 g.;1,27
Salsas a la carta: Pimienta verde instantánea;Gallina Blanca;sobre de 37 g.;1,17
Salsa a las tres pimientas;Heinz;frasco de 180 ml.;1,17
Fritada Berciana;De Nuestra Tierra;frasco de 290 g. (p.neto);1,80
Salsa Queso y Brécol;Carrefour;sobre de 40 g.;4,24
4 salsas curry, mexicana, tejana y pimienta;Amora;4 frascos, 361 g.;4,24
Salsa;Bovril;frasco de 125 g.;3,00
Salsa tártara a la mostaza;Calvé;frasco de 230 ml.;0,87
Salsa;HP;frasco de 255 g.;2,34
Salsa para carne;"Lea &amp; Perrins";frasco de 160 g.;2,34
Salsa bechamel;Reny Picot;brik de 500 ml.;1,94
Salsa Bolognese de carne y vegetales;Buitoni;bote de 200 g.;1,95
Salsa Formagi 4 quesos;Buitoni;bote de 200 g.;2,39
Salsa Napolitana de tomate a la albahaca;Buitoni;bote de 200 g.;1,95
Salsa Pesto alla Genovesa, albahaca y piñones;Buitoni;bote de 140 g.;2,39
Salsa a la Siciliana;Buitoni;bote de 200 g.;2,39
Salsa fresca al pesto;El Pavo;tarrina de 180 g.;2,48
Salsa fresca al queso;El Pavo;tarrina de 180 g.;2,48
Salsa Queso y Brécol;Carrefour;sobre de 40 g.;0,90
Salsa tres quesos;Carrefour;frasco de 260 g.;0,89
Salsa Carbonara A La Carta;Gallina Blanca;sobre de 28 g.;1,17
Salsa carbonara;Starlux;frasco de 260 g.;1,35
Salsa tres quesos;Starlux;frasco de 260 g.;1,35
Fritada Berciana;De Nuestra Tierra;frasco de 290 g. (p.neto);1,80
Salsa Arrabbiata;Barilla;frasco de 400 g.;2,37
Salsa boloñesa;Carrefour;frasco de 260 g.;0,90
Salsa boloñesa;Barilla;frasco de 400 g.;2,37
Salsa boloñesa;Starlux;frasco de 260 g.;1,17
Salsa napolitana;Carrefour;frasco de 260 g.;0,90
Salsa Napolitana;Barilla;frasco de 400 g.;2,40
Salsa napolitana;Gallo;frasco de 235 g.;0,81
Salsa napolitana;Starlux;frasco de 260 g.;1,17
Salsa Olive;Barilla;frasco de 400 g.;2,28
Salsa piamontesa;Carrefour;frasco de 260 g.;0,90
Salsa piamontesa;Starlux;frasco de 260 g.;1,17
Salsa siciliana;Carrefour;frasco de 260 g.;0,90
Salsa siciliana;Starlux;frasco de 260 g.;1,17
Salsa siciliana picante;Gallo;frasco de 235 g.;0,81
Salsa pesto;Carrefour;frasco de 260 g.;0,89
Salsa Basílico;Barilla;frasco de 400 g.;2,28
Salsa pesto a la Genovesa;Barilla;frasco de 190 g.;2,37
Salsa Pesto a la Calabrese;Barilla;frasco de 190 g.;2,59
Salsa pesto a la Siciliana;Barilla;frasco de 190 g.;2,28
Salsa pesto;Starlux;frasco de 260 g.;1,35
Papilla de 8 cereales con miel;Hero Baby;paquete de 600 g.;2,52
Papilla de 8 cereales con miel;Hero Baby;paquete de 900 g.;3,57
Papilla de 8 cereales con miel con leche de continuación;Hero Baby;paquete de 600g;3,60
Papilla de cereales con cacao;Hero Baby;paquete de 600 g.;2,52
Papilla de cereales sin gluten;Hero Baby;paquete de 600 g.;2,52
Papilla de cereales y frutas;Hero Baby;paquete de 600 g.;2,52
Papilla multicereales hidrolizados;Hero Baby;paquete de 600 g.;2,52
Papilla multicereales hidrolizados;Hero Baby;paquete de 900 g.;3,57
Papilla de 8 cereales con miel;Milupa;paquete de 600 g.;2,68
Papilla de cereales al cacao;Milupa;paquete de 600 g.;2,89
Papilla de cereales multifrutas;Milupa;paquete de 600 g.;2,89
Papilla de cereales sin gluten;Milupa;paquete de 600 g.;2,89
Papilla multicereales con gluten;Milupa;paquete de 600 g.;2,67
Papilla de 5 cereales;Nestlé;paquete de 600 g.;2,94
Papilla de 5 cereales;Nestlé;paquete de 900 g.;3,92
Papilla de 8 cereales con Bífidus BL;Nestlé;paquete de 600 g.;3,60
Papilla de 8 cereales con miel;Nestlé;paquete de 600 g.;2,94
Papilla de 8 cereales con miel;Nestlé;paquete de 900 g.;3,92
Papilla de 8 cereales con yogur;Nestlé;paquete de 600 g.;3,25
Papilla de cereales al cacao;Nestlé;paquete de 600 g.;2,95
Papilla de cereales multifrutas;Nestlé;paquete de 600 g.;2,94
Papilla de cereales sin gluten;Nestlé;paquete de 600 g.;2,94
Papilla de crema de arroz;Nestlé;paquete de 250 g.;1,65
Papilla líquida de 8 cereales con leche y miel;Hero Baby;brik de 250 ml.;0,90
Papilla líquida de cereales al cacao;Nestlé;brik de 250 ml.;0,90
Papilla líquida de cereales multifrutas;Nestlé;brik de 250 ml.;0,90
Papilla líquida de cereales sin gluten;Nestlé;brik de 250 ml.;0,90
Papilla líquida multicereales con miel;Nestlé;brik de 250 ml.;0,90
Copitos Junior de cereales con cacao;Hero Baby;paquete de 250 g.;2,52
Papilla de cereales multifrutas;Milupa;paquete de 600 g.;2,89
Papilla de cereales multifrutas;Nestlé;paquete de 600 g.;2,94
Papilla líquida de cereales y frutas con leche;Hero Baby;brik de 250 ml.;0,90
Papilla líquida de 8 cereales con leche y miel;Hero Baby;brik de 250 ml.;0,90
Papilla líquida de cereales al cacao;Nestlé;brik de 250 ml.;0,90
Papilla líquida de cereales multifrutas;Nestlé;brik de 250 ml.;0,90
Papilla líquida de cereales sin gluten;Nestlé;brik de 250 ml.;0,90
Papilla líquida multicereales con miel;Nestlé;brik de 250 ml.;0,90
Bledichef, verdura con jamón;Blédina;tarrina de 200 g.;1,59
Tarrito jardinera de buey charolés, Gran Selección;Blédina;tarro de 250 g.;1,05
Bledichef, espaguetis a la boloñesa;Blédina;tarrina de 230 g.;1,59
Tarrito con trocitos de ternera, jamón y espaguetis;Hero Baby;tarro de 250 g.;0,97
Tarrito de jamón, vaca y verduras;Hero Baby;tarro de 250 g.;0,97
Tarrito de menestra de cordero;Hero Baby;tarro de 250 g.;0,97
Tarrito de pollo, ternera y verduras;Hero Baby;tarro de 250 g.;0,97
Tarrito de vaca a la jardinera;Hero Baby;tarro de 250 g.;0,97
Tarrito de ternera con zanahorias;Hero Baby;tarro de 250 g.;0,97
Tarrito Junior de espaguetis con carne;Hero Baby;tarro de 300 g.;1,36
Tarrito de menestra de cordero;Nestlé;tarro de 250 g.;1,03
Tarrito jardinera de pollo y ternera;Nestlé;tarro de 250 g.;1,03
Tarrito de ternera a la jardinera;Nestlé;tarro de 250 g.;1,03
Tarrito de ternera con arroz;Nestlé;tarro de 250 g.;1,03
Tarrito de pollo y ternera con verduras;Nestlé;tarro de 250 g.;1,03
Tarrito zanahorias con pollo de corral, Gran Selección;Blédina;tarro de 200 g.;1,05
Bledichef, verduras con pollo y arroz;Blédina;tarrina de 230 g.;1,59
Tarrito de pavo con verduras;Hero Baby;tarro de 250 g.;0,97
Tarrito Combi de zanahorias y pollo;Hero Baby;tarro de 250 g.;1,07
Tarrito con trocitos de pollo y verduras;Hero Baby;tarro de 250 g.;0,97
Tarrito de pollo con arroz;Hero Baby;tarro de 250 g.;0,97
Tarrito Junior de pollo con arroz y verduras;Hero Baby;tarro de 300 g.;1,36
Tarrito de pollo con arroz;Nestlé;tarro de 250 g.;1,03
Tarrito de pollo con arroz;Nestlé;3 tarros de 250 g.;3,30
Tarrito de pollo con bechamel y verduras;Nestlé;tarro de 250 g.;1,10
Tarrito de pollo con puré de verduras;Nestlé;tarro de 250 g.;1,10
Tarrito Dúo zanahorias y pollo;Nestlé;tarro de 250 g.;1,17
Tarrito Primer Menú de pollo con verduras y legumbres;Nestlé;tarro de 250 g.;1,03
Bledichef, arroz y filete de merluza;Blédina;tarrina de 200 g.;1,59
Tarrito de lenguado con bechamel;Hero Baby;tarro de 250 g.;0,97
Tarrito de merluza con arroz;Hero Baby;tarro de 250 g.;0,97
Tarrito de merluza y verduras;Hero Baby;tarro de 250 g.;0,97
Tarrina Dúo de judías verdes y rape;Nestlé;tarro de 250 g.;1,17
Tarrito de alcachofas con merluza de El Cabo, Gran Selección;Blédina;tarro de 200 g.;1,05
Tarrito de merluza con bechamel;Nestlé;tarro de 250 g.;1,10
Tarrito de merluza con guisantes y arroz;Nestlé;tarro de 250 g.;1,03
Tarrito de Lenguado a la Jardinera;Nestlé;tarro de 250 g.;1,03
Tarrito Primer Menú de merluza con verduras y legumbres;Nestlé;tarro de 250 g.;1,03
"Tarrito de alcachofas, tomates, sémola, ""Bledicena""";Blédina;tarro de 200 g.;1,05
Tarrito de alcachofas con merluza de El Cabo, Gran Selección;Blédina;tarro de 200 g.;1,05
Bledichef, menestra de ave;Blédina;tarrina de 200 g.;1,59
Tarrito judías verdes con ternera de granja, Gran Selección;Blédina;tarro de 200 g;1,05
Tarrito zanahorias con pollo de corral, Gran Selección;Blédina;tarro de 200 g.;1,05
"Tarrito de zanahorias sémola, ""Bledicena""";Blédina;tarro de 200 g.;1,05
"Tarrito de verduras con arroz ""Bledicena""";Blédina;tarro de 200 g.;1,05
Bledichef, verduras con pollo y arroz;Blédina;tarrina de 230 g.;1,59
Tarrito de verduras variadas;Hero Baby;tarro de 250 g.;0,97
Tarrito de zanahorias con arroz en caldo de ave;Hero Baby;tarro de 250 g.;0,97
Tarrito Junior de estofado de alubias;Hero Baby;tarro de 300 g.;1,36
Tarrito Junior de guiso de lentejas;Hero Baby;tarro de 300 g.;1,36
Tarrito Junior de potaje de garbanzos;Hero Baby;tarro de 300 g.;1,36
Tarrito de compota de manzana;Blédina;2 tarritos de 130 g.;1,35
Tarrito de manzana, plátano y fresa;Blédina;2 tarritos de 130 g.;1,35
Tarrito de melocotón y fresa;Blédina;2 tarritos de 130 g.;1,35
Tarrito de pera y mandarina;Blédina;2 tarritos de 130 g.;1,35
Tarrito de piña y melocoton;Blédina;2 tarritos de 130 g.;1,35
Tarrito surtido de frutas;Blédina;2 tarritos de 130 g.;1,35
Tarrito Combi de melocotón y queso fresco;Hero Baby;tarro de 250 g.;1,07
Tarrito de  3 frutas;Hero Baby;tarro de 250 g.;0,97
Tarrito de compota de manzana;Hero Baby;tarro de 250 g.;0,97
Tarrito de macedonia de frutas con cereales;Hero Baby;2 tarros de 130 g.;1,14
Tarrito de melocotón y plátano;Hero Baby;tarro de 250 g.;0,97
Tarrito de tres frutas;Hero Baby;2 tarros de 130 g.;1,02
Tarrito de frutas variadas;Hero Baby;tarro de 250 g.;0,97
Tarrito Petitbaby de queso fresco con pera;Hero Baby;2 tarros de 80 g.;1,74
Tarrito Petitbaby de queso fresco y fruta variada;Hero Baby;2 tarros de 80 g.;1,74
Tarrito Petitbaby de queso fresco, plátano y manzana;Hero Baby;2 tarros de 80 g.;1,74
Tarrito de compota de manzana;Hero Baby;2 tarros de 130 g.;1,02
Tarrito de frutas variadas;Hero Baby;2 tarros de 130 g.;1,02
Tarrito de plátano, mandarina, pera;Hero Baby;tarro de 250 g.;0,97
Tarrito de plátano, mandarina y pera;Hero Baby;2 tarros de 130 g.;1,02
Postre de 6 frutas;Nestlé;tarro de 250 g.;1,03
Postre de 6 frutas;Nestlé;3 tarritos de 250 g. + Tarrito Duo GRATIS;3,50
Puré de cocktail de frutas y cereales;Nestlé;4 ud. de 100 g.;1,83
Puré de frutas manzana y melocotón con miel;Nestlé;4 ud. de 100 g.;1,83
Puré de frutas manzana plátano;Nestlé;4 ud. de 100 g.;1,83
Tarrito de manzana, melocotón y cereales;Nestlé;tarro de 250 g.;1,03
Tarrito de compota de manzana;Nestlé;2 tarros de 130 g.;1,11
Tarrito de frutas variadas;Nestlé;2 tarros de 130 g.;1,11
Tarrito de plátano y manzana;Nestlé;2 tarros de 130 g.;1,11
Tarrito de macedonia de frutas y cereales;Nestlé;tarro de 250 g.;1,03
Tarrito de plátano, naranja y galleta;Nestlé;tarro de 250 g.;1,03
Tarrito Dúo de frutas variadas y arroz con leche;Nestlé;tarro de 250 g.;1,10
Tarrito Dúo de melocotón y queso fresco;Nestlé;tarro de 250 g.;1,20
Tarrito Dúo de crema de naranja y plátano;Nestlé;tarro de 250 g.;1,10
Tarrito Dúo de pera y plátano;Nestlé;2 tarros de 130 g.;1,20
Tarrito de arroz con leche;Hero Baby;2 tarros de 130 g.;1,62
Tarrito de Galletas Efecto Bífidus;Hero Baby;2 tarros de 130 g.;1,62
Tarrito de natillas Efecto Bífidus;Hero Baby;2 tarros de 130 g.;1,62
Tarrito de arroz con leche;Hero Baby;tarro de 200 g.;0,87
Tarrito de natillas;Hero Baby;tarro de 200 g.;0,87
Postre de manzana y melocotón;Hero Baby;4 uds. de 100 g.;1,73
Postre de manzana, piña, plátano y cereales;Hero Baby;4 uds. de 100 g.;1,73
Postre de manzana y plátano;Hero Baby;4 uds. de 100 g.;1,73
Postre de manzana, piña, pera y cereales;Hero Baby Junior;4 uds. de 100 g.;1,73
Postre de manzana y piña;Hero Baby Junior;4 uds. de 100 g.;1,73
Puré de cocktail de frutas y cereales;Nestlé;4 ud. de 100 g.;1,83
Puré de frutas manzana y melocotón con miel;Nestlé;4 ud. de 100 g.;1,83
Puré de frutas manzana plátano;Nestlé;4 ud. de 100 g.;1,83
Chinchón dulce;De Nuestra Tierra;botella de 1 l.;6,35
Anís Chinchón dulce;Alcoholera;botella de 1 l.;7,45
Anís dulce;La Castellana;botella de 1 l.;6,95
Anisette licor;Marie Brizard;botella de 1 l.;7,40
Pacharán Navarro;De Nuestra Tierra;botella de 70 cl.;11,96
Pacharán;Las Endrinas;botella de 70 cl.;7,35
Ponche;Caballero;botella de 1 l.;7,60
Ponche;Corregidor;botella de 1 l.;4,89
Brandy de Jerez Solera Gran Reserva;De Nuestra Tierra;botella de 70 cl.;18,50
Brandy de Jerez Solera Gran Reserva;Carlos I;botella de 70 cl.;22,50
Brandy de Jerez Solera Reserva;Carlos III;botella de 70 cl.;9,50
Brandy de Jerez Solera Gran Reserva;Gran Duque de Alba;botella de 70 cl.;26,99
Brandy de Jerez Solera Gran Reserva;Independencia;botella de 70 cl.;13,50
Brandy de Jerez Solera Reserva;Magno;botella de 70 cl.;9,99
Imperial Brandy Solera Selecta Reserva 5 años;Torres;botella de 70 cl.;8,25
Imperial Brandy Gran Reserva 10 años;Torres;botella de 70 cl.;10,45
Brandy de Jerez Solera;501;botella de 1 l.;5,49
Brandy de Jerez Solera;Corregidor;botella de 1 l.;5,39
Brandy de Jerez Solera;Soberano;botella de 1 l.;7,89
Brandy de Jerez Solera;Terry Centenario;botella de 1 l.;7,55
Brandy de Jerez Solera;Veterano de Osborne;botella de 1 l.;7,89
Fine de Cognac;Hennesy;botella de 70 cl.;28,50
Armagnac;Marquis de Montesquiou;botella de 70 cl.;22,50
Fine cognac VS;Martell;botella de 70 cl.;19,45
Fine Champagne Cognac;Rémy Martin;botella de 70 cl.;28,85
"Ron ""Carta Blanca""";Bacardí;botella de 1 l.;11,50
"Combinado alcohólico a base de Ron y Cola ""Cuba Libre""";Bacardí;lata de 35 cl.;1,45
Ron blanco;Maroní;botella de 1 l.;5,14
Ron blanco 3 años;Varadero;botella de 70 cl.;7,81
Ron caribeño con coco;Malibu;botella de 70 cl.;8,25
Ron Superior Añejo;Barceló;botella de 70 cl;11,80
Ron Superior Añejo;Brugal;botella de 70 cl.;11,95
Ron Añejo Natural;Cacique;botella de 70 cl.;9,65
Ron Antiguo Milenium;Cacique;botella de 70 cl.;35,37
Ron Añejo 3 años;Havana Club;botella de 70 cl.;8,79
Ron Añejo importado;Maroní;botella de 70 cl.;5,58
Ron Dorado;Negrita;botella de 70 cl.;9,61
Ron Añejo Gran Reserva;Santa Teresa;botella de 70 cl.;9,59
Ron Añejo;Varadero;botella de 70 cl.;9,61
Ron Añejo al limón;Varadero;botella de 70 cl.;8,55
Ron añejo Superior 5 años;Bacardí;botella de 70 cl.;11,95
Ron Reserva Superior 8 años;Bacardí;botella de 70 cl.;16,25
Ron Añejo Extra Reserva;Cacique 500;botella de 70 cl.;14,72
Ron Añejo Oro;Havana Club;botella de 70 cl.;10,69
Ron añejo 7 años;Havana Club;botella de 70 cl.;16,95
Ron Añejo Reserva;Havana Club;botella de 70 cl.;12,45
Ron Old Reserve 8 años;Negrita;botella de 70 cl.;9,95
Ron añejo 5 años;Varadero;botella de 70 cl.;11,45
Ron añejo 7 años;Varadero;botella de 70 cl.;12,89
Kentucky Straight Bourbon Whiskey;Four Roses;botella de 70 cl.;10,15
Tennessee Whiskey;Jack Daniel's;botella de 70 cl.;14,45
Single Barriel Tennesse Whiskey;Jack Daniel's;botella de 70 cl.;19,75
Scotch Whisky;Ballantine's;botella de 70 cl.+REGALO 2 miniaturas Tia Lusso;9,45
Scotch Whisky;Ballantine's;botella de 1 l.+REGALO 2 miniaturas Tia Lusso;12,99
Scotch Whisky;Cutty Sark;botella de 70 cl.;9,45
Scotch Whisky;Dewar's White label;botella de 70 cl.;9,75
Scotch Whisky;Grant's;botella de 70 cl.;7,48
Scotch Whisky;"J &amp; B";botella de 70 cl.;9,55
Combinado alcohólico de Scotch Whisky  y Cítricos;"J &amp; B Twist";botella de 27.5 cl.;1,26
Whisky Irlandés;Jameson;botella de 70 cl.;11,57
Scotch Whisky;Johnnie Walker Red label;botella de 70 cl.;9,40
Scotch Whisky;Loch Castle;botella de 70 cl.;6,91
Scotch Whisky;Passport;botella de 70 cl.;8,25
Scotch Whisky;Seagram's 100 Pipers;botella de 70 cl.;9,75
Scotch Whisky;Vat 69;botella de 70 cl.;6,25
Scotch Whisky;William Lawson's;botella de 70 cl.;7,45
Special Reserve Scotch Whisky de 12 años;Ballantine's Gold Seal;botella de 70 cl.;20,75
Premiun Scotch Whisky de 12 años;Chivas Regal;botella de 70 cl.;19,95
Old Scotch Whisky reserva de 15 años;"J &amp; B";botella de 70 cl.;20,45
Old Scotch Whisky;Johnnie Walker Black label;botella de 70 cl.;17,65
Single malt Scotch Whisky;Cardhu;botella de 70 cl.;21,99
Special reserve single malt Scotch Whisky 12 años;Glenfiddich;botella de 70 cl.;21,90
Lowland Single malt Scotch Whisky de 10 años;Glenkinchie;botella de 70 cl.;30,02
Pure malt Scotch Whisky de 15 años;Johnnie Walker;botella de 70 cl.;25,95
Single Islay malt Scotch Whisky de 16 años;Lagavulin;botella de 70 cl.;30,95
Single malt Scotch Whisky de 14 años;Oban;botella de 70 cl.;30,02
Single malt Scoth Whisky de 10 años;Talisker;botella de 70 cl.;31,95
Whisky fino blended;Dyc;botella de 70 cl.;6,39
Whisky fino blended;Dyc;botella de 1l.;8,89
Whisky fino blended de 8 años;Dyc;botella de 70 cl.;8,75
Cerveza Nacional Pilsen;Carrefour;lata de 33 cl.;0,27
Cerveza Amstel;Aguila;lata de 33 cl.;0,38
Cerveza Pilsen;Cruzcampo;lata de 33 cl.;0,39
Cerveza especial Pilsen;Estrella Damm;lata de 33 cl.;0,42
Cerveza Clásica;Mahou;12 latas de 33 cl.;4,42
Cerveza Clásica;Mahou;24 latas de 33 cl.;8,97
Cerveza Cinco Estrellas;Mahou;lata de 33 cl.;0,49
Cerveza Cinco Estrellas;Mahou;24 latas de 33 cl.;10,79
Cerveza;San Miguel;lata de 33 cl.;0,42
Cerveza extra;Voll-Damm;lata de 33 cl.;0,57
Cerveza Nacional Pilsen;Carrefour;6 botellas de 25 cl.;1,25
Cerveza Nacional Pilsen;Carrefour;botella de 1 l.;0,97
Cerveza Amstel;Aguila;10 botellas de 25 cl.;2,79
Cerveza Pilsen;Cruzcampo;24 botellas de 25 cl.;6,75
Cerveza Shandy;Cruzcampo;6 botellas de 25 cl.;2,05
Cerveza Clásica;Mahou;6 botellas de 25 cl.;1,68
Cerveza Clásica;Mahou;botella de 1 l.;0,95
Cerveza Cinco Estrellas;Mahou;6 botellas de 25 cl.;1,99
Cerveza cinco estrellas;Mahou;10 botellas de 25 cl.;3,15
Cerveza;San Miguel;12 botellas de 25 cl.;3,55
Cerveza Especial;San Miguel;24 botellas de 25 cl.;2,55
Bebida energética isotónica High Effort Endurance;Hero;20 sobres de 31 g. + Cooler;12,07
Bebida energética hipotónica High Effort Sprint;Hero;10 sobres de 31 g. + Cooler;10,81
Bebida isotónica de limón;Isostar;bote de 425 g., preparado para 5 l.;6,76
Bebida isotónica de naranja;Isostar;bote de 425 g., preparado para 5 l.;6,76
Bebida isotónica Fresh;Isostar;bote de 425 g., preparado para 5 l.;6,76
Bebida isotónica Long Energy de naranja;Isostar;bote de 790 g., preparado 5 l.;10,09
Bebida isotónica;Gold de Carrefour;lata de 33 cl.;0,26
Bebida isotónica de naranja;Gold de Carrefour;lata de 33 cl.;0,26
Bebida isotónica;Aquarius;lata de 33 cl.;0,49
Bebida isotónica;Aquarius;12 latas de 33 cl.;5,70
Bebida isotónica;Aquarius;botella de 1 l.;1,17
Bebida isotónica de naranja;Aquarius;lata de 33 cl.;0,49
Bebida isotónica de naranja;Aquarius;12 latas de 33 cl.;5,70
Bebida isotónica de naranja;Aquarius;botella de 1 l.;1,17
Bebida para deportistas con sabor a limón;Aquactive de Aquarius;botella de 50 cl.;0,56
Bebida isotónica Alto rendimiento;Bi-Solán;brik de 33 cl.;0,73
Bebida isotónica Citron;Bi-Solán;brik de 33 cl.;0,73
Bebida isotónica Multifruta;Bi-Solán;brik de 33 cl.;0,73
Bebida energética;Burn;lata de 25 cl.;1,05
Bebida para deportistas sabor frambuesa azul;Gatorade;botella de 75 cl.;1,45
Bebida para deportistas sabor limón;Gatorade;botella de 1,5 l.;2,15
Bebida para deportistas sabor mandarina;Gatorade;botella de 75 cl.;1,45
Bebida para deportistas sabor naranja;Gatorade;botella de 1,5 l.;2,15
Bebida refrescante de Brasil;Guaraná Antarctica;lata de 33 cl.;0,39
Bebida energética;Guarana natural;lata de 25 cl.;1,23
Bebida energética isotónica High Effort Endurance;Hero;brik de 33 cl.;0,99
Alimento complementario para deportistas sabor citrus;Powerade;botella de 50 cl.;1,16
Alimento complementario para deportistas Ice Strom;Powerade;botella de 50 cl.;1,16
Bebida energética;Red Bull;lata de 25 cl.;1,14
Bebida refrescante de naranja;Gold de Carrefour;lata de 33 cl.;0,21
Bebida refrescante de naranja;Fanta;lata de 33 cl.;0,30
Bebida  refrescante de naranja;Fanta;botella de 2 l.;1,05
Bebida refrescante de naranja;Nordic Mist;6 botellas de 20 cl.;2,49
Bebida refrescante de naranja;Schweppes;lata de 33 cl.;0,28
Bebida refrescante de naranja light;Schweppes;lata de 33 cl.;0,28
Bebida refrescante de naranja;Schweppes;botella 2 l.;0,82
Bebida refrescante de limón;Gold de Carrefour;lata de 33 cl.;0,21
Bebida refrescante de limón;Fanta;lata de 33 cl.;0,30
Bebida refrescante de limón;Fanta;botella de 2 l.;1,05
Bebida refrescante de naranja;Nordic Mist;6 botellas de 20 cl.;2,49
Bebida refrescante de limón;Schweppes;lata de 33 cl.;0,28
Bebida refrescante de limón light;Schweppes;lata de 33 cl.;0,28
Bebida refrescante de limón;Schweppes;botella de 2 l.;0,82
Bebida refrescante de lima limón;Gold de Carrefour;lata de 33 cl.;0,21
Bebida refrescante de lima limón;Seven Up;lata de 33 cl.;0,30
Bebida refrescante de lima limón;Seven Up;12 latas de 33 cl.;3,39
Bebida refrescante de lima limón;Sprite;lata de 33 cl.;0,26
Bebida refrescante de lima limón;Sprite;botella de 2 l.;0,92
Bebida refrescante de Brasil;Guaraná Antarctica;lata de 33 cl.;0,39
lote 2 x 1 Bebida refrescante de frambuesa;Fanta;2 latas de 33 cl.;0,40
Bebida refrescante de extractos Citrus;Schweppes;lata de 33 cl.;0,28
Bebida refrescante de Citrus;Schweppes;botella de 2 l.;2,36
Bebida refrescante de naranja sin gas Orange Attraction;Radical;botella de 50 cl.;0,65
Bebida refrescante de naranja sin gas Orange Attraction;Radical;botella de 1,5 l.;1,10
Bebida refrescante de naranja sin gas;Trina;lata de 33 cl.;0,99
Bebida refrescante de naranja sin gas light;Trina;lata de 33 cl.;0,99
Bebida refrescante de limón sin gas Lemon Obsession;Radical;botella de 50 cl.;0,65
Bebida refrescante de limón sin gas Lemon Obsession;Radical;botella de 1,5 l.;1,10
Bebida refrescante de limón sin gas;Trina;lata de 33 cl.;0,99
Bebida refrescante de té al limón;Gold de Carrefour;lata de 33 cl.;0,26
Bebida refrescante de té al melocotón;Gold de Carrefour;lata de 33 cl.;0,26
Bebida refrescante de té al limón;Lipton Ice Tea;lata de 33 cl.;0,46
Bebida refrescante de té al limón;Lipton Ice Tea;botella de 1,5 l.;1,37
Bebida refrescante de té al limón light;Lipton Ice Tea;lata de 33 cl.;0,46
Bebida refrescante de té al melocotón;Lipton Ice Tea;lata de 33 cl.;0,46
Bebida refrescante de té al melocotón;Lipton Ice Tea;botella de 1,5 l.;1,37
Bebida refrescante de té a la naranja;Nestea;botella de 1 l.;1,19
Bebida refrescante de té al limón;Nestea;lata de 33 cl.;0,48
Bebida refrescante de té al limón;Nestea;12 latas de 33 cl.;5,59
Bebida refrescante de té al limón;Nestea;botella de 1 l.;1,19
Bebida refrescante de té al limón light;Nestea;lata de 33 cl.;0,48
Bebida refrescante de té al limón light;Nestea;botella de 1 l.;1,19
Bebida refrescante de té al melocotón;Nestea;lata de 33cl.;0,48
Bebida refrescante de té a la naranja;Nestea;lata de 33 cl.;0,48
Bebida energética;Guarana natural;lata de 25 cl.;1,23
Bebida refrescante de piña con vitaminas;Las Aventuras de Mickey;4 botellas 25 cl.;2,36
Bebida refrescante de manzana sin gas;Trina;botella de 2 l.;1,23
Bebida refrescante de piña sin gas;Trina;lata de 33 cl.;0,99
Néctar de piña colada;Trina;4 botellas de 20 cl.;2,64
Vino blanco D.O. Rueda;Altorreal;botella de 75 cl.;2,12
Vino blanco Sauvignon Blanc D.O. Rueda Joven;Altorreal;botella de 75 cl.;3,36
Vino blanco Verdejo D.O. Rueda Joven;Altorreal;botella de 75 cl.;2,88
Vino blanco D.O. Rueda Joven;Marqués de Riscal;botella de 75 cl.;5,20
Vino blanco Sauvignon Blanc D.O. Rueda Joven;Marqués de Riscal;botella de 75 cl.;5,98
Vino blanco seco D.O. Rueda Joven;Sanz;botella de 75 cl.;2,88
Vino blanco D.O. Rueda Superior Joven;Sanz;botella de 75 cl.;4,14
Vino blanco Sauvignon Blanc D.O. Rueda Joven;Sanz;botella de 75 cl.;5,04
Vino blanco D.O. Rueda Joven;Solar de la Vega;botella de 75 cl.;2,30
Vino blanco D.O. Rueda Joven;Viña Cantosán;botella de 75 cl.;3,82
Vino blanco de Aguja semi-seco;Peñascal;botella de 75 cl.;3,25
Vino blanco D.O. Costers del Segre Casal Joven;Raimat;botella de 75 cl.;3,66
Vino blanco Chardonnay D.O. Costers del Segre Joven;Raimat;botella de 75 cl.;6,38
Vino blanco de Aguja D.O. Penedés;Pinord Reynal;botella de 75 cl.;3,49
Vino blanco semi-dulce D.O. Penedés;Bach Extrísimo;botella de 75 cl.;2,98
Vino blanco D.O. Penedés Reserva 1999;Ermita D'Espiells;botella de 75 cl.;5,75
"Vino blanco seco D.O. Penedés ""Blanc de Blancs""";Marqués de Monistrol;botella 75 cl;3,22
"Vino blanco seco D.O. Penedés "" Kraliner """;René Barbier;botella de 75 cl.;3,10
"Vino blanco semi-dulce D.O. Penedés "" Viña Augusta """;René Barbier;botella de 75 cl;3,10
Vino blanco seco D.O. Penedés;Sant Llach;botella de 75 cl.;1,95
Vino blanco D.O. Penedés Joven;Viña Esmeralda;botella de 75 cl.;6,68
Vino blanco D.O. Penedés Joven;Viña Sol;botella de 75 cl.;4,15
Vino blanco de Aguja seco natural;Blanc Pescador;botella de 75 cl.;3,35
Vino blanco Albariño D.O. Rías Baixas Joven;Condes de Albarei;botella de 75 cl.;9,49
Vino blanco Albariño D.O. Rías Baixas;De Nuestra Tierra;botella de 75 cl.;8,99
Vino blanco Albariño D.O. Rías Baixas Joven;Martín Códax;botella de 75 cl.;9,86
Vino blanco Albariño D.O. RÍas Baixas Joven;Pazo de Villarei;botella de 75 cl.;11,21
Vino blanco Albariño D.O. Rías Baixas Joven;Santeiro;botella de 75 cl.;6,95
Vino blanco D.O. Ribeiro;Gran Leiriña;botella de 75 cl.;5,98
Vino blanco D.O. Ribeiro Joven;Pazo;botella de 75 cl.;2,85
Vino blanco D.O. Ribeiro;O´ Ventosela;botella de 75 cl.;2,79
Vino blanco D.O. Ribeiro;Viña Leiriña;botella de 75 cl.;3,99
Vino blanco D.O. Ribeiro;Viña Leiriña;estuche 6 botellas de 75 cl.;26,09
Vino tinto D.O. Campo Borja Joven Selección;Viña Royuelo;botella de 75 cl.;2,16
Vino tinto D.O. Campo Borja Joven;Viña Tito;botella de 75 cl.;2,29
Vino tinto D.O. Campo Borja Crianza;Don Ramón;botella de 75 cl.;2,40
Vino tinto D.O. Campo Borja Crianza;Mósen Cleto;botella de 75 cl.;3,16
Vino tinto D.O. Cariñena Joven;Monasterio de las Viñas;botella de 75 cl.;2,10
Vino tinto D.O. Cariñena Joven;Río Mayor;botella de 75 cl.;1,53
Vino tinto D.O. Cariñena Crianza;Monasterio de las Viñas;botella de 75 cl.;3,00
Vino tinto D.O. Cariñena Crianza;Río Mayor;botella de 75 cl.;2,40
Vino tinto D.O. Cariñena Gran Reserva;Barón de Lajoyosa;botella de 75 cl.;6,64
Vino tinto D.O. Somontano Joven;Enate;botella de 75 cl.;6,09
Vino tinto Tempranillo-Cabernet D.O. Somontano Joven;Montesierra;botella de 75 cl.;3,49
Vino tinto D.O. Somontano Crianza;Montesierra;botella de 75 cl.;5,74
Vino tinto Cabernet Sauvignon D.O. Somontano  Reserva 1997;Enate;botella de 75 cl.;13,39
Vino tinto D.O. Somontano Reserva 1997;Señorío de Lazan;botella de 75 cl.;8,47
Vino tinto Cabernet Sauvignon D.O. La Mancha Joven;Lablanca;botella de 75 cl.;2,35
Vino tinto D.O. La Mancha Joven;Onán;botella de 75 cl.;1,45
Vino tinto D.O. La Mancha Joven;Ribera de los Molinos;botella de 75 cl.;1,25
Vino tinto D.O. La Mancha Joven;Viña Alambrada;botella de 75 cl.;1,11
Vino tinto D.O. La Mancha Crianza;Allozo;botella de 75 cl.;3,45
Vino tinto D.O. La Mancha Crianza;Onán;botella de 75 cl.;1,75
Vino tinto D.O. La Mancha Crianza;Vega Ibor;botella de 75 cl.;2,85
Vino tinto D.O. La Mancha Reserva 1997;Estola;botella de 75 cl.;3,25
Vino tinto D.O. La Mancha Reserva 1996;Estola;botella de 75 cl.;3,30
Vino tinto D.O. La Mancha Reserva 1996;Señorío de Guadianeja;botella de 75 cl.;3,76
Vino tinto D.O. La Mancha Reserva 1997;Vega Cedrón;estuche 3 botellas de 75 cl.;12,99
Vino tinto D.O. Valdepeñas Joven;Los Molinos;botella de 75 cl.;1,65
Vino tinto D.O. Valdepeñas Joven;Señorío de Ojailén;botella de 75 cl.;1,50
Vino tinto D.O. Valdepeñas Crianza;Los Molinos;botella de 75 cl.;2,55
Vino tinto D.O. Valdepeñas Crianza;Señorío de los Llanos;botella de 75 cl.;2,25
Vino tinto D.O. Valdepeñas Crianza;Señorío de Ojailén;botella de 75 cl.;2,25
Vino tinto D.O. Valdepeñas Gran Reserva 1993;Viña Albali;botella de 75 cl.;5,95
Vino tinto D.O. Valdepeñas Reserva 1995;Señorío de Ojailén;botella de 75 cl.;2,70
Vino tinto Cabernet Sauvignon D.O.Valdepeñas Reserva 1997;Viña Albali;botella 75 cl;5,86
Vino tinto D.O. Valdepeñas Reserva 1996;Viña Albali;botella de 75 cl.;2,99
Vino tinto D.O. Valdepeñas Reserva 1995;Viña Albali;botella de 1,5 l.;6,25
Vino tinto D.O. Valdepeñas Gran Reserva 1992;Pata Negra;botella de 75 cl.;5,08
Vino tinto D.O. Valdepeñas Gran Reserva 1996;Señorío de los Llanos;botella de 75 cl.;3,58
"Vino tinto de la Tierra de Castilla ""Carta de Plata""";Berberana;botella de 75 cl.;2,82
Vino tinto de la Tierra de Castilla;Barón de Sabas;botella de 75 cl.;1,65
Vino tinto de la Tierra de Castilla;Barón de Sabas;estuche 3 botellas de 75 cl.;9,73
Vino tinto de la Tierra de Castilla;Monte Corzo;botella de 75 cl.;1,45
"Vino tinto de Toledo Reserva ""Dominio de Valdepusa""";Marqués de Griñón;botella 75cl;13,95
Vino tinto D.O. Bierzo Joven;Viña Laguas;botella de 75 cl.;2,55
Pizza cuatro quesos de Italia al horno de leña;Carrefour;caja de 410 g.;3,45
Pizza Royal al horno de leña;Carrefour;caja de 480 g.;3,45
Pizza de queso de cabra al horno de leña;Carrefour;caja de 440 g.;3,62
Pizza caprichosa Forno di Pietra;Buitoni;caja de 410 g.;4,29
Pizza 3 formaggi Forno di Pietra;Buitoni;caja de 410 g.;4,64
Pizza pasta fina queso y jamón;Buitoni;caja de 340 g.;3,75
Pizza pasta fina 3 quesos;Buitoni;caja de 340 g.;2,65
Pizza Carbonara Forno di Pietra;Buitoni;caja de 410 g.;4,55
Pizza artesana atún y bacon;La Cocinera;caja de 375 g.;2,60
Pizza artesana 4 quesos;La Cocinera;caja de 300 g.;2,80
Pizza artesana mozzarella;La Cocinera;caja de 330 g.;2,60
Pizza Mariachi con carne;La Cocinera;caja de 450 g.;2,99
Pizza Americana ranchera con jamon y champiñón;La Cocinera;caja de 440 g.;2,99
Pizza Arizona de carne;La Cocinera;caja de 460 g.;2,99
Base de pizza;Carrefour;bolsa de 3 unidades de 375 g.;0,85
Base de pizza;Carrefour;bolsa de 3 unidades, 450 g.;1,00
Bases para pizza;La Cocinera;bolsa de 5 unidades, 350 g.;1,61
Bases para pizza Pizzanova;Pescanova;bolsa de 5 unidades, 625 g.;1,62
Pizza de atún;Carrefour;caja de 300 g.;1,47
Pizza 4 estaciones;Carrefour;caja de 300 g.;1,47
Pizza frutos de mar;Carrefour;caja de 300 g.;1,47
Pizza romana;Carrefour;caja de 300 g.;1,47
Pizza roquefort mozzarella;Carrefour;caja de 300 g.;1,44
Pizza de atún;La Cocinera;caja de 290 g.;1,95
Pizza Margarita;Carrefour;caja de 275 g.;0,96
Pizza margarita;La Cocinera;caja de 265 g.;1,60
Pizza marinera;La Cocinera;caja de 300 g.;1,95
Pizza Romana;La Cocinera;caja de 290 g.;1,95
Pizza familiar de jamón, queso y champiñones;Carrefour;caja de 600 g.;2,99
Baguettes jamón, bacon y queso;Carrefour;2 unidades, 250 g.;1,19
Baguettes con tomate y mozzarella;Carrefour;2 unidades, 250 g.;1,19
Pannini de Atún;Knorr;2 baguettes, 250 g.;2,09
Pannini de Queso y Champiñones;Frudesa;2 baguettes, 250 g.;2,09
Pannini Tres Quesos;Knorr;2 baguettes, 250 g.;2,09
Pizza clásica Romana;Maggi;caja de 310 g.;1,65
Canelones de atún;La Cocinera;caja de 12 unidades, 1 kg.;4,50
Canelones de atún;La Cocinera;caja de 6 unidades, 530 g.;2,95
Canelones de atún;Maggi;caja de 6 unidades, 525 g.;4,18
Canelones de carne;Carrefour;caja de 6 unidades, 500 g.;1,68
Canelones de carne;La Cocinera;caja de 12 unidades, 1060 g.;4,50
Canelones de carne;La Cocinera;caja de 6 unidades, 530 g.;2,95
Canelones con bechamel gratinados;Maheso;paquete de 300 g.;1,83
Canelones a la Italiana;Maggi;caja de 6 unidades, 525 g.;1,94
Croquetas Artesanas de cazuela de bacalao;La Cocinera;bolsa de 500 g.;1,89
Croquetas Artesanas de cocido;La Cocinera;bolsa de 500 g.;2,24
Croquetas de pollo;La Cocinera;bolsa de 500 g.;2,27
Croquetas Artesanas de estofado de pollo;La Cocinera;bolsa de 500 g.;2,27
Minicroquetas de jamón;La Cocinera;bolsa de 300 g.;1,62
Croquetas de langostino;Pescanova;bolsa de 400 g.;1,60
Croquetas de merluza;Pescanova;bolsa de 20 unidades, 400 g.;1,75
Empanadillas de bonito;La Cocinera;caja de 16 unidades, 500 g.;3,15
Empanadillas Artesanas de pisto y atún;La Cocinera;caja de 8 unidades, 250 g.;1,90
Empanadillas de bonito;Pescanova;caja de 16 unidades, 500 g.;3,47
Mini empanadillas caseras de bonito;Carrefour;bolsa de 400 g.;1,32
Mini empanadillas de atún;La Cocinera;caja de 30 unidades, 500 g.;3,18
Lasaña de atún;Carrefour;caja de 500 g.;1,68
Lasaña de atún;La Cocinera;caja de 1060 g., 2 bandejas.;4,75
Lasaña de atún;La Cocinera;caja de 530 g.;2,95
Lasaña de atún;Maggi;caja de 2 unidades, 520 g.;3,16
Lasaña Boloñesa;Carrefour;caja de 500 g.;1,68
Lasaña a la Boloñesa;La Cocinera;caja de 1060 g.;4,50
Lasaña a la Boloñesa;La Cocinera;caja de 530 g.;2,76
Lasaña a la Boloñesa;Maggi;caja de 2 unidades, 520 g.;4,73
Lasaña marinera con gambas y merluza;La Cocinera;caja de 530 g.;2,95
Lasaña de pollo estofado;La Cocinera;caja de 530 g.;2,88
Lasaña verde de jamón, champiñones y verduras;Maggi;caja de 520 g.;1,05
Patatas prefritas congeladas corte tradicional;Carrefour;bolsa de 2,5 kg.;2,34
Patatas prefritas superfinas;Carrefour;bolsa de 1 kg.;1,15
Patatas prefritas cortadas en dados;Carrefour;bolsa de 1 kg.;1,20
Patatas barbacoa;Carrefour;bolsa de 450 g.;0,86
Patatas Croustine;Findus;caja de 420 g.;2,89
"Patatas prefritas ""Chippers""";McCain;lote 2 bolsas de 750g+REGALO Aros cebolla 400 g.;2,15
Patatas congeladas Country Fries;McCain;lote 2 bolsas de 750g+REGALO Aros cebolla 400g;1,53
Patatas congeladas Tradition;McCain;lote 2 bolsa de 2 kg+REGALO Aros cebolla 400g.;3,31
Patatas congeladas Tradition;McCain;lote 2 bolsas de 750g+REGALO Aros cebolla 400g.;1,35
Patatas congeladas Golden Long;McCain;lote 2 bolsas de 750g+REGALO Aros cebolla 400 g.;1,29
"Patatas congeladas  ""Kid Smile""";McCain;lote 2 bolsas de 600g+REGALO Aros Cebolla 400g;1,66
Bocaditos de patata;Findus;caja de 400 g.;2,06
Fast Menú, aros de cebolla, fingers de pollo, patatas fritas;Maggi;caja de 340 g.;2,79
Aperifritos: bocados marisco,mini-empanadillas de bonito;Pescanova;caja de 450 g.;3,04
Aros de cebolla;Carrefour;bolsa de 300 g.;1,17
Aros de cebolla;McCain;lote de 2 bolsas de 400 g.+REGALO Aros de cebolla 400 g.;1,58
Fast Menú, aros de cebolla, fingers de pollo, patatas fritas;Maggi;caja de 340 g.;2,79
Bocaditos de patata;Findus;caja de 400 g.;2,06
Fideuá Mediterránea;Maggi;caja de 435 g. , 2 raciones + barqueta de salsa Alioli.;3,49
Gazpacho Andalúz;Vitafresh;botella de 1 l.;2,25
Gratén de berenjenas a la Griega;Maggi;caja de 460 g.;2,59
Gratén de patatas a la Parmentier;Maggi;caja de 460 g., 2 raciones.;2,59
Mussaka;Carrefour;caja de 300 g.;1,55
Rollitos de jamón y queso;Maheso;caja de 200 g.;1,97
Rollitos de primavera;Maheso;caja de 200 g.;1,97
Sopa de marisco, pescado y verduras;Frudesa;bolsa de 400 g;2,52
Sopa de pescado Platos de Hoy;Maggi;caja de 500 g.;2,85
Preparado de paella de marisco;Pescanova;bolsa de 4 raciones, 500 g.;3,08
Tapas marineras;Maheso;caja de 450 g.;2,60
Tapas del mesón;Maheso;caja de 450 g.;2,60
Ventresca de merluza a la Andaluza;Pescanova;caja de 350 g.;3,85
"Ventresca de merluza a la Riojana ""A la Mesa""";Pescanova;4 unidades, 300 g.;3,45
"Ventresca de merluza en salsa verde ""A la Mesa""";Pescanova;4 unidades, 300 g.;3,45
Churros Lazo;Carrefour;bolsa de 400 g., 18 churros aprox.;0,99
Churros;La Cocinera;bolsa de 375 g.;1,32
Masa de hojaldre estirada;Carrefour;caja de 500 g.;1,62
Masa de Hojaldre;La Cocinera;4 bloques de 250 g.;4,23
Masa de hojaldre;La Cocinera;bandeja de 500 g.;2,31
Nata Montada;Miko;tarrina 500 ml.;1,55
Baguetinas congeladas;Maheso;4 unidades de 125 g.;1,49
Ensalada de arroz;Carrefour;bolsa de 400 g.;0,90
Ensaladilla;Carrefour;bolsa de 1 kg.;1,25
Ensaladilla;Findus;bolsa de 750 g.;1,33
Ensaladilla;Frudesa;bolsa de 1 kg.;1,53
Ensalada de pasta;Carrefour;bolsa de 400 g.;0,90
Espinacas cortadas;Carrefour;bolsa de 400 g.;0,75
Espinacas cortadas;Carrefour;bolsa de 1 kg.;1,40
Espinacas en hojas;Carrefour;bolsa de 400 g.;0,75
Espinacas en hojas;Carrefour;bolsa de 1 kg.;1,40
Espinaca en hojas;Bonduelle;bolsa de 12 porciones, 83 g.;2,11
Espinacas en hojas;Frudesa;caja de 12 porciones, 1000 g.;1,95
Espinacas cortadas;Frudesa;caja de 4 porciones, 400 g.;0,99
Espinacas a la crema;Frudesa;bolsa de 400 g.;2,12
Guisantes;Carrefour;bolsa de 400 g.;0,75
Guisantes finos;Carrefour;bolsa de 1 kg.;1,55
Guisantes extrafinos Nuestro Summum;Findus;caja de 200 g.;1,19
Guisantes finos;Frudesa;bolsa de 1 kg.;0,75
Judías verdes planas;Carrefour;bolsa de 1 Kg.;0,75
Judías verdes troceadas;Carrefour;bolsa de 1 kg.;1,57
Judía verde fina troceada al vapor;Bonduelle;bolsa de 750 g.;1,79
Judías verdes planas troceadas;Frudesa;bolsa de 1 Kg.;2,29
Judías verdes troceadas;Frudesa;bolsa de 1 kg.;2,09
Maíz dulce en mazorca;Frudesa;bolsa de 400 g.;1,32
Maíz superdulce en grano;Frudesa;bolsa de 400 g.;1,26
Menestra de verduras;Carrefour;bolsa de 400 g.;0,90
Menestra de verduras;Carrefour;bolsa de 1 kg.;2,67
Menestas de la huerta;Findus;bolsa de 600 g.;1,85
Patatas prefritas corte tradicional;Carrefour;bolsa de 1 kg.;1,05
Patatas prefritas congeladas corte tradicional;Carrefour;bolsa de 2,5 kg.;2,34
Patatas prefritas superfinas;Carrefour;bolsa de 1 kg.;1,15
Patatas prefritas cortadas en dados;Carrefour;bolsa de 1 kg.;1,20
Patatas barbacoa;Carrefour;bolsa de 450 g.;0,86
Patatas Croustine;Findus;caja de 420 g.;2,89
"Patatas prefritas ""Chippers""";McCain;lote 2 bolsas de 750g+REGALO Aros cebolla 400 g.;2,15
Patatas congeladas Country Fries;McCain;lote 2 bolsas de 750g+REGALO Aros cebolla 400g;1,53
Patatas congeladas Tradition;McCain;lote 2 bolsa de 2 kg+REGALO Aros cebolla 400g.;3,31
Patatas congeladas Tradition;McCain;lote 2 bolsas de 750g+REGALO Aros cebolla 400g.;1,35
Patatas congeladas Golden Long;McCain;lote 2 bolsas de 750g+REGALO Aros cebolla 400 g.;1,29
"Patatas congeladas  ""Kid Smile""";McCain;lote 2 bolsas de 600g+REGALO Aros Cebolla 400g;1,66
Bocaditos de patata;Findus;caja de 400 g.;2,06
Fast Menú, aros de cebolla, fingers de pollo, patatas fritas;Maggi;caja de 340 g.;2,79
Salteado Campestre;Bonduelle;bolsa de 450 g.;1,81
Salteado de guisantes con bacon;Bonduelle;bolsa de 450 g.;2,02
Salteado de judías con bacon;Bonduelle;bolsa de 450 g.;2,35
Salteado de pasta con verduras;Bonduelle;bolsa de 450 g.;2,02
Salteado Tradicional;Bonduelle;bolsa de 450 g.;1,81
Salteado de verduras con bacon;Bonduelle;bolsa de 450 g.;2,02
Salteado de verduras con carne;Bonduelle;bolsa de 450 g.;2,02
Sartén Andaluza con garbanzos, espinacas y gambas;Salto;bolsa de 400 g.;1,95
Saltea y Disfruta de menestra con gambas;Frudesa;bolsa de 400 g.;1,95
"Braseado Mediterráneo ""Brasador""";Findus;bolsa de 400 g.;2,30
"Braseado Toscano ""Brasador""";Findus;bolsa de 400 g.;2,50
"Pisto braseado ""Brasador""";Findus;bolsa de 400 g.;2,30
"Parrillada campesina ""Brasador""";Findus;bolsa de 400 g.;2,55
"Parrillada Rústica ""Brasador""";Findus;bolsa de 400 g.;2,50
"Parrillada de la vega ""Brasador""";Findus;bolsa de 400 g.;2,55
Alcachofas;Carrefour;bolsa de 400 g.;1,69
Alcachofas cortadas;Frudesa;bolsa de 400 g.;2,30
Corazones de alcachofas Nuestro Summun;Findus;caja de 300 g,;3,20
Acelgas en hoja;Carrefour;bolsa de 400 g.;0,79
Acelgas hojas;Frudesa;caja de 400 g.;1,09
Aros de cebolla;Carrefour;bolsa de 300 g.;1,17
Brócoli;Carrefour;bolsa de 400 g.;0,90
Cardo especial de la huerta;Findus;bolsa de 400 g.;1,62
Coles de bruselas;Carrefour;bolsa de 450 g.;0,90
Coles de Bruselas;Findus;bolsa de 400 g.;1,15
Coliflor;Carrefour;bolsa de 750 g.;1,17
Habas finas;Frudesa;bolsa de 400 g.;1,31
Preparado de puré de verduras;Pescanova;bolsa de 1 kg.;2,59
Ajetes, espárragos trigueros y gambas para revuelto;Pescanova;caja de 450 g.;3,44
Zanahorias Baby;Carrefour;bolsa de 400 g.;0,89
Cabello de ángel;Hida;lata de 520 g. (p. neto);1,21
Cerezas en aguardiente Bierzo;De Nuestra Tierra;frasco de 290 g.(p.net),150g.(p.esc);4,66
Cerezas en almíbar denso;Helios;frasco de 160 g. (p.neto), 90 g. (p.esc).;0,89
Cocktail de frutas en almíbar;Carrefour;lata de 840 g. (p.neto), 480 g.(p.esc).;1,35
Frutas tropicales en jugo Fruit Bowls;Dole;4 unidades de 113 g.;3,01
Mandarinas en nectar de fruta Fruit Bowls;Dole;4 unidades de 113 g.;3,01
Melocotón en almíbar extra;Carrefour;lata de 420 g. (p.neto), 240 g. (p.esc).;0,59
Melocotón en almíbar extra;Carrefour;lata de 840 g. (p.neto), 480 g.(p.esc).;0,90
Melocotón en almíbar extra Diet;Carrefour;lata de 840 g. (p.neto), 480 g. (p.esc.);3,01
Melocotón en almíbar, mitades;Hero;lata de 865 g. (p.neto), 480 g. (p.esc).;1,67
Melocotón en almíbar, mitades;Molinera;lata de 840 g. (p.neto), 480 g. (p.esc).;1,14
Melocotón en almíbar, mitades;Planific;lata de 840 g. (p.neto), 480 g. (p.esc).;1,04
Pera en almíbar extra;Carrefour;lata de 420 g. (p.neto), 240 g. (p.esc).;0,69
Piña en rodajas en su jugo;Carrefour;3 latas de 227 g. (p.neto);1,08
Piña en rodajas en su jugo;Carrefour;lata de 822 g. (p.neto), 490 g. (p.esc).;1,48
Piña en rodajas en su jugo;Del Monte;lata de 820 g. (p.neto), 510 g. (p. esc).;1,88
Piña en jugo Fruit Bowls;Dole;4 unidades de 113 g.;3,01
Piña en rodajas en su jugo;Dole;lata de 567 g. (p.neto), 340 g. (p.esc).;1,40
Piña en rodajas en su jugo;Dole;lata de 822 g. (p.neto), 490 g. (p.esc).;1,77
Albóndigas al estilo casero;Carrefour;lata de 430 g. (p.neto).;0,90
Albóndigas;La Tila;lata de 415 g. (p.neto).;1,45
Codornices en escabeche;De Nuestra Tierra;lata de 400 g.;3,90
Codornices escabechadas;Collado Hnos.;lata de 400 g. (p.neto).;2,90
Perdiz en escabeche;De Nuestra Tierra;lata de 415 g.;8,99
Perdiz escabechada;Collado Hnos.;lata de una pieza, 530 g.;12,50
Perdiz en escabeche;Sierra de Mudela;lata de 440 g. (p.neto), 300 g. (p.esc);18,00
Callos con chorizo;Carrefour;lata de 380 g. (p.neto).;2,20
Callos con garbanzos;Gallina Blanca;cazuelita de 400 g.;2,20
Callos a la madrileña;La Tila;lata de 610 g. (p.neto);2,67
Magro de cerdo cocido en su jugo;Carrefour;lata de 220 g. (p.neto);2,44
Magro de cerdo cocido en su jugo;Louriño;lata de 220 g. (p.neto);1,49
Paté de corzo;Carrefour;tarro de 180 g.;1,17
Paté del campo;Jean Brunet;tarro de 180 g.;1,59
Paté de jabalí;Carrefour;tarro de 180 g.;1,17
Paté de jabalí;Jean Brunet;tarro de 180 g.;1,98
Paté de jabugo;Sánchez Romero Carvajal;3 latas de 80 g.;2,10
Paté de hígado de cerdo;Carrefour;lata de 125 g.;0,87
Paté hígado de cerdo;Apis;3 latas de 80 g.;1,03
Paté de hígado de cerdo;Apis;3 latas de 80 g.;1,51
Paté de hígado de ave;Carrefour;tarro de 180 g.;1,17
Paté de hígado de cerdo;La Piara;3 latas de 83 g.;1,91
Paté de hígado de cerdo;La Piara;2 latas de 118 g.;2,19
Paté de hígado de cerdo;La Piara;lata de 118 g.;1,08
Paté de hígado de cerdo;La Piara;lata de 83 g.;0,82
Paté de hígado de cerdo bajo en calorías;La Piara;lata de 83 g.;0,98
Paté de hígado de cerdo;Mina;3 latas de 70 g.;0,84
Salchichas cocidas Bockwurst;Carrefour;frasco de 380 g. (p.neto), 250 g.(p.esc);1,50
Salchichas cocidas Bockwurst;Carrefour;frasco de 1030 g. (p.neto), 720 g. (p.esc);1,53
Salchichas con queso;Carrefour;paquete de 5 unidades, 200 g.;0,55
Salchichas cocidas Suabia, blancas suaves;Carrefour;paquete de 4 unidades, 250 g.;1,53
Salchichas cocidas Turingia, blancas especiadas;Carrefour;paquete de 4 ud., 250 g.;1,53
Salchichas cocidas y ahumadas estilo Baviera;Campofrío;paquete 3 unidades, 260 g.;1,59
Salchichas cocidas Bratwurst;Campofrío;paquete de 3 unidades, 260 g.;1,49
Salchichas cocidas y ahumadas de pavo Vienner;Campofrío;paquete 3 unidades, 260 g.;1,59
Salchichas cocidas tipo caseras Kuchenwurst;Campofrío;paquete 3 unidades, 260 g.;1,59
Salchichas cocidas y ahumadas;Crismona;lata de 410 g. (p.neto), 230 g. (p.esc);1,26
Salchichas cocidas estilo Bratwurst;El Acueducto;paquete de 5 unidades, 500 g.;2,69
Salchichas cocidas ahumadas estilo Bockwurst;El Acueducto;paquete de 5 ud., 500 g.;2,69
Salchichas cocidas Bockwurst;Meica;frasco de 540 g. (p.neto), 250 g.(p.esc);2,90
Salchichas alemanas München;Picken;paquete de 4 unidades, 400 g.;2,16
Salchichas cocidas Alemanas;Señorío de Sarria;frasco 375 g.(p.neto), 250 g.(p.esc);1,94
Salchichas cocktail;Carrefour;frasco de 208 g.;1,35
"Salchichas cocidas ahumado  ""Snackis Cocktail""";El Acueducto;paquete de 135 g.;0,82
Salchichas cocidas aperitivo;La Piara;lata de 395 g. (p.neto),185 g. (p.esc);1,79
Salchichas cocidas ahumadas aperitivo;Meica;frasco de 380 g.;3,20
Salchichas Frankfurter en tripa natural;Carrefour;bote de 550 g (p.neto);1,59
Salchichas cocidas y ahumadas Frankfurt;Carrefour;paquete de 7 unidades, 160 g.;0,30
Salchichas cocidas y ahumadas Frankfurt;Campofrío;paquete de 7 unidades, 160 g.;0,39
Salchichas cocidas Frankfurt;El Pozo;paquete de 7 unidades, 160 g.;0,32
Salchichas cocidas tipo Frankfurt;La Piara;lata de 395 g. (p.neto), 250 g. (p.esc);1,79
Salchichas alemanas Frankfurt;Picken;paquete de 4 unidades, 400 g.;2,16
Salchichas cocidas y ahumadas estilo Viena;Carrefour;paquete de 4 unidades, 220 g.;0,55
Salchichas cocidas y ahumadas estilo Viena;Campofrío;paquete de 5 unidades, 200 g.;0,85
Salchichas cocidas y ahumadas Parmesan;Campofrío;paquete de 5 unidades, 200 g.;0,85
Salchichas cocidas ahumadas estilo Viena;El Acueducto;paquete de 5 unidades,500 g.;2,69
Salchichas cocidas estilo Viena Wieners;Oscar Mayer;5 unidades de 225 g.;1,05
Salchichas cocidas estilo Viena Wieners con queso;Oscar Mayer;paquete 5 ud.,225 g.;1,29
Salchichas cocidas Jumbo Classic;Oscar Mayer;paquete de 4 unidades, 350 g.;1,69
Salchichas cocidas Wieners bocadillo;Oscar Mayer;paquete de 5 unidades, 275 g.;1,48
Salchichas cocidas y ahumadas de pavo;Carrefour;paquete de 5 unidades, 220 g.;0,79
Salchichas cocidas y ahumadas de pollo;Carrefour;paquete de 5 unidades, 200 g;1,40
Salchichas con queso;Carrefour;paquete de 5 unidades, 200 g.;0,55
Salchichas cocidas y ahumadas Parmesan;Campofrío;paquete de 5 unidades, 200 g.;0,85
Salchichas cocidas y ahumadas Jamongus;Campofrío;paquete de 5 unidades, 200 g.;0,85
Salchichas cocidas estilo Viena Wieners con queso;Oscar Mayer;paquete 5 ud.,225 g.;1,29
Salchichas cocidas y ahumadas Jumbo;Oscar Mayer;paquete de 4 unidades, 350 g.;2,10
Salchichas  de pavo;Meica;frasco de 540 g.;3,60
Salchichas cocidas y ahumadas de pavo;Pavofrío de Campofrío;paquete 5 ud., 220 g.;1,03
Salchichas cocidas de pollo;Oscar Mayer;paquete de 5 unidades, 225 g.;1,98
Salchichas Mexicanas Jalapeño;El Pozo;paquete 3 unidades, 250 g.;1,98
Salchichas Mexicanas Taco;El Pozo;paquete de 3 unidades, 250 g.;1,98
Caracoles en salsa con jamón picante;Collado Hnos.;lata de 400 g.;3,90
Chopped de pavo;Crismona;lata de 425 g. (p.neto);2,44
Estofado de Toro al vino de Rioja;Collado Hnos.;lata de 400 g.;4,06
Manitas de cerdo condimentadas;Collado Hnos.;lata de 400 g.;1,74
Marmitako;Ortiz;lata de 325 g.;2,73
Pollo frito al ajillo con tomate;Collado Hnos.;lata de 400 g.;2,04
Almejas al natural;Dani;lata de 270 g. (p.neto), 135 g. (p.esc);2,03
Almejas chilenas 16/26 piezas;Dani;lata de 138 g. (p.neto);1,49
Almejas chilenas;Noly;lata de 138 g. (p.neto), 78 g. (p.esc);1,59
Atún en aceite vegetal;Carrefour;3 latas de 65 g. (p.neto), 42 g. (p.esc);0,87
Atún en aceite vegetal;Carrefour;lata de 1000 g. (p.neto), 650 g. (p.esc);3,76
Atún en aceite vegetal;Calvo;bolsa de 650 g.;4,96
Cogote de atún en aceite de oliva;Friscos;lata de 158 g.(p.neto), 104 g. (p.esc).;2,26
Atún en aceite vegetal;Isabel;3 latas de 65 g. (p. neto) , 42 g.(p. esc.);0,98
Atún en aceite vegetal;Isabel;3 latas de 80 g. (p.neto), 52 g. (p.esc);1,20
Atún en aceite vegetal;Isabel;lata de 400 g. (p.neto), 260 g. (p.esc);7,78
Atún en aceite vegetal;Isabel;lata de 1 Kg. (p.neto), 650 g. (p.esc);1,27
Berberechos al natural;Carrefour;lata de 270 g. (p.neto), 130 g. (p.esc);2,15
Berberechos al natural;Cabo de Peñas;lata de 185 g. (p.neto), 90 g. (p.esc);1,89
Berberechos al natural;Dani;lata de 110 g. (p.neto), 62 g. (p.esc);1,49
Berberechos al natural;Dani;lata de 120 g. (p.neto), 65 g. (p.esc);2,04
Berberechos al natural;Dani;lata de 270 g. (p.neto), 135 g. (p.esc);2,65
Berberechos al natural 60/80;Noly;lata de 120 g. (p.neto), 65 g. (p.esc);1,75
Berberechos al natural;Rianxeira;lata de 270 g. (p.neto), 135 g. (p.esc);2,99
Filetes de caballa del Sur en aceite de oliva;Carrefour;lata de 115 g. (p.neto);0,87
Filetes de caballa del Sur en aceite de oliva;Carrefour;lata de 252 g. (p.neto);2,07
Filetes de caballa del Norte en aceite vegetal;Carrefour;lata de 90 g. (p.neto);0,60
Filetes de caballa del Norte en escabeche;Carrefour;lata de 90 g. (p.neto);0,60
Filetes de caballa en aceite vegetal;Ubago;lata de 90 g. (p.neto), 65 g. (p.esc);0,69
Filetes de caballa del Sur en aceite vegetal;Ubago;lata de 90 g. (p.neto);0,85
Filetes de caballa en tomate;Ubago;lata de 90 g. (p.neto), 65 g. (p.esc);0,69
Verdel frito escabechado;Ortiz;lata de 400 g. (p.neto), 240 g. (p.esc.).;2,31
Filetes de melva almadraba en aceite vegetal;Carrefour;lata de 115 g. (p.neto);1,17
Filete de melva de almadraba del Sur en aceite vegetal;Ubago;lata 115 g. (p.neto);1,44
Filetes de melva canutera de almadraba del Sur;Ubago;lata de 115 g. (p.neto);1,89
Calamares en salsa americana con aceite de oliva;Carrefour;lata de 111 g. (p.neto);0,57
Calamares en salsa americana;Albo;lata de 112 g. (p.neto), 72 g. (p.esc);1,16
Calamares en salsa americana;Calvo;3 latas de 80 g. (p.neto), 48 g. (p.esc);1,18
Calamares en salsa americana;Miau;3 latas de 80 g. (p.neto), 59 g. (p.esc);1,17
Calamares en su tinta con aceite de oliva;Carrefour;lata de 111g(p.neto) 72 g(p.esc);0,57
Calamares en salsa americana con aceite de oliva;Rianxeira;3 latas 80 g. (p.neto).;1,08
Calamares en salsa Americana con aceite de oliva;Carrefour;3 latas de 78 g. (p.neto);1,16
Calamares en su tinta;Calvo;3 latas de 80 g. (p.neto), 48 g. (p.esc);1,18
Calamares trozos en su tinta;Cuca;3 latas de 92 g. (p.neto), 60 g. (p.esc);2,20
Calamares trozos en su tinta;Cuca;lata de 115 g. (p.neto), 72 g. (p.esc);1,09
Rodajas de calamar en aceite vegetal;Dani;lata 185 g. (p.neto), 120 g. (p.esc);2,02
Calamares en su tinta;Miau;3 latas de 80 g. (p.neto), 59 g. (p.esc);1,17
Calamares en su tinta con aceite de oliva;Rianxeira;3 latas de 80 g.(p.neto);1,20
Pulpo-calamar en aceite vegetal;Carrefour;lata de 111 g. (p.neto), 72 g. (p.esc);1,02
Pulpo-calamar al ajillo en aceite vegetal;Carrefour;lata de 111 g. (p.neto);1,02
Pulpo-calamar en salsa marinera;Carrefour;lata de 111 g. (p.neto), 72 g. (p.esc);1,02
Pulpo de la Ría en aceite de oliva;De Nuestra Tierra;lata de 111 g. (p.neto);2,28
Chipirones rellenos en su tinta con aceite de oliva;Carrefour;lata de 111 g. (p.neto), 72 g.(p.esc.);1,49
Pulpo en aceite vegetal;Cabo de Peñas;lata de 111 g. (p.neto), 65 g. (p. escurr.).;0,87
Chipirones rellenos en su tinta;Cuca;lata de 115 g. (p.neto), 72 g. (p.esc);1,56
Chipirones rellenos en aceite vegetal;Dani;lata de 185 g. (p.neto),120 g. (p.esc);1,86
Chipirones rellenos al ajillo;Dani;lata de 185 g. (p.neto), 120 g. (p.esc);1,86
Chipirones rellenos en salsa americana;Dani;lata de 185 g. (p.neto),120 g. (p.esc);1,86
Pulpo al ajillo;Dani;lata de 156 g. (p.neto), 96 g. (p.esc);1,11
Pulpo en salsa americana;Dani;lata de 156 g. (p.neto), 96 g. (p.esc);1,11
Pulpo en aceite vegetal;Isabel;3 latas de 78 g. (p.neto), 51 g. (p.esc);2,10
Gula al ajillo picante en aceite vegetal;Carrefour;lata de 120 g. (p.neto);1,41
La Gula del Norte al ajillo picante;Ubago;lata de 120 g. (p.neto), 50 g.(p.escurr);1,67
La Gula del Norte al ajillo picante;Ubago;lata de 200 g. (p.neto),100 g. (p.esc);3,24
Mejillones en escabeche, Rías Gallegas, en aceite vegetal;Carrefour;3 latas de 78g;1,19
Mejillones en escabeche, Rías Gallegas, con aceite de oliva;Carrefour;lata de 115g;0,90
Mejillones en escabeche con aceite de oliva, Rías Gallegas;Carrefour;lata 115g(p.neto);1,55
Mejillones en escabeche;Calvo;3 latas de 80 g. (p.neto).;1,39
Mejillones en escabeche picantes;Cuca;lata de 115 g. (p.neto), 69 g. (p.esc);1,73
Mejillones en salsa a la gallega 12/16;Cuca;lata de 115 g.(p. neto), 65 g.(p.esc.);1,47
Mejillones en escabeche 8/12 piezas;Friscos;lata de 111 g. (p.neto);1,61
Mejillones en escabeche 13/18;Friscos;lata de 111 g. (p.neto);1,05
Mejillones en escabeche;Friscos;3 latas de 80 g. (p.neto), 43 g. (p.esc);1,40
Mejillones al natural de las Rías Gallegas;Friscos;lata 111 g(p.neto), 69 g(p.esc);1,05
Mejillones picantes en escabeche 13/18 piezas;Friscos;lata 111g(p.neto), 69g(p.esc);1,05
Mejillones picantes en escabeche;Friscos;3 latas de 80 g. (p.neto), 43 g. (p.esc);1,50
Mejillones en salsa de vieira 13/18;Friscos;lata de 111 g. (p.neto), 65 g. (p.esc);1,05
Mejillones en escabeche;Isabel;3 latas de 80 g. (p. neto), 43 g. (p. esc.).;1,48
Mejillones en escabeche;Miau;3 latas de 240 g. (p.neto),129 g. (p.esc);1,55
Mejillones en escabeche 14/18;Miau;lata de 115 g. (p.neto), 70 g. (p.esc.);1,08
Mejillones en escabeche;Rianxeira;3 latas de 80 g. (p.neto), 43 g. (p.esc);1,49
Mejillones en escabeche con aceite de oliva;Rianxeira;lata de 111 g. (p.neto);1,10
Mejillones al natural de las Rías Gallegas;Rianxeira;lata de 111 g. (p.neto);1,10
Mejillones en salsa picante con aceite de oliva;Rianxeira;lata de 111 g. (p.neto);1,10
Mejillones en salsa de Vieira con aceite de oliva;Rianxeira;lata de 111 g.;1,10
Navajas Chilenas;Carrefour;lata de 138 g. (p.neto), 78 g. (p.esc);1,91
Navajuelas chilenas;Carrefour;lata de 138 g. (p.neto), 78 g. (p.esc.);1,49
Navajas al natural;Cabo de Peñas;lata de 111 g. (p.neto), 60 g. (p.esc);4,20
Navajas al natural 6/8;Cabo de Peñas;lata de 111 g. (p. neto), 60 g. (p. esc);1,96
Navajas chilenas;Cono Sur;lata de 138 g.(p.neto.), 78 g. (p.esc).;1,75
Navajas chilenas;Dani;lata de 138 g. (p.neto), 78 g. (p.esc);2,34
Navajuelas chilenas;Dani;lata de 138 g. (p.neto), 78 g. (peso esc);1,64
Navajuelas;Noly;lata de 138 g. (p.neto), 78 g. (p.esc);1,78
Limpia todo brillo natural;Carrefour;spray de 400 ml.;1,53
Multiusos anti-rastro;Carrefour;pistola de 750 ml.;1,23
Multiusos anti-rastro;Carrefour;recambio de 750 ml.;2,50
Multiusos;Cristasol;pistola de 750 ml.;1,60
Multiusos;Cristasol Antiestático;pistola de 750 ml.;1,89
Multiusos;Glassex;recambio de 750 ml.;1,59
Toallitas multiusos y critales;Glassex;paquete de 20 unidades.;2,25
Multiusos Anti-polvo;O'Cedar;spray de 400 ml.;2,45
Multiusos Espuma Activa con bioalcohol;Tenn;spray de 500 ml.;1,95
Toallitas limpiadoras de cuero;Hechicera;paquete de 24 unidades.;2,25
Toallitas muebles;Alex;paquete de 24 unidades.;2,10
Toallitas desengrasantes;Bril;paquete de 32 unidades.;2,09
Toallitas para cristales y espejos;Brill;paquete de 32 unidades.;2,16
Toallitas para vitrocerámicas;Bril;paquete de 32 unidades.;2,09
Toallitas limpiahogar humedecidas Antibacterias;Don Limpio;recambio 56 unidades.;2,40
Toallitas limpiahogar humedecidas frescor limón;Don Limpio;recambio 56 unidades.;2,40
Toallitas limpia inodoros Desinfectantes;Pato;paquete de 30 uds.;2,58
Toallitas limpia muebles;Pronto;paquete de 24 uds de 198 mm.* 203 mm.;2,59
Carbón vegetal para barbacoas;Carrefour;bolsa de 3 kg.;2,79
Fósforos especiales extra - largos;Tres Estrellas;caja de 40 unidades.;2,20
Bolsas de basura autocierre;Carrefour;20 unidades de 55*60 cm.;1,29
Bolsas de basura autocierre;Carrefour;2 pack de 20 unidades de 55*60 cm.;2,35
Bolsas de basura convencional;Carrefour;25 unidades de 55*60 cm.;1,17
Bolsas de basura perfumadas autocierre;Carrefour;20 unidades de 55*60 cm.;1,77
Bolsas de basura amarillas para envases;Saplex;15 unidades de 50*60 cm.;1,29
Saco basura comunidad multicapa;Saplex;10 unidades de 80*110 cm.;2,19
Bolsas de basura Compost 9.0;Saplex;15 unidades de 44*44 cm.;2,31
Sacos para jardin;Saplex;10 unidades de 80*105 cm.;3,58
Encendedor multi-lite;Cricket;1 unidad.;3,75
Fósforos de madera extra largos;Tres Estrellas;3 cajas de 45 unidades.;2,29
Fósforos de madera tamaño bolsillo;Tres Estrellas;10 cajas de 40 unidades.;0,95
Fósforos largos especial Cocina;Tres Estrellas;3 cajas de 100 unidades.;0,95
Fósforos especiales extra - largos;Tres Estrellas;caja de 40 unidades.;2,20
Cubo pedal blanco;Tatay;1 unidad.;7,80
Cubo pedal gris con chispitas;Tatay;1 unidad.;7,80
Cubo pedal azul;Tatay;1 unidad.;7,80
Cámara de fotos desechable;Kodak Ultra;con film de 27 + 12 exposiciones.;6,95
Cámara de fotos desechable con flash;Kodak Ultra;con film de 27 + 12 exposiciones.;11,85
Carrete fotográfico A.P.S.;Kodak Advantix;film de 25 exposiciones.;5,29
Carrete fotográfico;Kodak Gold Ultra;2 film de 24 + 12 exposiciones.;9,18
Palillos planos;Carrefour;caja de 600 unidades.;0,78
Palillos redondos;Carrefour;caja de 800 unidades.;2,58
Palillos envueltos en plastico transparente;Carrefour;caja de 100 unidades.;1,26
Chicles 3 sabores largo y blando;Bang Bang;bolsa de 5 paquetes.;0,93
Chicle kilométrico roll Digimon;Boomer;rollo de 25 g.;2,16
Chicles sabor fresa Pokémon;Boomer;12 unidades, 78 g.;0,83
Chicles sin azúcar de clorofila;Carrefour;bolsa de 4 paquetes.;1,19
Chicles sin azúcar de fresa;Carrefour;bolsa de 4 paquetes;1,19
Chicles sin azúcar de menta;Carrefour;bolsa de 4 paquetes;1,19
Chicles sin azúcar de clorofila;Trident;bolsa de 4 paquetes.;1,59
Chicles sin azúcar de menta;Trident;bolsa de 4 paquetes.;1,59
Chicles sin azúcar de menta y regaliz;Trident;bolsa de 4 paquetes.;1,59
Chicles sin azúcar de mentol;Trident;bolsa de 4 paquetes.;1,59
Chicles sin azúcar de fresa;Trident;bolsa de 4 paquetes.;1,59
Chicles de clorofila en grageas;Trident;bolsa de 4 paquetes.;1,67
Chicles en grageas sin azúcar de menta;Trident;bolsa de 4 paquetes.;1,67
Chicles sin azúcar de fresa en grageas;Trident;bolsa de 4 paquetes.;1,67
Chicles en grageas sin azúcar Hierbabuena;Trident White;bolsa de 4 paquetes;1,90
Chicles en grageas sin azúcar de menta;Trident White;bolsa de 4 paquetes;1,90
Chicles de hierbabuena;Orbit;bolsa de 4 paquetes.;1,72
Chicles sin azúcar de menta;Orbit;bolsa de 4 paquetes.;1,72
Chicles de mentol;Orbit;bolsa de 4 paquetes.;1,72
Chicles sin azúcar efecto blanqueador;Orbit;bolsa de 4 paquetes.;1,72
Chicles sin azúcar fresa ácida;Orbit;bolsa de 4 paquetes.;1,72
Chicles de frutas;Orbit;bolsa de 4 paquetes.;1,72
Chicles sin azúcar Fruta Tropical;Orbit;bolsa de 4 paquetes;1,73
Chicles sin azúcar de eucalipto;Orbit;bolsa de 4 paquetes.;1,72
Golosina refrescante aromatizada con azúcar;Friflac;bolsa de 12 unidades.;0,57
Caramelos de goma azúcar, Corazones melocotón;Carrefour;bolsa de 150 g.;1,05
Caramelos de goma azúcar, Gatitos de regaliz;Carrefour;bolsa de 150 g.;1,05
Caramelos de goma, Frambuesas del bosque;Carrefour;bolsa de 150 g.;1,05
Caramelos de goma azúcar, Frutas;Carrefour;bolsa de 150 g.;1,05
Caramelos de goma azúcar, Frutti mix;Carrefour;bolsa de 150 g.;1,05
Caramelos de goma, huevos fritos;Carrefour;bolsa de 150 g.;1,05
Espuma dulce, Nubes;Carrefour;bolsa de 150 g.;1,05
Caramelos de goma, ositos;Carrefour;bolsa de 150 g.;1,05
Caramelos de goma azúcar, Ositos;Carrefour;bolsa de 150 g.;1,05
Caramelos de goma azúcar, Picacolas;Carrefour;bolsa de 150 g.;1,05
Surtido de caramelos de goma Horco, nº 47;Capo;estuche de 275 g.;2,99
Caramelo de goma grageado, Pikotas;Dulciora;bolsa de 100 g.;0,90
Caramelos de goma azúcar, Zarzamoras;Carrefour;bolsa de 150 g.;1,05
Caramelos de goma Gummy Jelly;Dulciora;bolsa de 125 g.;1,01
Caramelos de goma sin azúcar, con edulcorantes Gummy;Dulciora;bolsa de 100 g.;1,05
Caramelos de goma, Monstruos;Dulciora;bolsa de 100 g.;1,05
Caramelos de goma sabor tutti frutti, Piolin;Dulciora;bolsa de 100 g.;1,05
Caramelos de goma, The Simpsons;Dulciora;bolsa de 100 g.;1,05
Espuma dulce Masmelos;Dulciora;bolsa de 175 g.;1,59
Piruletas decoradas Mickey, Minnie y Donald;Disney;caja de 3 unidades, 83 g.;3,25
Piruletas decoradas Winnie the Pooh;Disney;caja de 3 unidades, 91 g.;3,35
Palmeritas;DulceSol;paquete de  16 unidades, 180 g.;0,79
Palmeras de tipo hojaldrado;Rio;bolsa de 300 g.;0,89
Tortas de aceite;Ines Rosales;paquete de 180 g, 6 unidades.;1,17
Torta con almendras;Ines Rosales;paquete de 6 unidades 240 g.;1,35
Tortas anís;DulceSol;paquete de 400 g., 12 unidades.;1,11
Volovants para rellenar;Gesnoin;caja de 150 g., 6 unidades.;1,59
Mini Volovanes para rellenar;Gesnoin;caja de 16 unidades, 90 g.;2,10
Masa para empanadillas y postres;La Cocinera;paquete de 160 g., 16 obleas.;0,62
Masa para empanadillas y postres;La Cocinera;paquete de 280 g., 16 obleas.;0,99
Masa de hojaldre;La Cocinera;paquete de 230 g.;1,52
Pasta hojaldre;Buitoni;paquete de 230 g.;1,82
Pasta brisa;Buitoni;paquete de 230 g.;1,82
Pasta pizza;Buitoni;paquete de 260 g.;1,79
Dulce de membrillo primera;El Quijote;paquete de 400 g.;0,79
Crema de manzana extra;El Quijote;tarrina de 400 g.;1,26
Membrillo dulce de frutas;El Quijote;tarrina de 400 g.;1,32
Crema de membrillo extra;Helios;8 picos, caja de 170 g.;0,90
Confitura extra de membrillo en trozos;Bonne Maman;frasco de 370 g.;2,15
Pastas de té con mantequilla;Carrefour;bandeja de 400 g.;1,49
Galleta tradicional;Carrefour;caja de 500 g.;1,10
Tejas con almendras;Carrefour;cja de 100 g.;0,95
Tejas de Tolosa;De Nuestra Tierra;caja de 125 g.;2,17
Tejas y Cigarrillos de Tolosa;De Nuestra Tierra;caja de 200 g.;3,52
Pastas de té;Casado;paquete de 500 g.;2,16
Galletas Campurrianas;Cuétara;caja de 800 g.;1,38
Pastas artesanas con sabor a coco;Fontaneda;caja de 500 g.;1,29
Almendradas;Reglero;caja de 500 g.;1,79
Parisinas, rosquillas al vino con azúcar en grano;Reglero;caja de 500 g.;1,79
Pastas artesanas surtidas;Reglero;lata de 1000 g.;4,79
Pastas Bretons pur beurre;Saint Aubert;paquete de  125 g.;1,02
"Cigarritos Rusos bañados al cacao ""Pequeños Momentos""";Virginias;caja de 100 g.;1,35
Galletas doradas rellenas de chocolate;Carrefour;paquete de 250 g.;0,55
Galletas doradas rellenas de chocolate;Carrefour;caja de 750 g., 5 paquetes.;1,50
Sandwich sabor chocolate;Carrefour;3 paquetes de 65 g.;0,65
Galletas rellenas de crema sabor chocolate Diver;Fontaneda;paquete de 300 g.;1,25
Galletas rellena de crema de leche y cacao;Tosta Rica;3 paquetes de 126 g.;0,80
Galletas rellenas sabor chocolate Vitalinea con fibra;Lu;caja de 80 g.;1,24
Galletas rellenas de chocolate;Príncipe de Beukelaer;paquete de 250 g.;0,87
Galletas rellenas de chocolate;Príncipe Beukelaer;3 paquetes de 180 g.;1,78
Galletas rellenas con crema de chocolate;Principe Pocket de Beukelaer;caja 6 paquetes;1,65
Galletas rellenas de chocolate Rolli;Choco Príncipe de Lu;caja de 225 g.;1,48
Bizcocho relleno de frambuesa y arandanos;Carrefour;caja de 150 g.;0,99
Bizcochos rellenos mermelada de naranja;Carrefour;caja de 150 g.;0,99
Sandwich sabor nata;Carrefour;3 paquetes de 65 g.;0,65
Sandwich sabor fresa;Carrefour;3 paquetes de 65 g.;0,65
Galletas de cacao rellenas de crema;Artiach;caja de 330 g.;1,47
Bocaditos, galletas rellenas de crema al limón;Cuétara;caja de 450 g., 3 paquetes.;1,62
Bocaditos, galletas rellenas de crema a la nata;Cuétara;caja de 600 g., 3 paquetes;1,83
Galletas finas al limón Vitalinea;Lu;caja de 85 g.;1,38
Barritas rellenas con ciruela, vitaminas y fibra Vitalinea;Lu;caja de 150 g., 5 ud;1,58
Barritas rellenas naranja y cubiertas chocolate Vitalinea;Lu;caja de 150 g., 5 ud;1,69
Bizcocho con frambuesa y chocolate Pim´s;Lu;caja de 150 g.;1,24
Bizcocho con naranja y chocolate Pim's;Lu;caja de 150 g.;1,24
Galletas con cacao rellenas de leche;Príncipe de Beukelaer;paquete de 180 g.;0,89
Galletas saladas peces;Carrefour;bote de 350 g.;0,89
Galletas saladas redondas;Carrefour;bote de 350 g.;0,89
Galletitas saladas Piscis;Cuétara;bote de 350 g.;1,32
Galletas saladas Krititas;Cuétara;bote de 350 g.;1,32
Galletas saladas Crackers Ritz;Lu;caja de 200 g.;1,15
Galletas saladas crackers hechos al horno Tuc;Lu;paquete de 100 g.;0,57
Galletas saladas Snacks Mix Festival;Rio;paquete de 125 g.;0,75
Surtido de galletas Selección;Carrefour;caja de 800 g.;1,99
Surtido de pastas;Carrefour;caja de 500 g.;1,69
Surtido de galletas Selección;Artiach;caja de 660 g.;3,00
Surtido de galletas y barquillos con chocolate Süsse Lust;Bahlsen;caja de 200 g.;2,64
Surtido de galletas;Cuétara;paquete de 600 g.;3,07
El Surtido del Monasterío;Reglero;caja de 200 g,;3,20
Surtido de galletas y pastas;Reglero;caja de 500 g.;1,08
Aros de chocolate negros;Carrefour;paquete de 150 g.;1,08
Galletas con avellanas y pepitas de chocolate;Carrefour;paquete de 200 g., 9 ud.;1,07
Galletas con chocolate y pepitas de chocolate;Carrefour;paquete de 225 g., 12 ud.;1,07
Galletas con chocolatina;Carrefour;caja de 150 g., 12 unidades;0,89
Galletas con chocolatina;Carrefour;caja de 250 g., 2 paquetes de 10 unidades;1,85
Galletas con chocolatina;Carrefour;caja de 150 g. 12 unidades;0,89
Galletas con chocolatina;Carrefour;caja de 250 g., 2 paquetes de 10 unidades;1,85
Galleta digestives con chocolate con fibra;Carrefour;paquete de 300 g.;0,87
Galletas María al cacao;Carrefour;caja de 720 g.;1,32
Mini cookies bañadas con chocolate blanco;Carrefour;bolsa de 125 g.;2,41
Galleta con crema de coco;"Bisc&amp;Bounty";caja de 6 unidades de 25,6 g.;1,45
Galleta con caramelo;"Bisc&amp;Mars";caja de 6 unidades de 26,8 g.;1,45
Galleta con grajeas de chocolate;"Bisc&amp;m&amp;m's";caja de 6 unidades de 24,8 g.;1,45
Galleta con caramelo;"Bisc&amp;Twix";caja de 6 unidades de 26,7 g.;1,45
Galletas bañadas con cobertura de chocolate Filipinos;Artiach;paquete de  150 g.;1,99
Galletas con cobertura de chocolate con leche Filipinos;Artiach;paquete de 150 g.;1,99
Galletas con chocolate blanco y con leche Chiquilín;Artiach;caja de 150 g.;1,25
Galletas con chips de chocolate Chips Ahoy;Artiach;paquete de 128 g.;0,94
Galletas con chips de chocolate Mini Chips Ahoy;Artiach;caja de 160 g., 4 unidades;1,09
Galletas con chips de chocolate Chips Ahoy;Artiach;paquete de 300 g.;1,49
Galletas belgas sabor chocolate;Artiach;caja de 220 g.;1,11
Galleta con gotas de chocolate;Chiquilín Energy;5 paquetes individuales;1,39
Galletas de cereales ositos sabor chocolate Chiquilín;Artiach;paquete de 500 g.;2,03
Galletas de chocolate con leche Chiquilín;Artiach;caja de 150 g.;1,24
Oreo bañadas en chocolate con leche;Artiach;caja de 264 g., 6 paquetes.;1,86
Oreo bañadas en chocolate blanco;Artiach;caja de 264 g., 6 paquetes.;1,86
Galleta Cielo Chocolata;Bahlsen;caja de 150 g.;2,23
Galleta Cielo Noisetta;Bahlsen;caja de 150 g.;2,23
Galleta cubierta de chocolate con leche Afrika;Bahlsen;caja de 125 g.;1,47
Galletas y Barquillos Concerto;Bahlsen;paquete de 175 g.;1,21
Galletas con chocolate con leche Minis Choco Leibniz;Bahlsen;paquete de 125 g.;1,07
Galletas de mantequilla y chocolate con leche Choco Leibniz;Bahlsen;caja de 125 g.;1,47
Galletas de cereales y vitaminas chocolate Mini Dinosaurus;Lu;caja de 350 g.;1,59
Lenguas de gato;Lu;caja de 200 g.;1,50
Palitos de chocolate;Carrefour;paquete de 150 g.;1,08
Palito cubierto de chocolate;Lu;caja de 75 g.;1,24
"Petit écolier ""choco tendre""";Lu;caja de 120, 6 unidades.;1,47
Petit écolier chocolat fin;Lu;caja de 150 g.;1,31
Mini galletas con base de chocolate negro Petit Choc;Gullon;bolsa de 125 g.;0,78
Petit écolier chocolat fin;Lu;caja de 250 g. 10 bolsas de 2 unidades.;2,37
Petit écolier chocolat au lait;Lu;caja de 150 g.;1,37
Petit écolier chocolat noir degustation;Lu;caja de 150 g.;1,47
Galletas de chocolate con leche Pepito;Lu;paquete de 120 g.,  12 unidades.;0,84
Yayitas hechas con chocolate;Lu;paquete de 250 g.;0,98
Galletas bañada con chocolate;Granola de Mc. Vitie's;paquete de 300 g.;1,25
Galletas bañada con chocolate con leche;Granola de Mc. Vitie's;paquete de 300 g.;1,27
Galletas MegaMañana de chocolate;Príncipe de Beukelaer;caja de 300 g.;1,69
Nevaditos bañados en sucedáneo de chocolate blanco;Reglero;caja de 180 g.;1,41
Nevaditos bañados con chocolate con leche;Reglero;caja de 180 g.;1,41
Marquesas;Delaviuda;caja de 12 unidades, 250 g.;2,75
Panettone;Ménestrel;lata de 1 kg.;5,99
Gianduiata delle Feste con crema al gianduia;Bauli;1 unidad de 750 g.;8,99
Pandoro con Profiteroles;Bauli;1 unidad de 750 g.;8,83
Pandoro di Verona;Bauli;1 unidad de 500 g.;4,48
Panettone;Bauli;1 unidad de 100 g.;1,38
Panettone;Bauli;1 unidad de 1000 g.;7,36
Barquillos rellenos con crema de cacao y avellanas;Carrefour;paquete de 125 g.;0,36
Barquillos rellenos con crema sabor a nata;Carrefour;caja de 500 g., 4 paquetes.;1,26
Barquillos rellenos de coco;Carrefour;paquete de 125 g.;0,36
Barquillos crujientes rellenos Artichoco;Artiach;paquete de 175 g.;0,86
Barquillos crujientes rellenos Artinata;Artiach;paquete de 175 g.;0,86
Barquillos crujientes rellenos Artiturrón;Artiach;paquete de 175 g.;0,86
Barquillos con chocolate con leche Waffeletten;Bahlsen;caja de 100 g.;1,47
Barquillos recubiertos chocolate con leche Choco Friends;Bahlsen;paquete de 100 g.;1,11
Barquillos crujientes bañados de chocolate;Príncipe de Beukelaer;caja de 150 g.;1,24
Rollitos;Cuétara;caja de 225 g.;1,55
Barqui - Choco;Príncipe de Beukelaer;paquete de 190 g.;1,05
Barqui - Leche;Príncipe de Beukelaer;paquete de 190 g.;1,05
Barquillos crujientes rellenos Boer chocolate;Virginias;paquete de 200 g.;1,14
Obleas cuadradas para helado;La Heladería de Virginias;20 unidades, 35 g.;0,18
Barquillos para postres;Neules Seleccion;caja de 100 g., 25 unidades.;0,83
Bizcochos al huevo;Carrefour;paquete de 400 g.;1,26
Bizcochos dorados y azucarados;Carrefour;caja de 600 g.;1,26
Bizcocho;Fontaneda;caja de 450 g.;1,89
Crackers;Carrefour;paquete de 200 g.;0,72
Cream Crackers;Cuétara;caja de 225 g.;0,81
Crackers integrales;Cuétara;caja de 250 g.;0,81
Crackers sabor tradicional;Prima;paquete de 500 g.;3,76
Pastas Bretons pur beurre;Saint Aubert;paquete de  125 g.;1,02
Galleta con caramelo;"Bisc&amp;Mars";caja de 6 unidades de 26,8 g.;1,45
Galleta con crema de coco;"Bisc&amp;Bounty";caja de 6 unidades de 25,6 g.;1,45
Galleta con grajeas de chocolate;"Bisc&amp;m&amp;m's";caja de 6 unidades de 24,8 g.;1,45
Galleta con caramelo;"Bisc&amp;Twix";caja de 6 unidades de 26,7 g.;1,45
Barritas minis;Bounty;bolsa de 198 g.;4,60
Cacahuetes tostados recubiertos de chocolate;Conguitos;bolsa de 180 g.;1,35
Cacahuetes tostados cubiertos de chocolate;Conguitos;;3,99
Cacahuetes tostados cubiertos de chocolate;Conguitos;3 bolsitas de 18 g. y llavero;1,14
Barrita crujiente con chocolate con leche;Huesitos de Cadbury;10 barritas de 20 g.;1,65
Barrita crujiente, crema chocolate con leche;Huesitos Leche;3 barritas de 32 g.;0,84
Chocolate;Kinder;16 barritas, 200 g.;1,59
Lenguas de gato;Lacasa;caja de 200 g.;3,82
Grageas de chocolate;Lacasitos;bolsa de 125 g.;0,96
Grageas de chocolate;Lacasitos;9 bolsitas de 16 g.;1,52
Grageas de chocolate;Lacasitos;3 tubos de 20 g.;0,98
Grageas de chocolate con leche;Lacasitos;tubo 20 g., bolsa 16 g. y regalo sorpresa;1,35
"Grageas de chocolate Blanco ""Mini Lacasitos""";Lacasitos;2 envases de 30 g.;1,25
Grajeas de chocolate;Lacasitos;hucha de 418 g.;3,99
Shocobolas, chocolate y cereales;Lacasa;bolsa de 200 g.;1,45
Cacahuetes de chocolate con leche y azúcar;"m&amp;m's";bolsa de 125 g.;1,07
Grageas de chocolate con leche;"m&amp;m's";bolsa de 125 g.;1,07
Barritas;Mars;paquete 3 unidades de 50 g.;1,19
Tender Nuss;Milka;3 unidades de 37 g.;1,79
Smarties mini;Nestlé;bolsa de 200 g.;1,59
Chocolate Kit Kat;Nestlé;paquete de 5 unidades, 45 g.;1,68
Chocolate Kit Kat mini;Nestlé;bolsa de 200 g.;1,59
Chocolate Kit Kat Chunky;Nestlé;4 unidades de 55 g.;2,26
Barritas;Snickers;paquete de 3 unidades de 60 g.;1,19
Barras de chocolate;Toblerone;3 unidades de 50 g.;1,47
Barra de chocolate;Toblerone;1 unidad de 400 g.;3,60
Barritas con chocolate con leche;Tokke de Cadbury;3 unidades de 47 g.;1,11
Barritas minis;Twix;bolsa de 208 g.;0,79
Chocolate Roast Almond;Cadbury's;tableta de 200 g.;1,79
Chocolate extrafino con leche y almendras enteras;Lindt;tableta de 125 g.;1,14
Chocolate extrafino con leche y almendras troceadas;Milka;tableta de 125 g.;2,10
Chocolate extrafino con leche y almendras;Nestlé;tableta de 150 g.;1,09
Chocolate puro con leche y almendras;Valor;tableta de 250 g.;2,08
Chocolate con almendras;Valor;tableta de 150 g.;2,08
Chocolate extrafino con leche y avellanas;Carrefour;tableta de 150 g.;0,79
Chocolate extrafino con leche y avellanas troceadas;Lindt;tableta de 125 g.;1,15
Chocolate suizo de leche con avellanas enteras tostadas;Lindt;tableta de 300 g.;3,15
Chocolate extrafino con leche y avellanas troceadas;Milka;tableta de 125 g.;1,14
Chocolate puro con avellanas;Valor;tableta de 250 g.;2,18
Chocolate puro con leche y avellanas;Valor;tableta de 250 g.;2,18
Chocolate Fruit Nut;Cadbury's;tableta de 200 g.;1,79
Chocolate Whole Nut;Cadbury's;tableta de 200 g.;1,79
Chocolate suizo de leche con uvas pasas y avellanas entera;Lindt;tableta de 300 g.;3,14
Choco Barquillo;Milka;tableta de 300 g.;1,83
Choco Cookie;Milka;tableta de 300 g.;1,83
Choco Galleta;Milka;tableta de 300 g.;1,83
Chocolate Jungly con galletas;Nestlé;tableta de 125 g.;0,99
Figuras de chocolate con leche;"Tom &amp; Jerry";6 bolas para colgar + 1 Papá Noel chocolate + 1 sorpresa.;4,15
Trineo con bolas de chocolate para colgar del árbol;Ménestrel;1 unidad, 100 g.;3,79
Bolas de Navidad de chocolate con leche Mr. Bean;Ménestrel;bolsa de12 ud., 150 g.;3,79
Reyes Magos de chocolate con leche;Ménestrel;3 unidades, 180 g.;2,25
Huevos sorpresa de chocolate con leche;Carrefour;1 caja de 3 unidades;1,13
Chocolate relleno;Bombón Sport;tableta de 150 g.;0,75
Huevo sorpresa Action Man;Cadbury;caja de 3 unidades de 22 g.;1,89
Huevos sorpresa Barbie;Cadbury;caja de 3 unidades de 22 g.;1,94
Rana de chocolate;Harry Potter;1 unidad de 40 g.;1,17
Choco;Conguitos;blancos tableta de 100 g.;0,79
Choco;Conguitos;tableta de 100 g.;0,79
Choco;Lacasitos;tableta de 100 g.;0,79
Choco;Lacasitos;tableta de 125 g.;0,75
Chocolate Jungly con galletas;Nestlé;tableta de 125 g.;0,99
Chocolate con leche extrafino;Carrefour;tableta de 100 g.;0,58
Chocolate con leche extrafino;Carrefour;3 tabletas de 150 g.;1,60
Chocolate Sensations: Lait Intense;Côte d´Or;tableta de 100 g.;0,99
Chocolate con leche extrafino;Lindt;tableta de 125 g.;0,78
Chocolate suizo con leche;Lindt;tableta de 300 g.;2,89
Chocolate con leche extrafino;Milka;tableta de 125 g.;0,72
Chocolate con leche;Milka;tableta de 300 g.;1,50
Chocolate con leche extrafino;Nestlé;tableta de 150 g.;0,78
Chocolate con leche extrafino;Nestlé;tableta de 300 g.;1,40
Chocolate con leche extrafino;Nestlé;3 tabletas de 150 g.;2,28
Chocolate puro con leche;Valor;tableta de 300 g.;1,98
Chocolate extrafino fondant;Carrefour;tableta de 150 g.;1,02
Chocolate Sensations: Noir Orange;Côte d´Or;tableta de 100 g.;1,02
Chocolate extrafino negro amargo Excellence 85%;Lindt;tableta de 100 g.;1,74
Chocolate negro extrafino Excellence 70%;Lindt;tableta 100 g.;1,26
Chocolate negro 52%;Lindt;tableta de 125 g.;1,13
Chocolate suizo amargo;Lindt;tableta de 300 g.;3,00
Concolate extrafino fondant 74% de cacao;Carrefour eco;tableta de 100 g.;1,29
Chocolate extrafino negro;Nestlé;tableta de 150 g.;1,08
Chocolate extrafino negro con almendras;Nestlé;tableta de 150 g.;1,47
Chocolate puro negro;Valor;tableta de 300 g.;2,00
Cobertura Negra de Chocolate;Valor;tableta de 500 g.;3,15
Fideos de chocolate;Valor;caja de 225 g.;2,05
Chocolate con leche relleno sabor café;Carrefour;tableta de 100 g.;0,52
Chocolate relleno;Bombón Sport;tableta de 150 g.;0,75
Chocolate con leche extrafino relleno de praliné;Lindt;tableta de 100 g.;1,09
Chocolate negro extrafino relleno de trufa;Lindt;tableta de 100 g.;1,09
Chocolate con leche extrafino relleno de trufa;Lindt;tableta de 100 g.;1,09
Chocolate con leche desnatada sin azúcar;Santiveri;tableta de 100 g.;2,00
Chocolate fondant sin azúcar sacarosa;Santiveri;tableta de 100 g.;1,93
Crema de cacao con avellanas;Carrefour;frasco de 400 g.;1,07
Crema de cacao con avellanas;Carrefour;frasco de 750 g.;1,59
Crema de cacao con avellanas;Nocilla;vaso de 210 g.;1,11
Crema de cacao con avellanas;Nocilla;vaso de 570 g.;2,05
Crema al cacao con avellanas;Nutella;frasco de 400 g.;1,83
Crema cacao con avellanas dos sabores;Carrefour;frasco de 400 g.;1,07
Crema cacao con avellanas dos sabores;Carrefour;frasco de 750 g.;1,59
Doble crema de cacao y leche con avellanas;Nocilla;vaso de 210 g.;1,11
Doble crema de cacao y leche con avellanas;Nocilla;vaso de 570 g.;2,05
Mousse de yoghourt con fresas;Danone;4 unidades de 70 g.;1,64
Mousse de yoghourt con limón;Danone;4 unidades de 70 g.;1,64
Mousse de yoghourt natural azucarado;Danone;4 unidades de 70 g.;1,64
Mousse de queso fresco desnatado natural Vitalínea;Danone;2 unidades de 75 g.;1,07
Mousse de queso fresco desnatado con fresa Vitalínea;Danone;2 unidades de 75 g.;1,07
Mousse de queso fresco desnatado natural Sveltesse;Nestlé;2 unidades de 90 g.;1,14
Mousse de queso fresco desnatado con fresa Sveltesse;Nestlé;2 unidades de 90 g.;1,14
Mousse de queso fresco desnatado frutas exóticas Sveltesse;Nestlé;2 unidades 90 g.;1,14
Mousse de queso fresco desnatado con melocotón Sveltesse;Nestlé;2 unidades de 90 g;1,14
Yoghourt natural;Danone;8 unidades de 125 g.;1,79
Yoghourt natural azucarado;Danone;8 unidades de 125 g.;1,79
Yoghourt natural;Danone;4 unidades de 125 g.;0,91
Yoghourt natural azucarado;Danone;4 unidades de 125 g.;0,91
Yogur natural;Nestlé;8 unidades de 125 g.;1,69
Yoghourt Griego;Danone;4 unidades de 125 g.;1,79
Mi Primer Danone Petit con leche adaptada;Danone;6 unidades de 50 g.;2,01
Petit Suisse de chocolate con leche;Danone;6 unidades de 55 g.;1,35
Petit Yoco albaricoque, plátano y melocotón;Nestlé;6 unidades de 50 g.;1,49
Petit Yoco fresa, frutas del bosque y frambuesa;Nestlé;6 unidades de 50 g.;1,49
Petit Suisse para beber de fresas naturales;Danone;6 unidades de 100 g.;2,56
Petit Suisse para beber de fresa y plátano naturales;Danone;6 unidades de 94 ml.;2,56
Petit Nesquik;Nestlé;6 unidades de 60 g.;1,45
Petit chocolate blanco Milkybar;Nestlé;6 unidades de 60 g.;1,45
Yoghourts sabores coco, fresa y macedonia.;Danone;8 unidades de 125 g.;1,69
Yoghourt de fresa, limón y piña;Nestlé;8 unidades de 125 g.;1,69
Yoghourt de fresa, plátano y melocotón;Nestlé;8 unidades de 125 g.;1,69
Azúcar blanco;Azucarera Española;paquete de 1 kg.;0,96
Azúcar blanco en terrones;Azucarera Española;caja de 500 g., 168 terrones.;0,98
Azúcar blanco en terrones;Azucarera Española;caja de 1 kg., 225 terrones.;1,27
Azucaritos blancos;Azucarera Española;bote de 250 g., con 50 sobres.;1,13
Azúcar glacé para repostería;Azucarera Española;dosificador de 250 g.;1,08
Azúcar glass;Vahiné;frasco de 65 g.;1,11
Azúcar moreno de caña;Azucarera Española;paquete de 1 kg.;2,02
Azúcar moreno de caña;Azucarera Española;caja de 500 g., 126 terrones.;1,22
Azucaritos morenos de caña;Azucarera Española;bote de 250 g. con 50 sobres.;1,17
Edulcorante de mesa;Carrefour;dosificador de 100 comprimidos, 8,25 g.;0,87
Edulcorante de mesa;Carrefour;dosificador de 400 comprimidos, 30 g.;1,66
Endulzante bajo en calorías;Canderel;dosificador de 80 comprimidos, 3,6 g.;1,47
Endulzante bajo en calorías;Canderel;dosificador de 350 comprimidos,15,8 g.;3,47
Endulzante sin calorías;Natreen Classic;dosificador de 110 comprimidos, 8 g.;1,12
Endulzante sin calorías;Natreen Classic;dosificador de 400 comprimidos, 30 g.;2,67
Endulzante sin calorías;Natreen Gourmet;dosificador de 100 comprimidos, 6,8 g.;1,33
Endulzante sin calorías;Natreen Gourmet;dosificador de 300 comprimidos, 20 g.;2,84
Edulcorante granulado;Carrefour;frasco de 75 g.;2,06
Endulzante granulado;Natreen;frasco de 35 g.;1,80
Endulzante granulado;Natreen;frasco de 70 g.;2,75
Endulzante líquido;Natreen;dosificador de 125 ml.;1,60
Edulcorante con fructosa;Mesura;caja de 250 g.;2,28
Fructosa;Santiveri;bolsa de 750 g.;4,25
Bizcochos tiernos soletilla;Repostería Martínez;bolsa de 280 g.;1,45
Bizcochos de chocolate relleno de crema, Círculo Rojo;Bimbo;paquete de 4 unidades.;0,99
Bizcochos al huevo;La Bella Easo;bolsa de 300 g.;1,05
Sobaos pasiegos;De Nuestra Tierra;paquete de 650 g.;3,16
Sobaos pasiegos;Repostería Martínez;paquete de 750 g., 36 unidades.;1,69
Pastel con frutas;Mildred;paquete de 400 g.;1,69
Pastel con relleno de kiwi;Mildred;paquete de 400 g.;1,69
Pastel de mantequilla;Mildred;paquete de 400 g.;1,69
Pastel mármol cubierto de chocolate;Mildred;paquete de 400 g.;1,69
Bollycao;Panrico;bolsa de 4 unidades, 268 g.;1,89
Bollycao con leche;Panrico;bolsa de 4 unidades, 268 g. (p.neto).;1,95
Canutos;Panrico;paquete de 3 unidades, 270 g.;1,75
Napolitanas de chocolate, Madame Brioche;Bimbo;bolsa de 6 unidades, 275 g.;1,45
Napolitanas crema, Madame Brioche;Bimbo;bolsa de 6 unidades, 275 g.;1,46
Napolitanas rellenas de crema de cacao;DulceSol;paquete de 6 unidades, 240 g.;1,09
Minicroissants;Carrefour;bolsa de 400 g.;1,20
Croissants;Carrefour;bolsa de 12 unidades, 270 g.;1,04
Minicroissants;La Bella Easo;bolsa 400 g.;1,75
Croissants Madame Brioche;Bimbo;bolsa de 6 unidades, 260 g.;1,47
Croissants caseros integrales sin azúcar;Bio Century;bolsa de 160 g., 8 unidades.;1,50
Croissants;Repostería Martínez;bolsa de 250 g., 10 unidades.;1,05
Minicroissants con levadura naturalis;Repostería Martínez;paquete de 225 g.;1,07
Croissants suela al cacao;Carrefour;bolsa de 8 unidades, 230 g.;1,29
Croissants rellenos,  Minicrem;Repostería Martínez;paquete de 6 unidades, 240 g.;1,08
Donuts rellenos de crema American;Panrico;paquete de 2 unidades, 148 g.;1,08
Donuts bombón;Panrico;paquete de 4 unidades, 188 g.;1,65
Donuts Cream rellenos de crema de cacao;Panrico;paquete de 2 unidades, 120 g.;0,98
Donuts glass;Panrico;paquete de 6 unidades, 288 g.;2,19
Donuts glass;Panrico;paquete de 4 unidades, 192 g.;1,49
Donettes clásicos;Panrico;paquete de 6 unidades, 100 g.;0,92
Donettes nevados;Panrico;paquete de 6 unidades, 100 g.;0,92
Donettes rayados;Panrico;paquete de 6 unidades, 100 g.;0,92
Ensaimadas;DulceSol;paquete de 6 unidades, 200 g.;1,08
Magdalena redonda;Carrefour;bolsa de 24 unidades, 700 g.;1,35
Magdalena clásica;Casado;bolsa de 16 unidades, 670 g.;2,05
Mantecadas de Astorga;De Nuestra Tierra;caja de 300 g.;2,34
Magdalena redonda;La Bella Easo;bolsa de 24 unidades, 700 g.;1,89
Magdalena redonda;La Bella Easo;bolsa de 12 unidades, 350 g.;0,99
Magdalena Cuadrada;Repostería Martínez;caja de 24 unidades, 750 g.;2,85
Magdalena valencianas;Carrefour;paquete de 12 unidades, 350 g.;0,69
Magdalena Valenciana;DulceSol;paquete de 12 unidades, 350 g.;0,99
Magdalena Valenciana;La Bella Easo;caja de 24 unidades, 700 g.;2,05
Magdalena Valenciana;La Bella Easo;paquete de 12 unidades, 350 g.;1,08
Magdalena mantecada;Casado;bolsa de 18 unidades, 670 g.;2,19
Mojicones con aceite de oliva;Casado;bolsa de 10 unidades, 670 g.;2,25
Sobaos pasiegos;Repostería Martínez;paquete de 700 g., 18 unidades.;2,69
Pan de leche;La Bella Easo;bolsa de 6 unidades, 210 g.;1,40
Pan de leche;La Bella Easo;bolsa de 10 unidades, 350 g.;1,95
Bizcochos de chocolate relleno de crema, Círculo Rojo;Bimbo;paquete de 4 unidades.;0,99
Pastel Círculo Rojo relleno crema de cacao y avellanas;Bimbo;paquete de 4 unidades;0,99
Pastel Bony;Bimbo;paquete de 2 unidades, 110 g.;0,89
Pastelito Choco Bony;Bimbo;paquete de 2 unidades, 100 g.;0,89
Pastel Pantera Rosa;Bimbo;paquete de 2 unidades, 110 g.;0,89
Pastel Tigretón;Bimbo;paquete de 2 unidades, 100 g.;0,89
Brazo de chocolate;DulceSol;paquete de 200 g.;0,69
Bollos con pepitas de chocolate Doowap;La Bella Easo;bolsa de 6 unidades, 250 g.;1,65
Bizcocho con leche;Phoskitos;caja de 4 unidades, 176 g.;1,75
Bizcocho con leche;Phoskitos Mini;caja de 10 unidades, 170 g.;1,70
Bocaditos Gloria;DulceSol;paquete de 14 unidades, 280 g.;0,86
Bocaditos con baño de cacao;DulceSol;paquete de 220 g., 8 unidades.;0,86
Bollos con pepitas de chocolate Doowap;La Bella Easo;bolsa de 6 unidades, 250 g.;1,65
Bollo con pepitas de chocolate con leche DooWap;La Bella Easo;bolsa de 6 uds, 250g;1,50
Medias Noches;Bimbo;bolsa de 12 unidades, 350 g.;0,86
Quesada Pasiega;De Nuestra Tierra;450 g.;2,33
Rosquillas;La Bella Easo;bolsa de 250 g.;1,05
Copos de maíz tostados Corn Flakes;Carrefour;caja de 500 g.;1,19
Copos de maíz tostados Corn Flakes;Carrefour;bolsa de 1 Kg.;1,97
Copos de cebada y avena con fresas;Country Crisp Jordans;caja de 375 g.;3,06
Copos de cebada y avena con chocolate negro;Country Crisp Jordans;caja de 375 g.;3,06
Cereal con avellana y almedra;Cruesli de Quaker;caja de 375 g.;2,43
Cereales de avena, trigo y frutas;Cruesli de Quaker;caja de 375 g.;2,43
Cereal de muesli con pasas;Cruesli de Quaker;caja de 375 g.;2,43
Muesli crujiente Cappuccíno;Crueslí de Quaker;caja de 375 g.;2,43
Muesli crujiente con chocolate;Cruesli de Quaker;caja de 375 g.;2,43
Copos de trigo integral y arroz con cacahuetes;Optima de Kellogg's;caja de 375 g.;2,29
Copos de trigo integral, maíz y arroz;Optima de Kellogg's;caja de 375 g.;2,29
Copos tostados de arroz y trigo integral;Special K de Kellogg's;caja de 375 g.;2,24
Cereales Special K;Kellogg's;caja de 500g;2,98
Copos tostados con Frutas Rojas;Special K de Kellogg's;caja de 250 g.;2,22
Cereal Fibra Plus;Carrefour;caja de 750 g.;2,25
Cereales de fibra;All-Bran Plus de Kellogg's;caja de 375 g.;1,59
Cereales de fibra;All-Bran Plus de Kellogg's;caja de 750 g.;3,09
Cereales de trigo integral con salvado;All-Bran Flakes de Kellogg's;caja de 375 g.;2,04
Trigo integral tostado con pepitas de almendra y nueces;Clusters de Nestlé;375 g.;1,78
Copos de trigo integral con frutas;"Fitness &amp; Fruits de Nestlé";caja de 375 g.;2,44
Copos de trigo integral, con vitaminas y minerales;Fitness de Nestlé;caja de 450 g;2,34
Copos trigo integral, fruta y frutos secos;"Optima Fruit&amp;Fibre Kellogg's";caja 375 g;2,29
Cereal de trigo;Weetabix;caja de 430 g.;2,54
Muesli crujiente;Carrefour;caja de 500 g.;2,69
Muesli con frutas;Special Muesli Jordan;caja de 375 g.;2,31
Barritas de cereales con arándanos;Hero Muesli;6 unidades de 25 g.;1,50
Barritas de cereales Muslix con coco;Kellogg´s;6 unidades de 25 g.;1,50
Barritas de cereales Muslix con chocolate blanco;Kellogg's;6 unidades de 25 g.;1,50
Copos de maíz tostados Corn Flakes;Carrefour;caja de 500 g.;1,19
Copos de maíz tostados Corn Flakes;Carrefour;bolsa de 1 Kg.;1,70
Mini packs de cereales 7 variedades;Carrefour;8 unidades, 215 g.;2,95
Copos de maíz tostados;Corn Flakes de Kellogg's;caja de 500 g.;1,97
Copos de maíz tostados y azucarados;Frosties de Kellogg´s;caja de 500 g.;2,47
Cereales de trigo integral dorados al horno;Golden Grahams;caja de 375 g.;2,47
Arroz inflado chocolateado;Carrefour;caja de 500 g.;1,70
Bolitas de cereales con chocolate;Carrefour;caja de 375 g.;1,35
Pétalos de trigo con chocolate;Carrefour;caja de 375 g.;1,35
Bolas de cereal;Cola Cao;caja de 375 g.;2,69
Cereales rellenos;Cola Cao;caja de 250 g.;2,00
Cereales de trigo tostado con chocolate;Chocapic de Nestlé;caja de 375 g.;1,98
Cereales de trigo tostado con chocolate;Chocapic de Nestlé;caja de 500 g.;2,47
Arroz tostado con chocolate;Choco Krispies de Kellogg's;caja de 750 g.;3,85
Cereales de trigo con chocolate;Chocos de Kellogg´s;caja de 375 g.;2,16
Cereales de trigo con chocolate;Chocos de Kellogg´s;caja de 500 g.;2,47
Cereales rellenos de chocolate fundido;Smacks Chocolatines Kellogg's;caja de 375 g;2,81
Cereales de trigo y maíz cubiertos de cacao;Cola Cao;caja de 375 g.;2,09
Cereales con arroz crujiente y chocolate con leche;Crunch de Nestlé;caja de 375 g.;2,15
Cereales de arroz y maíz tostados al chocolate;Nesquik;caja de 375 g.;1,98
Aros de trigo con chocolate Weetos;Weetabix;caja de 375 g.;2,21
Cereal maíz inflado con miel;Carrefour;caja de 375 g.;1,35
Trigo inflado con miel y caramelo;Carrefour;caja de 500 g.;1,70
Anillos de cereal, avena integral tostado y miel;Cheerios de Nestlé;caja de 375 g.;2,15
Copos de maíz tostados con miel y cacahuete;Crunchy Nut de Kellogg's;caja de 375 g;2,25
Aros de avena, trigo, integrales con miel;Honey Loops de Kellogg's;caja de 375g.;2,40
Cereales de maíz, trigo y avena con miel;Pops de Kellogg's;caja de 375 g.;2,05
Cereal de maíz, trigo y avena con miel;Estrellitas de Nestlé;caja de 375 g.;2,15
Barritas de cereales y leche Choco Krispies;Kellogg's;6 barritas de 20 g.;1,88
Barritas de cereales y leche;Frosties de Kellogg´s;6 unidades de 27 g.;1,82
Barritas de cereales y leche con choco;Frosties de Kellogg´s;6 unidades de 27 g.;1,82
Barritas de cereales y leche;Golden Grahams;6 unidades de 25 g.;2,00
Barritas de cereales y leche Smacks;Kellogg's;6 barritas de 20 g.;1,88
Chocolate a la taza;Carrefour;tableta de 300 g.;1,15
Chocolate instántaneo a la taza;Carrefour;bote de 500 g.;1,59
Chocolate a la taza;Carrefour;paquete de 400 g.;0,81
Chocolate a la taza;Paladín;bote de 600 g.;2,45
Chocolate a la taza;Valor;tableta de 300 g.;1,57
Chocolate a la taza;Valorcao;bolsa de 500 g.;1,45
Chocolate a la taza;Valorcao;bolsa de 1 kg.;2,78
Chocolate para fundir;Nestlé Postres;tableta de 250 g.;1,68
Chocolate blanco;Carrefour;tableta de 75 g.;0,36
Chocolate blanco con aroma natural de vainilla;Lindt;tableta de 100 g.;1,29
Chocolate blanco;Conguitos;tableta de 125 g.;0,84
Chocolate blanco;Milkybar;tableta de 75 g.;0,58
Acelgas;Carrefour;bolsa de 300 g.;1,46
Espinacas;Carrefour;bolsa de 300 g.;1,46
Ajo;Carrefour;malla de 250 g.;1,09
Ajo;Calidad Tradición Carrefour;malla de 500 g.;2,43
Cebolla;Calidad Tradición Carrefour;malla de 1 kg.;0,78
Cebolla;Carrefour;bandeja de 5 unidades, 500 g.;1,74
Puerro;Carrefour;bolsa de 125 g.;1,78
Cogollos;Calidad Tradición Carrefour;bandeja de 3 unidades;1,18
Corazones de cogollos;Calidad Tradición Carrefour;bandeja de 6 unidades.;1,85
Endibias;Carrefour;bandeja de 450 g.;1,35
Escarola rizada;Carrefour;1 unidad.;0,89
Lechuga Romana;Carrefour;bolsa de 1 kg.;0,50
Patata para asar;Carrefour;bolsa de 2 kg.;1,28
Patata para cocer;Calidad Tradición Carrefour;saco de 3 kg.;2,22
Patata para freir;Calidad Tradición Carrefour;bolsa de 3 kg.;0,84
Patata para guisar;Carrefour;bolsa de 2 kg.;1,28
Patata;Carrefour;bolsa de 400 g.;1,53
Variado de verdura para caldo;Carrefour;bolsa de 125 g.;1,78
Ensalada Italiana;Carrefour;bolsa de 250 g.;0,86
Mezcla gourmet;Carrefour;bolsa de 200 g.;1,99
Ensalada alemana;McSalad;envase de 480 g.;2,99
Ensalada Americana;McSalad;envase de 160 g.;1,17
Ensalada Americana;McSalad;envase de 480 g.;2,99
Ensalada de cangrejo;McSalad;envase de 160 g.;1,71
Ensalada de cangrejo;McSalad;envase de 480 g.;5,09
Ensalada Italiana;McSalad;envase de 480 g.;2,99
Ensalada de patatas con ali-oli;McSalad;envase de 480 g.;2,99
Ensalada rusa con aceitunas;McSalad;envase de 480 g.;2,99
Champiñon;Carrefour;bandeja de 250 g.;1,55
Setas;Carrefour;bandeja de 200 g.;1,50
Tomate bola;Carrefour;tarrina de 250 g.;1,55
Tomate ensalada;Carrefour;manojo de 400 g.;1,00
Calabacín;Carrefour;bolsa de 125 g.;1,78
Coles de Bruselas;Carrefour;tarrina de 250 g.;0,89
Remolacha en rodajas;Carrefour;bolsa de 500 g.;1,37
Repollo rizado;Okey;botella de 750 ml.;0,88
Batido sabor fresa esterilizado;Okey;botella de 750 ml.;0,88
Batido sabor vainilla;Okey;botella de 750 ml.;0,88
Baty de chocolate;Ram;botella de 1l.;0,83
Baty de fresa;Ram;botella de 1l.;0,83
Baty de vainilla;Ram;botella de 1 l.;0,83
Chocolate a la taza;Ram;brik de 1 l.;1,59
Leche con chocolate;Pascual;3 minibriks de 200 ml.;2,59
Batido sabor fresa esterilizado;Okey;6 unidades de 20 cl.;2,59
Batido sabor vainilla;Okey;6 unidades de 20 cl.;2,59
Horchata de chufa esterilizada;Carrefour;botella de 1 l.;0,79
Horchata de chufa esterilizada;Chufi;botella de 1 l.;0,95
Horchata de chufa;Chufi;brik de 33 cl.;0,55
Bebida refrescante light a base de horchata de chufa;Chufi;brik de 33 cl.;0,55
Huevo hilado;Coren;cartón de 6 unidades.;0,98
Huevos morenos frescos super grandes XL de 73 g. o más;Coren;cartón de 12 unidades;1,61
Huevos morenos frescos grandes L de 63 a 73 g.;Coren;cartón de 12 unidades.;1,46
Huevos morenos frescos medianos M de 53 a 63 g.;Coren;cartón de 12 unidades.;1,32
Huevos enriquecidos Omega 3 de 63 a 73 g.;Coren;cartón de 6 unidades.;0,78
Leche entera de Galicia;Carrefour;brik de 1 l.;0,62
Leche entera;Pascual;brik de 1 l.;0,71
Leche entera;Lauki;brik de 1 l.;0,65
Leche entera;Président;brik de 1 l.;0,70
Leche ecológica entera;Président;brik de 1 l.;1,10
Leche entera;Celta;brik de 2 l.;1,35
Leche entera;Central Lechera Asturiana;botella de 1,5 l.;1,15
Leche entera;Puleva mamá;brik de 1 l.;1,05
Leche semidesnatada de Galicia;Carrefour;brik de 1 l.;0,57
Leche semidesnatada;Pascual;brik de 1 l.;0,71
Leche semidesnatada;Lauki;brik de 1 l.;0,65
Leche semidesnatada;Président;brik de 1 l.;0,70
Leche ecológica semidesnatada;President;brik de 1 l.;1,10
Leche semidesnatada;Celta;brik de 2 l.;1,35
Leche semidesnatada;Central Lechera Asturiana;botella de 1,5 l.;1,15
Leche desnatada;Carrefour;brik de 1 l.;0,57
Leche desnatada;Pascual;brick de 1 l.;0,71
Leche desnatada;Lauki;brik de 1 l.;0,65
Leche desnatada;Président;brik de 1 l.;0,70
Leche desnatada;Celta;brick de 2 l.;1,35
Leche desnatada;Central Lechera Asturiana;botella de 1,5 l.;1,15
Leche Calcio entera con vitaminas A,D y E;Carrefour;brik de 1 l.;0,87
Leche Calcio entera;Puleva;brik de 1 l.;0,85
Leche Calcio semidesnatada con vitaminas A,D y E;Carrefour;brik de 1 l.;0,87
Leche Calcio semidesnatada;Puleva;brik de 1 l.;0,85
Leche Calcio desnatada con vitaminas A,D y E;Carrefour;brik de 1 l.;0,87
Leche Calcio desnatada;Puleva;brik de 1 l.;0,85
Leche  semidesnatada con fibra soluble;Central Lechera Asturiana;brik de 1 l.;0,73
Leche enriquecida en ácidos grasos Omega3;Puleva;brik de 1 l.;0,98
Leche entera;Puleva mamá;brik de 1 l.;1,05
Leche semidesnatada enriquecida con magnesio;Président;brik de 1 l.;0,97
Leche baja en lactosa semidesnatada;Président;brik de 1 l.;1,35
Leche Energía y Crecimiento;Ram;brik de 1 l.;0,79
Leche condensada;Carrefour;tubo de 170 g.;0,87
Leche condensada;Carrefour;bote de 397 g.;0,99
Leche condensada;Carrefour;bote de 740 g.;1,58
Leche condensada;La Lechera;tubo de 170 g.;0,87
Leche condensada;La Lechera;bote de 450 g.;1,80
Leche condensada;La Lechera;bote de 740 g.;2,05
Leche evaporada;Ideal;bote de 410 g.;1,23
Leche en polvo entera;Carrefour;paquete de 1 kg.;4,96
Leche en polvo desnatada;Carrefour;paquete de 1 kg.;6,52
Bio Frutas Mediterráneo con fibra y vitaminas A, C y E;Pascual;3 brik de 33 cl.;1,35
Bio Frutas Pacífico con vitaminas A, C y E;Pascual;3 brik de 33 cl.;1,35
Bio Frutas Tropical con vitaminas A, C y E;Pascual;3 brik de 33 cl.;1,35
Yosport de melocotón y mango;Pascual;brik de 25 cl.;0,47
Yosport naranja-limón;Pascual;brik de 25 cl.;0,47
Bio leche + frutas Caribe con fibra y vitaminas A, C y E;Don Simon;3 brik de 33 cl;1,45
Bio leche +frutas Mediterráneo con fibra y vitaminas A,C y E;Don Simon;3 brik 33 cl;1,55
Bio leche + frutas Multifrutas con fibra y vitaminas A,C y E;Don Simon;3 brik 33 cl;1,45
Bio leche +frutas tropical con fibra y vitaminas A,C y E;Don Simon;3 brik 33 cl;1,55
Danao de melocotón y albaricoque;Danone;brik de 1 l.;2,13
Danao de naranja y piña;Danone;brik de 1 l.;2,13
Bebida refrescante mixta zumo de frutas y leche desnatada;Sonfil;botella de 1 l.;1,20
Mantequilla tradicional;Arias;pastilla de 250 g.;2,12
Mantequilla con sal;Arias;tarrina de 250 g.;2,12
Mantequilla Fácil de Untar;Arias;tarrina de 250 g.;2,18
Mantequilla Tradicional;Arias;10 porciones de 12,5 g.;1,09
Mantequilla;Central Lechera Asturiana;rulo de 500 g.;3,42
Mantequilla;Pascual;tarrina de 250 g.;1,57
Mantequilla;Pascual;tarrina de 500 g.;3,10
Mantequilla fácil de untar;Président;tarrina de 250 g.;1,82
Mantequilla ligera;Président;tarrina de 250 g.;1,98
Margarina de girasol 3/4;Carrefour;tarrina de 500 g.;0,99
Margarina de maíz 3/4;Carrefour;tarrina de 500 g.;0,92
Margarina vegetal 3/4;Carrefour;tarrina de 500 g.;0,96
Margarina ligera de oliva;Artua;tarrina de 250 g.;1,19
Margarina 3/4 vegetal de maíz;Artua;tarrina de 500 g.;1,75
Margarina vegetal ligera, Pro-activ;Flora;tarrina de 250 g.;3,09
Margarina 3/4, 100% vegetal;Flora;tarrina de 500 g.;1,75
Margarina vegetal ligera;Ligeresa;tarrina de 250 g.;0,96
Margarina 3/4, 100% vegetal;Tulipán;tarrina de 500 g.;1,49
Margarina 3/4, 100% vegetal con sal;Tulipán;tarrina de 500 g.;1,49
Nata montada azucarada U.H.T.;Carrefour;bote de 250 ml.;1,59
Nata montada azucarada U.H.T;Central Lechera Asturiana;bote de 250 g.;1,79
Nata montada azucarada;Reny Picot;bote de 250 g.;1,83
Nata líquida;Central Lechera Asturiana;brik de 1 l.;3,00
Nata líquida;Central Lechera Asturiana;brik de 500 ml.;1,95
Nata líquida;Central Lechera Asturiana;brik de 200 ml.;0,92
Nata especial cocina;Central Lechera Asturiana;minibrik de 200 ml.;0,87
Nata líquida;La Lechera;lata 170 g.;1,05
Nata líquida;Pascual;brik de 1 l.;2,61
Nata líquida para montar y cocinar;Président;botella de 50 cl.;1,79
Nata fresca y espesa  Créme Fraîche;Président;tarrina de 200 g.;1,25
Nata ligera para cocina;Président;botella de 250 ml.;0,97
Nata ligera para cocinar;Reny Picot;minibrik de 200 ml.;0,95
Nata especial para montar;Reny Picot;minibrik de 200 ml.;0,93
Salsa bechamel;Reny Picot;brik de 500 ml.;1,94
Arroz con leche;Danone;2 unidades de 140 g.;1,08
Cuajada;Danone;2 unidades de 150 g.;0,99
Cuajada con azúcar;Danone;2 unidades de 135 g.;0,99
Cuajada de leche de oveja;Goshua;tarro de 140 g.;1,09
Flan de huevo al baño María;Dhul;4 unidades de 110 g.;2,05
Flan de huevo Omega-3;Dhul;2 unidades de 110 g.;1,34
Flan de huevo Calcio;Dhul;2 unidades de 110 g.;1,34
Flan de huevo Fibra;Dhul;2 unidades de 110 g.;1,34
Flan de huevo;Danone;4 unidades de 110 g.;1,35
Flan de vainilla;Danone;4 unidades de 100 g.;1,09
Flan de vainilla Flanby;Nestlé;4 unidades de 100 g.;1,13
Mousse de chocolate;Danone;4 unidades de 60 g.;1,59
Mousse de chocolate;Nestlé;4 unidades de 55 g.;1,69
Mousse de café;Nestlé;4 unidades de 60 g.;1,69
Natillas de leche al caramelo;Danone;2 unidades de 130 g.;2,45
Natillas de huevo;Goshua;tarro de 140 g.;1,09
Natillas de chocolate;Danone;2 unidades de 130 g.;2,45
Crema de limones al horno Postres Maestros;Danone;2 unidades de 100 g.;1,29
Crema de manzana la horno, Postres Maestros;Danone;2 unidades de 100 g.;1,39
Crema de peras al horno, Postres Maestros;Danone;2 unidades de 100 g.;1,39
Mi Primer Danone Petit con leche adaptada;Danone;6 unidades de 50 g.;2,01
Petit Suisse de chocolate con leche;Danone;6 unidades de 55 g.;1,35
Petit Yoco albaricoque, plátano y melocotón;Nestlé;6 unidades de 50 g.;1,49
Petit Yoco fresa, frutas del bosque y frambuesa;Nestlé;6 unidades de 50 g.;1,49
Petit Suisse para beber de fresas naturales;Danone;6 unidades de 100 g.;2,56
Petit Suisse para beber de fresa y plátano naturales;Danone;6 unidades de 94 ml.;2,56
Petit Nesquik;Nestlé;6 unidades de 60 g.;1,45
Petit chocolate blanco Milkybar;Nestlé;6 unidades de 60 g.;1,45
Postre lácteo al chocolate;Nestle;4 unidades de 125 g.;1,15
Postre lácteo de crema de chocolate y nata;Danone;2 unidades de 100 g.;0,75
Dalky crema de chocolate y nata;Nestlé;2 unidades de 115 g.;0,85
Dalky crema de fresa y nata;Nestlé;2 unidades de 115 g.;0,85
Tiramisu Postres Oro;Dhul;2 unidades de 80 g.;2,13
Capuccino Postres Oro;Dhul;2 unidades de 80 g.;2,13
Tocino de Cielo;Dhul;2 unidades de 100 g.;1,37
Trufa La Lechera;Nestlé;2 unidades de 150 g.;1,23
Toffee La Lechera;Nestlé;2 unidades de 150 g.;1,23
Moka La Lechera;Nestlé;2 unidades de 150 g.;1,23
Biscuit La Lechera;Nestle;2 unidades de 150 g.;1,23
Turrón La Lechera;Nestle;2 unidades de 150 g.;1,23
Profiteroles con licor;Parmalat;2 unidades de 112 g.;2,00
Tarta al whisky;Parmalat;2 unidades de 115 g.;2,00
Mi Primer Danone Petit con leche adaptada;Danone;6 unidades de 50 g.;2,01
Mi Primer Danone con leche adaptada Cereales sin gluten;Danone;4 unidades de 125 g.;2,69
Mi Primer Danone natural azucarado con leche adaptada;Danone;4 ud. de 125 g.;2,69
Mi Primer Danone fresa-plátano con leche adaptada;Danone;4 unidades;2,69
Yoco con frutas sin trozos, fresa y plátano;Nestlé;6 unidades de 100 g.;1,90
Yoco con frutas sin trozos;Nestlé;6 unidades de 100 g.;1,90
Yoghourt sabor fresa enriquecido;Danone;2 unidades de 140 g.;0,86
Yoghourt natural enriquecido;Danone;2 unidades de 140 g.;0,86
Yoghourt natural azucarado enriquecido;Danone;2 unidades de 140 g.;0,86
Yoghourt con fresas enriquecido;Danone;2 unidades de 140 g.;1,09
Yoghourt con melocotón enriquecido;Danone;2 unidades de 140 g.;1,09
Yogur sabor fresa La Lechera;Nestlé;2 unidades de 140 g.;1,09
Yogur con fresas La Lechera Receta Cremosa;Nestlé;4 unidades de 125 g.;1,39
Yogur natural azucarado La Lechera Receta Cremosa;Nestlé;4 unidades de 125 g.;1,39
Yogur con melocotón y mango La Lechera Receta Cremosa;Nestlé;4 unidades de 125 g.;1,39
Yogur sabor vainilla La Lechera Receta Cremosa;Nestlé;4 unidades de 125 g.;1,39
Yoghourt Griego;Danone;4 unidades de 125 g.;1,79
Daníssimo con fresas;Danone;4 unidades de 125 g.;1,80
Daníssimo con melocotón;Danone;4 unidades de 125 g.;1,80
Daníssimo natural azucarado;Danone;4 unidades de 125 g.;1,80
Daníssimo con zumo de limón;Danone;4 unidades de 125 g.;1,80
Danio con queso fresco con fresa;Danone;2 unidades de 150 g.;1,19
Danio con queso fresco con melocotón;Danone;2 unidades de 150 g.;1,19
Danio con queso fresco natural azucarado;Danone;2 unidades de 150 g.;1,19
Actimel natural;Danone;4 unidades de 125 g.;2,09
Actimel natural desnatado para beber;Danone;6 unidades de 125 g.;2,75
Actimel natural para beber;Danone;6 unidades de 93,7 ml.;2,75
Actimel con naranja para beber;Danone;6 unidades de 93 ml.;2,75
Lc1 azucarado;Nestlé;4 unidades de 200 g.;2,35
Lc1 sabor fresa;Nestlé;4 unidades de 200 g.;2,35
Lc1 Go azucarado;Nestlé;6 unidades de 90 g.;2,19
Lc1 Go Multifrutas;Nestlé;6 botellas de 90 g.;2,19
Pilas alcalinas LR03 de 1,5 voltios;Carrefour;paquete de 4 unidades.;2,16
Pilas alcalinas LR06 de 1,5 voltios;Carrefour;paquete de 4 unidades.;2,00
Pilas alcalinas LR06 de 1,5 voltios;Carrefour;paquete de 8 unidades.;3,80
Pilas alcalinas LR14 de 1,5 voltios;Carrefour;paquete de 2 unidades.;2,40
Pilas alcalinas LR20 de 1,5 voltios;Carrefour;paquete de 2 unidades.;3,15
Pilas alcalinas 6LR61 de 9 voltios;Carrefour;paquete de 1 unidad.;2,30
Pilas alcalinas LR3 de 1,5 voltios;Duracell;paquete de 4 unidades.;3,58
Pila alcalinas LR6 de 1,5 voltios;Duracell;paquete de 4 unidades.;3,58
Pilas LR14 de 1,5 voltios;Energizer Intelligent;paquete de 2 unidades.;3,31
Pilas LR20 de 1,5 voltios;Energizer Intelligent;paquete de 2 unidades.;3,97
Abrelatas giratorio de acero cromado;Menaje Colección;1 unidad.;5,38
Afila cuchillos;Carrefour;1 unidad.;9,31
Cuchillo jamonero;Carrefour;1 unidad.;11,11
Cogedor de helados;Prestige;1 unidad.;5,53
Conjunto de herméticos;Curver;2 uds. de 1,5 l. + 2 uds. de 0,5 l.;8,62
Jamonero plegable de pino;Inalsa;1 unidad.;13,19
Rasqueta para vitrocerámica de hierro zincado;Menaje Colección;1 unidad.;2,76
Sacacorchos Family Line;Leifheit;1 unidad.;9,01
Sacacorchos camarero;Menaje Colección;1 unidad.;2,58
Sacacorchos cremallera;Menaje Colección;1 unidad.;3,96
Vela ambientador Frescor Primavera;Brise Naturalia;1 unidad.;3,00
Vela ambientador Frutos en Flor;Brise Naturalia;1 unidad.;3,00
Vela Parfums de Fleurs blanches  Anti-tabac;Devineau;1 unidad.;5,98
Vela Parfums de Fleurs Coeur de Rose Anti-tabac;Devineau;1 unidad.;5,98
Vela Parfums de Fleurs Lavanda Anti-tabac;Devineau;1 unidad.;5,98
Vela vaso cristal Parfums de Fleurs Coeur de Rose;Devineau;1 unidad.;5,98
Vela vaso cristal Parfums de Fleurs Lavande;Devineau;1 unidad.;5,98
Limones;Carrefour;malla de 1 kg.;2,22
Mandarinas;Carrefour;malla de 2 kg.;1,97
Naranjas;Carrefour;malla de 2 kg.;3,64
Pomelo rojo;Mr. Forza;botella de 1 l.;3,55
Desatascador para desagües y tuberías;Forza Espumax;caja de 2 unidades.;4,55
Desatascador en gel con lejía;WC Net;botella de 1 l.;7,65
Limpia tuberías;WC Net;botella de 750 ml.;5,75
Limpia cristales;Carrefour;botella de 1 l.;0,85
Limpia cristales;Carrefour;pistola de 750 ml.;1,47
Limpia cristales;Carrefour;recambio de 750 ml.;1,55
Limpia cristales;Cristasol Cristalino;pistola de 750 ml.;1,60
Toallitas para cristales y espejos;Brill;paquete de 32 unidades.;2,16
Toallitas multiusos y critales;Glassex;paquete de 20 unidades.;2,25
Limpia metales;Aladdín Algodón Mágico;bote de 75 g.;2,60
Limpia metales;Sidol;bote de 150 ml.;2,19
Limpia metales protector;Tarni Shield;bote de 250 ml.;2,51
Limpia plata protector;Tarni Shield;bote de 250 ml.;2,51
Espuma para tapicerÍas y alfombras;Bio Shout de Fombra;spray de 500 ml.;3,85
Espuma seca especial tapicerías;Hurra;spray de 400 ml.;3,85
Espuma líquida limpia tapicerías;Fix Polvo;botella de 1000 ml.;4,65
Hojas suavizantes para secadoras;Flor;caja de 40 unidades.;3,35
Lava y Tiñe Jeans Azul;Iberia;caja de 4 sobres de 25 g.;1,79
Lava y Tiñe Marrón;Iberia;caja de 4 sobres de 25 g.;1,79
Lava y Tiñe Negro;Iberia;caja de 4 sobres de 25 g.;1,79
Tinte ropa Azul Marino;Iberia;caja 2 sobres x 12,5 g + 1 pastilla limpiadora 8 g.;1,79
Tinte ropa Negro;Iberia;caja de 2 sobres de 12,5 g + 1 pastilla limpiadora de 8 g.;1,79
Tinte ropa en frío Azul Marino;Iberia;caja de 50 g. de tinte + 100 g de fijador;2,85
Tinte ropa en frío Negro;Iberia;caja de 50 g. de tinte + 100 g. de fijador.;2,85
Abrillantador para lavavajillas;Carrefour;botella de 500 ml.;1,53
Abrillantador para lavavajillas;Calgonit;botella de 500 ml.;4,65
Abrillantador para lavavajillas;Calgonit;botella de 1 l.;9,25
Abrillantador para lavavajillas Antibacterias;Calgonit;botella de 500 ml.;4,75
Ambientador para lavavajillas;Calgonit Citro Fresh Limón;caja de 1 unidad.;2,89
Ambientador para lavavajillas aroma a menta fresca;Calgonit Deo;1 unidad.;2,89
Limpia máquina lavavajillas líquido;Calgonit;bote de 250 ml.;4,35
Lavavajillas máquina en polvo;Carrefour;botella de 3 kg.;3,50
Lavavajillas máquina en pastillas Doble Acción;Carrefour;caja de 30 unidades.;2,70
Lavavajillas máquina en gel;Calgonit;botella de 1,5 l.;6,80
Lavavajillas máquina en polvo Doble Acción;Calgonit;garrafa de 2,5 kg.;6,80
Lavavajillas máquina en polvo Doble Acción;Calgonit;garrafa 3,75 kg;6,80
Lavavajillas máquina en pastillas;Calgonit Powerball;caja de 44 unidades.;6,80
Lavavajillas máquina en pastillas;Calgonit Powerball;caja de 66 unidades.;6,75
Lavavajillas máquina en pastillas 3 en 1;Calgonit Powerball;caja de 32 unidades.;6,80
Lavavajillas máquina en pastillas 3 en 1 Total Limón;Calgonit Powerball;caja 32 uds;6,75
Lavavajillas máquina en pastillas 3 en 1;Calgonit Powerball;caja de 48 unidades.;12,45
Sal especial para lavavajillas;Carrefour;maleta de 4 kg.;3,10
Sal para lavavajillas;Calgonit;maleta de 4 kg.;4,60
Lavavajillas a mano;Carrefour;botella de 1,5 l.;0,80
Lavavajillas a mano;Coral;botella de 1,5 l.;1,05
Lavavajillas a mano;Mistol;botella de 1,5 l.;1,19
Lavavajillas a mano;Mistol Limón;botella de 1,5 l.;1,19
Lavavajillas mano ultraconcentrado con agentes antibacterias;Carrefour;botella 1 l;1,20
Lavavajillas a mano ultraconcentrado;Carrefour;botella de 1 l.;1,20
Lavavajillas a mano concentrado;Coral Antibacterias;botella de 1 l.;1,95
Lavavajillas a mano concentrado;Coral Ultra;botella 1 l.;1,95
Lavavajillas a mano concentrado;Fairy Dermo;botella de 750 ml.;2,55
Lavavajillas a mano concentrado;Fairy Ultra;botella de 750 ml.;2,09
Lavavajillas a mano concentrado;Fairy Ultra;botella de 1 l.;2,55
Lavavajillas a mano concentrado;Fairy Ultra;botella de 1,5 l.;4,18
Lavavajillas a mano concentrado;Fairy Ultra Antibacterias;botella de 750 ml.;2,55
Lavavajillas a mano concentrado;Fairy Ultra Brisa Floral;botella de 750 ml.;2,09
Lavavajillas a mano concentrado;Fairy Ultra Limón;botella de 750 ml.;2,09
Lavavajillas a mano concentrado;Fairy  Ultra Limón;botella de 1 l.;2,55
Lavavajillas a mano concentrado;Fairy Ultra Limón;botella de 1,5 l.;4,18
Lavavajillas a mano concentrado bálsamo;Froggy;botella de 750 ml.;1,41
Lavavajillas a mano concentrado Secado Rápido;Mistol Antibacterias;botella 750 ml.;2,09
Lavavajillas a mano concentrado Secado Rápido;Mistol PH 5.5;botella de 750 ml.;2,09
Lavavajillas a mano concentrado Secado Rápido;Mistol Plus;botella de 750 ml.;2,09
Lavavajillas a mano concentrado Secado Rápido;Mistol Vinagre Limón;botella 750 ml.;2,09
Lavavajillas a mano concentrado Secado Rápido;Mistol Vinagre Mango;botella 750 ml.;2,09
Lavavajillas a mano concentrado Secado Rápido;Mistol Vinagre Menta;botella 750 ml.;2,09
"Reparador de calzado Ante &amp; Nubuck color Marrón";Kiwi;spray de 250 ml.;3,85
"Reparador de calzado Ante &amp; Nubuck color Negro";Kiwi;spray de 250 ml.;3,85
"Reparador de calzado Ante &amp; Nubuck Incoloro";Kiwi;spray de 250 ml.;3,85
Conservador de pieles para todos los colores;Kiwi;tarro de 50 ml.;2,66
"Cepillo limpia calzado Ante &amp; Nubuck";Kiwi;1 unidad.;2,22
Toallitas limpiadoras de cuero;Hechicera;paquete de 24 unidades.;2,25
Crema para calzado color Azul Marino;Kiwi;tarro de 50 ml.;2,05
Crema para calzado color Blanco;Kiwi;tarro de 50 ml.;2,05
Crema para calzado color Burdeos;Kiwi;tarro de 50 ml.;2,05
Crema para calzado color Coñac;Kiwi;tarro de 50 ml.;2,05
Crema para calzado color Marrón Claro;Kiwi;tarro de 50 ml.;2,05
Crema para calzado color Marrón Medio;Kiwi;tarro de 50 ml.;2,05
Crema para calzado color Marrón Oscuro;Kiwi;tarro de 50 ml.;2,05
Crema para calzado color Negro;Kiwi;tarro de 50 ml.;2,05
Crema para calzado Incolora;Kiwi;tarro de 50 ml.;2,05
Crema para calzado color Azul;Nugget;lata de 50 ml.;1,41
Crema para calzado color Marrón;Nugget;lata de 50 ml.;1,41
Crema para calzado color Negro;Nugget;lata de 50 ml.;1,41
Crema para calzado Incolora;Nugget;lata de 50 ml.;1,41
Crema de ceras color Azul;Kiwi;aplicador con esponja de 50 ml.;1,25
Crema de ceras color Blanco;Kiwi Sport;aplicador con esponja de 50 ml.;1,25
Crema de ceras color Negro;Kiwi;aplicador con esponja de 50 ml.;1,25
Limpiador de calzado para todos los colores;Kiwi Sport;aplicador con esponja 75 ml;1,25
Esponja limpia calzado;Carrefour;1 unidad.;0,66
Esponja limpia calzado color Marrón;Kiwi Express;1 unidad.;1,85
Esponja limpia calzado color Marrón;Yak;1 unidad.;1,25
Esponja limpia calzado color Negro;Kiwi Express;1 unidad.;1,85
Esponja limpia calzado color Negro;Yak;1 unidad.;1,25
Esponja limpia calzado Incolora;Kiwi Express;1 unidad.;1,85
Esponja limpia calzado Incolora;Yak;1 unidad.;1,25
Esponja limpiacalzado deportivo de Lona y Piel;Yak;1 unidad.;1,59
Toallitas limpiadoras de cuero;Hechicera;paquete de 24 unidades.;2,25
Plantillas Deportivas;Carrefour;paquete de 1 par.;3,00
Plantillas Desodorantes;Carrefour;paquete de 1 par.;2,50
Plantillas Calor Confortable;Kiwi;paquete de 1 par.;3,25
Plantillas Frescor Relajante;Kiwi;paquete de 1 par.;3,25
Plantillas Olor Desodorante;Kiwi;paquete de 1 par.;3,25
Caja limpia calzado;Inalsa;1 unidad.;10,03
Toallitas limpiadoras de cuero;Hechicera;paquete de 24 unidades.;2,25
Café molido natural;Carrefour eco;paquete de 250 g.;1,99
Café molido 100% Arábica;Carrefour eco;paquete de 250 g.;2,60
Anís verde;Carrefour eco;bolsa de 100 g.;1,55
Manzanilla dulce;Carrefour eco;bolsa de 35 g.;1,50
Menta;Carrefour eco;bolsa de 20 g.;1,41
Té verde;Carrefour eco;bolsa de 80 g.;2,35
Tila;Carrefour eco;bolsa de 20 g.;1,38
Concolate extrafino fondant 74% de cacao;Carrefour eco;tableta de 100 g.;1,29
Confitura extra de albaricoque;Carrefour eco;frasco de 360 g.;1,92
Confitura extra de arándanos;Carrefour eco;frasco de 360 g.;1,99
Confitura extra de fresa;Carrefour eco;rasco de 360 g.;1,92
Confitura de naranja;Carrefour eco;frasco de 360 g.;1,92
Alubia blanca extra;Carrefour eco;paquete de 500 g.;1,59
Garbanzos extra;Carrefour eco;paquete de 500 g.;1,59
Lentejas extra;Carrefour eco;paquete de 500 g.;1,59
Fideo cabellín;Carrefour eco;paquete de 500 g.;0,85
Espirales;Carrefour eco;paquete de 500 g.;0,85
Macarrones;Carrefour eco;paquete de 500 g.;0,85
Spaghetti;Carrefour eco;paquete de 500 g.;0,85
Mostaza de Dijon;Carrefour Eco;frasco de 200 g.;1,99
Tomate natural entero pelado extra;Carrefour eco;frasco de 660 g.;1,25
Tomate triturado primera;Carrefour eco;frasco de 660 g.;1,05
Vinagre de vino blanco;Carrefour Eco;botella de 500 ml.;1,13
Vinagre de vino tinto;Carrefour Eco;botella de 500 ml.;1,13
Vinagre de manzana;Carrefour Eco;botella de 500 ml.;1,13
Zumo de manzana exprimida;Carrefour Eco;botella de 750 ml.;1,78
Zumo de naranja exprimida;Carrefour Eco;botella de 750 ml.;1,78
Zumo de tomate exprimido;Carrefour Eco;botella 750 ml.;1,78
Bebida de soja con calcio;Bjorg;brik de 1 l.;2,19
Bebida de soja sabor vainilla;Bjorg;brik de 1 l.;2,58
Bebida de soja sabor chocolate;Bjorg;3 brik de 250 ml.;3,10
Caldo de verduras;Bjorg;6 pastillas.;1,80
Barritas de frutas y cereales;Bjorg;caja de 125 g., 6 unidades.;2,85
Galletas rellenas de chocolate;Bjorg;caja de 225 g.;2,85
Palmeras;Bjorg;caja de 100 g.;1,77
Té verde;Bjorg;caja de 25 bolsitas.;2,58
Pan integral 3 cereales;Bjorg;paquete de 500 g.;2,46
Pan de especias y miel;Bjorg;paquete de 300 g.;2,01
Galletas de arroz integral;Bjorg;paquete de 130 g.;1,26
Muesli con fruta, espelta y fibras ecológicas;Le Goût de la Vie;caja de 500 g.;4,60
Cookies al chocolate ecológico;Le Goût de la Vie;caja de 200 g.;2,25
Miel ecológica cremosa;Le Goût de la Vie;frasco de 500 g.;5,38
Bizcochos integrales sin azúcar;Bio Century;paquete de 200 g.;1,50
Croissants caseros integrales sin azúcar;Bio Century;bolsa de 160 g., 8 unidades.;1,50
Magdalenas integrales sin azúcar;Bio Century;bolsa de 195 g.;1,50
Palmeras integrales sin azúcar;Bio Century;paquete de 150 g.;1,71
Caldo vegetal en pastillas;Santiveri;12 unidades;1,90
Jalea real plus;Gerblé;caja de 100 ml., 10 unidades;7,18
Cápsulas Ginseng;Céréal;frasco de 100 unidades, 38 g.;5,40
Cápsulas Jalea Real;Céréal;frasco de 100 unidades, 38 g.;5,40
Caramelos de goma sabor a limón sin azúcar;Dietorelle;bolsa de 50 g.;1,05
Caramelos de goma sabor a menta sin azúcar;Dietorelle;bolsa de 50 g.;1,05
Caramelos de goma sabor a naranja sin azúcar;Dietorelle;bolsa de 50 g.;1,05
Caramelos de goma sabor a regaliz sin azúcar;Dietorelle;bolsa de 50 g.;1,05
Chocolate con leche desnatada sin azúcar;Santiveri;tableta de 100 g.;2,00
Chocolate fondant sin azúcar sacarosa;Santiveri;tableta de 100 g.;1,93
Batidos de chocolate;Bio Century;caja de 4 unidades, 800 ml.;4,46
Batidos de chocolate;Gerlínea;caja de 12 unidades, 360 g.;11,70
Batido dietético sabor chocolate;Yo Quiero de Hero Diet;6 sobres de 37 g.;9,91
Batido dietético sabor fresa;Yo Quiero de Hero Diet;6 sobres de 37 g.;9,91
Barritas de chocolate con arroz crujiente;Bio Century;caja de 6 unidades, 210 g.;4,46
Barritas de chocolate;Bio Century;caja de 6 unidades, 210 g.;4,46
Barritas de fresa;Bio Century;caja de 6 unidades, 210 g.;4,46
Barritas de muesli;Bio Century;caja de 6 unidades, 210 g.;4,46
Barritas de naranja;Bio Century;caja de 6 unidades, 210 g.;4,46
Delicias rellenas de ciruela Equilia;Bio Century;caja de 6 rollitos 150 g (p.neto);2,30
Delicias rellenas de fresa Equilia;Bio Century;caja de 6 rollitos de 150g (p.neto);2,30
Delicias rellenas de manzana Equilia;Bio Century;caja de 6 rollitos 150 g (p.neto);2,30
Barritas de chocolate;Gerlínea;caja de 12 unidades, 372 g.;7,00
Crema dietética de frutas;Yo Quiero de Hero Diet;6 sobres de 40 g.;9,91
Crema dietética de verduras;Yo Quiero de Hero Diet;6 sobres de 40 g.;9,91
Natillas preparadas sabor vainilla;Gerlínea;caja de 3 unidades de 210 g.;4,20
Natillas dietéticas sabor vainilla;Yo Quiero de Hero Diet;6 sobres de 40 g.;9,91
Galletas multivitaminadas chocolate blanco;Bio Century;caja de 250 g.;3,41
Galletas multivitaminadas con chocolate negro;Bio Century;caja de 250 g.;3,41
Galletas multivitaminadas con efecto bífido;Bio Century;caja de 250 g., 10 uds.;3,96
Infusión equilibrada a base de plantas Gernatur;Gerlínea;caja de 20 bolsitas.;2,00
Sandwich de jamón;Bio Century;caja de 6 unidades, 180 g.;4,46
Sandwich de queso;Bio Century;caja de 6 unidades, 180 g.;4,46
Galletas de almendras con manzana multivitaminadas;Bio Century;caja de 210 g.;1,69
Galletas multivitaminadas chocolate blanco;Bio Century;caja de 250 g.;3,41
Galletas multivitaminadas con chocolate negro;Bio Century;caja de 250 g.;3,41
Galletas multivitaminadas con efecto bífido;Bio Century;caja de 250 g., 10 uds.;3,96
Galletas integrales multivitaminadas;Bio Century;caja de 210 g.;1,69
Galletas multivitaminadas de muesli;Bio Century;caja de 210 g.;1,69
Galletas sin azúcar multivitaminadas efecto bífido;Bio Century;caja de 210 g.;1,69
Galletas de leche-chocolate;Gerblé;paquete de 230 g., 20 unidades;1,68
Galletas Multivital;Gerblé;caja de 200 g.;2,19
Galletas de muesli;Gerblé;paquete de 290 g., 20 unidades;1,68
Galletas con sésamo;Gerblé;paquete de 230 g., 20 unidades;1,64
Galletas de soja - higo;Gerblé;paquete de 320 g.;1,68
Galletas vita- fibra con miel;Gerblé;paquete de 270 g.;1,68
Galletas crujientes de chocolate;Gerlínea;caja de 240 g.;3,00
Galletas crujientes con chocolate negro;Gerlínea;paquete de 240 g., 12 unidades;3,00
Galletas artesanas integrales con cereales;Santiveri;bolsa de 180 g.;1,15
Galletas artesanas integrales con manzana;Santiveri;bolsa de 180 g.;1,15
Galletas artesanas integrales con avena sin azúcar;Santiveri;bolsa de 180 g.;1,15
Galletas fibromaría;Santiveri;paquete de 175 g.;1,00
Galletas integrales;Santiveri;paquete de 175 g.;1,00
Galletas con fruta;Santiveri;paquete de 175 g.;1,20
Yogulletas;Santiveri;paquete de 175 g.;1,45
Galletas María;Santiveri;paquete de 180 g.;0,85
Galletas muesli;Santiveri;paquete de 185 g.;0,90
Galletas de sésamo;Santiveri;paquete de 180 g.;0,85
Galletas rellenas de cacao;Santiveri;paquete de 150 g.;1,94
Gallletas rellenas de nata;Santiveri;paquete de 150 g.;1,94
Muesli con frutas;Santiveri;bolsa de 500 g.;2,60
Levadura seca de cerveza en copos;Santiveri;bote de 200 g.;4,60
Edulcorante Dulzón líquido;Santiveri;dosificador de 90 ml.;1,60
Fructosa;Santiveri;bolsa de 750 g.;4,25
Helado de vainilla  Cer0%+Cer0%;Miko;bloque de 750 ml.;3,49
Helado sorbete con limón 0% grasa Sveltesse;Camy;3 unidades.;2,25
Sandwich helado de nata y fresa bajo en calorías Sveltesse;Camy;3 ud. de 100 ml;3,07
Infusión equilibrada Gerlax;Gerblé;caja de 20 bolsitas.;2,01
Infusión equilibrada a base de plantas Gernatur;Gerlínea;caja de 20 bolsitas.;2,00
Lecitina de soja vitaminada;Gerblé;bote de 250 g.;4,89
Mermelada de albaricoque sin azúcar;Gerblé;frasco de 380 g.;1,96
Mermelada de cereza sin azúcar sacarosa;Santiveri;frasco de 325 g.;2,70
Mermelada de ciruela sin azúcar;Gerblé;frasco de 380 g.;1,96
Mermelada de ciruela sin azúcar sacarosa;Santiveri;frasco de 325 g.;2,10
Mermelada de fresa sin azúcar;Gerblé;frasco de 380 g.;1,96
Mermelada de fresa sin azúcar sacarosa;Santiveri;frasco de 325 g.;2,10
Mermelada de melocotón sin azúcar;Gerblé;frasco de 380 g.;1,96
Mermelada de melocotón sin azúcar sacarosa;Santiveri;frasco de 325 g.;2,10
Confitura de albaricoque sin azúcar añadido;Hero Diet;frasco de 280 g.;1,22
Confitura de arándanos y frambuesa sin azúcar añadido;Hero Diet;frasco de 280 g.;1,22
Confitura de ciruela sin azúcar añadido;Hero Diet;frasco de 280 g.;1,31
Confitura de fresa sin azúcar añadido;Hero Diet;frasco de 280 g.;1,22
Confitura de melocotón sin azúcar añadido;Hero Diet;frasco de 280 g.;1,22
Tostadas con salvado;Santiveri;paguete de 125 g.;1,55
Roscos integrales;Santiveri;paquete de 225 g.;1,45
Tortitas de arroz integral;Santiveri;paquete de 130 g.;1,11
Tortitas de arroz integral;Bio Century;paquete de 130 g.;1,23
Tortitas de arroz integral sin sal;Bio Century;paquete de 130 g.;1,23
Barras energéticas;Isostar high energy;paquete de 3 unidades, 120 g.;2,76
Bebida isotónica instantánea Electrolitos;Santiveri;caja de 6 sobres, 120 g.;3,20
Protein 90 sabor vainilla instantáneo;Santiveri;bote de 225 g.;5,98
Bebida isotónica de naranja;Gold de Carrefour;lata de 33 cl.;0,26
Bebida isotónica;Gold de Carrefour;lata de 33 cl.;0,26
Bebida isotónica;Aquarius;lata de 33 cl.;0,49
Bebida isotónica;Aquarius;botella de 1 l.;1,17
Bebida isotónica de naranja;Aquarius;lata de 33 cl.;0,49
Bebida isotónica de naranja;Aquarius;botella de 1 l.;1,17
Bebida energética;Guarana natural;lata de 25 cl.;1,23
Bebida energética isotónica High Effort Endurance;Hero;brik de 33 cl.;0,99
Bebida energética hipotónica High Effort Sprint;Hero;brik de 33 cl.;0,81
Bebida isotónica de limón;Isostar;bote de 425 g., preparado para 5 l.;6,76
Bebida isotónica de naranja;Isostar;bote de 425 g., preparado para 5 l.;6,76
Bebida isotónica Fresh;Isostar;bote de 425 g., preparado para 5 l.;6,76
Bebida isotónica Long Energy de naranja;Isostar;bote de 790 g., preparado 5 l.;10,09
Bebida energética;Red Bull;lata de 25 cl.;1,14
Bebida de soja con calcio;Bio Century;brik de 1 l.;1,69
Bebida de soja de cultivo ecológico;Gerblé;brik de 1 l.;1,53
Batido de soja Calcimel;Santiveri;brik de 1 l.;1,91
Postre de soja, soya crem de chocolate;Santiveri;vaso de 125 g.;0,90
Postre de soja, soya crem de vainilla;Santiveri;vaso de 125 g.;0,90
Postre de soja, soya yofu de fresa;Santiveri;vaso de 125 g.;0,90
Postre de soja, soya yofu de macedonia;Santiveri;vaso de 125 g.;0,90
Ambientador absorbeolores Lavanda;Carrefour;2 unidades de 150 g.;1,80
Ambientador absorbeolores Pino;Carrefour;2 unidades de 150 g.;1,80
Ambientador absorbeolores Lavanda;Brise;2 unidades de 150 g.;2,45
Ambientador absorbeolores Marine;Brise;2 unidades de 150 g.;2,45
Ambientador absorbeolores Pino;Brise;2 unidades de 150 g.;2,45
Ambientador Deo-Stick 2 en 1 Lavanda;Carrefour;2 unidades.;1,11
Ambientador Deo-Stick 2 en 1 Pino;Carrefour;2 unidades.;1,11
Ambientador Gel Limón;Carrefour;lata de 90 g.;1,92
Ambientador Gel Manzana;Carrefour;lata de 90 g.;1,92
Ambientador Stick'up 2 en 1 Lavanda Fresca;Air Wick;2 unidades.;2,19
Ambientador Flores Blancas;Air Wick Crystal´Air;1 unidad.;3,75
Ambientador Frutas del Bosque;Air Wick Crystal´Air;1 unidad.;3,30
Ambientador Lavanda;Air Wick Crystal´Air;1 unidad.;3,30
Ambientador Melocotón;Air Wick Crystal´Air;1 unidad.;3,30
Ambientador para el frigorífico Huevo frío;Iba;1 unidad.;2,70
Ambientador perfumador Madreselva;Iba;1 unidad.;2,34
Ambientador antihumedad absorbeolores;Humydry Compact;aparato de 450 g.;4,15
Ambientador antihumedad absorbeolores;Humydry Compact;recambio de 450 g.;2,15
Ambientador anti-humedad manzana;Humydry;caja de 1 unidad.;4,25
Ambientador para el coche Anti-Tabaco;Air Wick Crystal´ Auto;1 unidad.;3,05
Ambientador para el coche Fresh Aqua;Air Wick Crystal´ Auto;1 unidad.;3,05
"Ambientador para el coche Orange &amp; Lemon";Air Wick Crystal´ Auto;1 unidad.;3,05
Ambientador para el coche Antitabaco;Ambi-Pur Car;aparato + recambio de 8 ml.;3,95
Ambientador para el coche Aqua;Ambi-Pur Car;aparato + recambio de 8 ml.;4,15
Ambientador para el coche Vainilla;Ambi-Pur Car;aparato + recambio de 8 ml.;4,15
Ambientador para el coche Antitabaco;Ambi-Pur Car;recambio de 10 ml.;2,95
Ambientador para el coche Aqua;Ambi-Pur Car;recambio de 8 ml.;2,95
Ambientador para el coche Vainilla;Ambi-Pur Car;recambio de 8 ml.;2,95
Ambientador para el coche Mandarina;Bonodor Shaldan;lata de 80 g.;3,39
Ambientador eléctrico 2 en 1 Fresco;Carrefour;aparato + recambio de 33 ml.;3,78
Ambientador eléctrico 2 en 1 Antitabaco;Carrefour;recambio de 33 ml.;2,16
Ambientador eléctrico 2 en 1 Ambiflora;Carrefour;recambio de 33 ml.;2,16
Ambientador eléctrico 2 en 1 Fresco;Carrefour;recambio de 33 ml.;2,16
Ambientador eléctrico Antitabaco;Ambi-Pur;aparato + recambio de 25 ml.;5,98
Ambientador eléctrico Antitabaco;Ambi-Pur;recambio de 25 ml.;2,94
Ambientador eléctrico Bouquet-Fresco;Ambi-Pur de Legrain;aparato + recambio 25 ml.;5,98
Ambientador eléctrico Floral Fresco;Ambi-Pur de Legrain;aparato + recambio 25 ml.;5,98
Ambientador eléctrico Poésie;Ambi-Pur de Legrain;aparato + recambio de 25 ml.;5,98
Ambientador eléctrico Poésie;Ambi-Pur de Legrain;recambio de 25 ml.;2,94
Ambientador eléctrico Verde Fresco;Ambi-Pur de Legrain;aparato + recambio de 25 ml;5,98
Ambientador eléctrico Bouquet-Fresco;Ambi-Pur de Legrain;recambio de 25 ml.;2,94
Ambientador eléctrico Floral Fresco;Ambi-Pur de Legrain;recambio de 25 ml.;2,94
Ambientador eléctrico Verde Fresco;Ambi-Pur de Legrain;recambio de 25 ml.;2,94
Ambientador eléctrico Mandarina-Azahar;"Ambi-Pur Frutas &amp; Flores";aparato+recambio 25ml;5,98
Ambientador eléctrico Lilas-Vainilla;"Ambi-Pur Frutas &amp; Flores";recambio de 25 ml.;2,94
Ambientador eléctrico Mandarina-Azahar;"Ambi-Pur Frutas&amp;Flores";recambio de 25 ml.;2,94
Ambientador eléctrico Rosas Blancas;"Ambi-Pur Frutas &amp; Flores";aparato + recambio 25ml;5,98
Ambientador eléctrico Rosas Blancas;"Ambi-Pur Frutas &amp; Flores";recambio de 25 ml.;2,94
Ambientador eléctrico Balsámico;Ambi-Pur Natural;recambio de 25 ml.;2,94
Ambientador eléctrico Herbal;Ambi-Pur Natural;recambio de 25 ml.;2,94
Ambientador eléctrico Clarity;Ambi-Pur Purity;aparato + recambio de 25 ml.;6,80
Ambientador eléctrico Serenity;Ambi-Pur Purity;aparato + recambio de 25 ml.;6,80
Ambientador eléctrico Clarity;Ambi-Pur Purity;recambio de 25 ml.;2,94
Ambientador eléctrico Serenity;Ambi-Pur Purity;recambio de 25 ml.;2,94
Ambientador eléctrico Perfume;Kill-Paff;2 aparatos + 1 recambio de 33 ml.;6,95
Ambientador eléctrico;Kill-Paff;2 recambios Fresco + 1 Neutralizador de 33 ml.;6,52
Ambientador eléctrico Antitabaco;Kill-Paff;recambio de 33 ml.;3,06
Ambientador eléctrico Cítrico - Esencias Aromaterapia;Kill-Paff;recambio 33 ml.;3,78
Ambientador eléctrico - Esencias Aromaterapia;Kill-Paff;aparato+2 recambios 33 ml.;8,99
Ambientador eléctrico Lavanda - Esencias Aromaterapia;Kill-Paff;recambio 33 ml.;3,78
Ambientador mecha 2 en 1 Flores;Carrefour;bote de 375 ml.;2,85
Ambientador mecha activa 2 en 1 Manzana Verde;Air Wick;bote de 375 ml.;2,75
Ambientador mecha activa 2 en 1 Neutrair;Air Wick;bote de 375 ml.;2,85
Ambientador mecha perfume Citrus;Ambi-Pur Permanente;bote de 75 ml.;3,25
Saquitos antipolillas perfumados Cedro;Mimosín;caja de 3 unidades.;2,65
Ambientador Frescor Floral;Vernel;paquete de 6 bolsitas.;2,69
Ambientador Frescor Melocotón;Vernel;paquete de 3 bolsitas.;2,69
Ambientador Frescor Pétalos de Rosa;Vernel;paquete de 3 bolsitas.;2,69
Bolsa Pot Pourri amarillo;Devineau;1 unidad.;2,37
Extracto perfume natural de frutas rojas;Devineau;frasco de 18 ml.;5,38
Spray ambientador 2 en 1 Flores Silvestres;Carrefour;bote de 300 ml.;1,53
Spray ambientador 2 en 1 Lavanda;Carrefour;bote de 300 ml.;1,53
Spray ambientador 2 en 1 Pino;Carrefour;bote de 300 ml.;1,53
Spray ambientador Cashmere;Ambi-Pur Instant Perfume;bote de 100 ml.;3,80
Spray ambientador Rainforest;Ambi-Pur Instant Perfume;bote de 100 ml.;3,80
Spray ambientador Tendresse;Ambi-Pur Instant Perfume;bote de 100 ml.;3,80
Spray ambientador para el baño;Ambi-Pur;bote de 400 ml.;2,30
Spray ambientador Rosas de Verano;Air Wick Natura et Flowers;bote de 300 ml.;1,88
Spray ambientador Lavanda;Brise;bote de 300 ml.;2,16
Spray ambientador Marine;Brise;bote de 300 ml.;2,16
Spray ambientador Jazmín;Brise Naturalia;bote de 300 ml.;2,16
Ambientador Marine;"Brise Toque &amp; Fresh";aparato+recambio microdifusor de 10 ml.;3,61
Ambientador Marine;"Brise Toque &amp; Fresh";recambio microdifusor de 10 ml.;2,75
Ambientador Flores Frescas;Brise Un - Toque;aparato + recambio microdifusor 10 ml.;2,25
Minispray ambientador Lavanda;Brise Un - Toque;aparato+recambio microdifusor 10 ml;2,25
Ambientador Manzana Verde;Brise Un - Toque;aparato + recambio microdifusor 10 ml.;2,25
Minispray ambientador Marine;Brise Un - Toque;aparato+recambio microdifusor 10 ml.;2,25
Minispray ambientador Lavanda;Brise Un - Toque;recambio microdifusor de 10 ml.;1,84
Ambientador Flores Frescas;Brise Un - Toque;recambio microdifusor 10 ml.;1,72
Ambientador Manzana Verde;Brise Un - Toque;recambio microdifusor 10 ml.;1,72
Minispray ambientador Marine;Brise Un - Toque;recambio microdifusor de 10 ml.;1,84
Vela ambientador Frescor Primavera;Brise Naturalia;1 unidad.;3,00
Vela ambientador Frutos en Flor;Brise Naturalia;1 unidad.;3,00
Vela Parfums de Fleurs blanches  Anti-tabac;Devineau;1 unidad.;5,98
Vela Parfums de Fleurs Coeur de Rose Anti-tabac;Devineau;1 unidad.;5,98
Vela Parfums de Fleurs Lavanda Anti-tabac;Devineau;1 unidad.;5,98
Vela vaso cristal Parfums de Fleurs Coeur de Rose;Devineau;1 unidad.;5,98
Vela vaso cristal Parfums de Fleurs Lavande;Devineau;1 unidad.;5,98
Saquitos antipolillas perfumados Cedro;Mimosín;caja de 3 unidades.;2,65
Bolas antipolillas perfumadas lavanda;Orion;bolsa de 200 g.;1,35
Colgador antipolillas perfume lavanda;Carrefour;bolsa de 3 unidades.;1,20
Pinza antipolillas Stop;Orion;bolsa de 2 unidades.;2,72
Pinza antipolillas ambientador bosque;Orion;bolsa de 2 unidades.;1,35
Pinza antipolillas ambientador floral;Orion;bolsa de 2 unidades.;1,35
Pinza antipolillas ambientador lavanda;Orion;bolsa de 2 unidades.;1,35
Pinza antipolillas perfumada con esencias de cedro;Polil;bolsa de 3 unidades.;1,77
Pinza antipolillas perfumador aroma lavanda;Polil;bolsa de 2 unidades.;1,77
Colgador antipolillas con esencia de Lavanda Natural;Raid;2 recambios.;1,40
Pañuelos blancos 4 capas;Carrefour;12 paquetes x 10 unidades.;1,90
Pañuelos blancos Mini 3 capas;Carrefour;15 paquetes x 10 unidades.;1,10
Pañuelos blancos;Colhogar Compact;18 paquetes x 10 unidades.;1,35
Pañuelos blancos 4 capas;Kleenex;10 paquetes x 9 unidades.;1,11
Pañuelos blancos 4 capas;Scottex;10 paquetes x 9 unidades.;1,05
Pañuelos blancos 4 capas;Scottex;15 paquetes x 9 unidades.;1,49
Pañuelos Balsam 4 capas;Scottex;12 paquetes x 10 unidades.;1,75
Pañuelos Mentol 4 capas;Scottex;10 paquetes x 9 unidades.;1,15
Papel higiénico compacto doble capa;Carrefour;paquete de 6 rollos.;2,40
Papel higiénico dos capas;Carrefour;paquete de 24 rollos.;4,80
Papel higiénico dos capas;Carrefour;paquete de 32 rollos.;5,99
Papel higiénico dos capas perfumado Mandarina;Carrefour;paquete de 6 rollos.;1,29
Papel higiénico dos capas perfumado Vainilla;Carrefour;paquete de 6 rollos.;1,29
Papel higiénico tres capas;Carrefour;paquete de 12 rollos.;2,91
Papel higiénico;Colhogar Dermia Plus;paquete de 12 rollos.;2,85
Papel higiénico;Colhogar Dermia Plus;paquete de 24 rollos;5,49
Papel higiénico;Colhogar Dermia Plus;paquete de 26 rollos + 6 GRATIS.;6,99
Papel higiénico hidrófilo;Colhogar;paquete de 12 rollos.;3,25
Papel higiénico;"Renova Fresh &amp; Clean";paquete de 12 rollos.;3,25
Papel higiénico;Scottex;paquete de 12 rollos.;2,99
Papel higiénico;Scottex;paquete de 24 rollos.;5,55
Papel higienico;Scottex;paquete de 32 rollos.;7,35
Papel higiénico tres capas Acolchado;Scottex;paquete de 9 rollos;2,79
Papel higiénico Ahorra Espacio;Scottex;paquete de 30 rollos.;6,59
Papel higiénico Doble Rollo;Scottex;paquete de 6 rollos.;2,99
Papel de cocina doble capa;Carrefour;paquete de 4 rollos.;1,85
Papel de cocina con círculos super-absorbentes;Colhogar;paquete de 4 rollos.;1,65
Papel de cocina con círculos super-absorbentes;Colhogar;paquete de 8 rollos.;3,06
Papel de cocina antibacteriano;Renova Cúmplice;paquete de 2 rollos.;0,87
Papel de cocina;Scottex Casa;paquete de 4 rollos.;1,69
Papel de cocina;Scottex Casa;paquete de 6 rollos.;2,29
Papel de cocina;Scottex Casa Maxi;paquete de 3 rollos.;2,30
Tissues blancos 3 capas;Carrefour;caja de 90 unidades.;0,90
Tissues blancos 3 capas;Renova Passion;caja de 80 unidades.;1,20
Tissues blancos 3 capas;Scottex;caja de 70 unidades.;0,99
Toallitas frescas;Carrefour;petaca de 40 unidades.;0,99
Toallitas húmedas bebé sin alcohol;Carrefour;bote de 200 unidades.;3,40
Toallitas bebé;Dodot Dermo Active;recambio de 24 unidades.;1,50
Toallitas bebé;Dodot Dermo Active;recambio de 72 unidades.;2,90
Toallitas bebé;Dodot Dermo Active;recambio de 100 unidades + 44 GRATIS.;3,00
Toallitas bebé;Monbebé;recambio de 72 unidades.;2,50
Servilletas blancas;Carrefour;paquete de 80 uds. de 33*33 cm.;0,78
Servilletas blancas;Carrefour;paquete de 160 uds. de 33*33 cm.;1,47
Servilletas amarillas;Carrefour;paquete de 20 uds. de 33*33 cm.;1,89
Servilletas amarillas;Carrefour;paquete de 20 uds. de 39*39 cm.;2,19
Servilletas azules;Carrefour;paquete de 20 uds. de 33*33 cm.;1,89
Servilletas azules;Carrefour;paquete de 20 uds. de 39*39 cm.;2,19
Servilletas rojas;Carrefour;paquete de 20 uds. de 33*33 cm.;1,89
Servilletas rojas;Carrefour;paquete de 20 uds. de 39*39 cm.;2,19
Servilletas Estilo;Scottex;paquete de 70 uds.;0,84
Servilletas Decor;Scottex;paquete de 140 uds.;1,53
Servilletas;Renova Uno!;#¿NOMBRE?;0,63
Servilletas Decorata Party;Mickey for Kids;paquete de 20 uds.;2,07
Servilletas;Looney Tunes;paquete de 80 uds. de 30*30 cm.;5,98
Servilletas Piolín;Festintavola;paquete de 20 uds. de 33*33 cm.;2,07
Papel de aluminio;Carrefour;rollo de 16 m.;1,25
Papel de aluminio;Carrefour;rollo de 30 m.;2,80
Papel de aluminio Suprem doble capa;Albal;rollo de 6 m.;1,90
Papel de aluminio;Albal;rollo de 20 m.;2,20
Papel de aluminio;Albal;rollo de 30 m.;2,78
Papel de aluminio;Albal;rollo de 100 m.;9,00
Bolsas de congelación pequeñas con cierre Zip;Carrefour;caja 20 uds de 18 x 20 cm.;1,19
Bolsas de congelación pequeñas;Albal;caja de 40 uds. de 19 x 24 cm.;2,15
Bolsas de congelación medianas;Carrefour;caja de 50 uds. de 22 x 35 cm.;0,90
Bolsas de congelación grandes;Carrefour;caja de 25 uds. de 30 x 45 cm.;0,79
Bolsas de congelación grandes;Albal;caja de 15 uds. de 32 x 50 cm.;2,15
Bolsas de congelación surtidas;Albal;caja de 15 pequeñas + 15 medianas.;2,93
Bolsas de conservación;Albal;caja de 30 uds. de 25 x 32 cm.;1,42
Bolsas de cubitos;Albal;caja de 20 uds.;1,35
Bolsas para asar;Albal;caja de 12 uds. de 25 x 40 cm.;2,60
Bolsas de papel para bocadillos;Albal;caja de 30 uds. de 32 x 16 cm.;2,04
Bolsas para bocadillos;Albal;caja de 50 uds. de 17 x 24 cm.;1,05
Papel para horno;Albal;caja de 8 m.;1,99
Film transparente;Carrefour;rollo de 30 m.;1,25
Film transparente 2 en 1;Albal;rollo de 15 m.;1,94
Film transparente;Albal;rollo de 50 m.* 0,295 m.;1,69
Carcomín;Cruz Verde;spray de 250 ml.;3,11
Insecticida matacucarachas;Carrefour;spray de 400 ml.;1,86
Insecticida contra cucarachas y hormigas;Baygon;spray de 600 ml.;6,58
Insecticida líquido contra cucarachas y hormigas;Bio Kill;pistola de 500 ml.;3,72
Insecticida contra cucarachas y hormigas;Cucal;bote de 400 ml.;4,19
Insecticida líquido contra cucarachas;Cucal Micro-tech;pistola de 400 ml.;5,26
Trampa Doble Cebo contra cucarachas y hormigas;Cucal;caja de 6 unidades.;4,08
Insecticida contra cucarachas y hormigas;Raid Max;spray de 400 ml.;4,26
Cebos para cucarachas Sistema Exterminador;Raid;caja de 6 unidades.;4,44
Insecticida en polvo contra insectos reptantes;ZZ Cooper;bote de 200 g.;1,65
Insecticida eléctrico continuo antimosquitos;Carrefour;aparato + recambio de 33 ml;3,78
Insecticida eléctrico antimosquitos continuo;Carrefour;recambio de 33 ml.;2,16
Insecticida eléctrico contra los mosquitos;Bloom Continuo;difusor + recambio 23 ml;5,50
Insecticida eléctrico contra los mosquitos;Bloom Continuo;recambio de 23 ml.;2,73
Insecticida eléctrico;Fogo;caja de 1 difusor + 10 pastillas.;3,55
Insecticida eléctrico;Fogo;recambio de 30 pastillas.;2,10
Insecticida eléctrico;Fogo Electronic;difusor + recambio de 50 ml.;5,40
Insecticida eléctrico;Fogo Electronic;recambio de 50 ml.;3,15
Insecticida eléctrico antimosquitos;Kill-Paff;2 aparatos + 1 recambio de 33 ml.;6,82
Insecticida eléctrico antimosquitos;Kill-Paff;2 recambios de 33 ml.;4,26
Insecticida eléctrico líquido antimosquitos;Raid;difusor + recambio de 30 ml.;5,41
Insecticida eléctrico líquido antimosquitos;Raid;recambio de 30 ml.;2,96
Insecticida hogar y plantas;Carrefour;spray de 750 ml.;1,86
Insecticida hogar y plantas perfume lavanda;Casa Jardín;spray de 750 ml.;2,45
Insecticida moscas y mosquitos + Insecticida hogar;Fogo;2 spray de 750 ml.;3,65
Insecticida hogar y plantas frescor floral;Raid Max;spray de 750 ml.;2,70
Insecticida contra cucarachas y hormigas;Baygon;spray de 600 ml.;6,58
Insecticida líquido contra cucarachas y hormigas;Bio Kill;pistola de 500 ml.;3,72
Insecticida contra cucarachas y hormigas;Cucal;bote de 400 ml.;4,19
Trampa Doble Cebo contra cucarachas y hormigas;Cucal;caja de 6 unidades.;4,08
Insecticida contra cucarachas y hormigas;Raid Max;spray de 400 ml.;4,26
Insecticida en polvo contra insectos reptantes;ZZ Cooper;bote de 200 g.;1,65
Insecticida voladores mata moscas y mosquitos;Carrefour;spray de 750 ml.;1,86
Insecticida concentrado contra mosquitos;Bloom Max;spray de 400 ml.;2,40
Insecticida para exteriores contra mosquitos;Bloom;1 aparato + 3 recambios.;6,30
Insecticida para exteriores contra mosquitos;Bloom;5 recambios.;3,74
Insecticida moscas y mosquitos + Insecticida hogar;Fogo;2 spray de 750 ml.;3,65
Insecticida contra moscas y mosquitos frescor herbal;Raid Max;spray de 750 ml.;2,76
Cebo contra ratones;Raticruz de Cruz Verde;caja de 5 bolsitas de 20 g.;2,58
Cebo de ratas;Raticruz de Cruz Verde;caja de 5 bolsitas de 50 g.;3,72
Ahuyentador electrónico de hormigas;Radarcan;1 unidad.;32,27
Activador del lavado líquido para ropa de color;Carrefour;botella de 1 l.;0,74
Activador del lavado en polvo sin lejía;Kalia;maleta de 2,4 kg.;4,99
Activador del lavado en polvo sin lejía;Kalia;maleta de 800 g.;1,85
Activador del lavado en pastillas sin lejía;Kalia Actionball;caja de 20 unidades.;4,95
Activador del lavado en pastillas sin lejía;Kalia Actionball;caja de 6 unidades.;1,91
Activador del lavado líquido sin lejía;Kalia;botella de 1 l.;1,85
Activador del lavado líquido sin lejía;Kalia;botella de 3 l.;4,99
Agua de plancha desmineralizada;Carrefour;botella de 2 l.;0,95
Agua de plancha perfumada;Mimosín Vaporesse;bote de 1 l.;1,85
Agua de plancha perfumada Frescor Azul;Vernel;bote de 1 l.;2,34
Antical lavadora en polvo;Calgón;maleta de 950 g.;0,95
Apresto;Omino Bianco;spray de 500 ml.;2,65
Apresto instantáneo para planchado;Toke;spray de 500 ml.;3,15
Apresto plancha fácil;Toke;pistola de 500 ml.;2,75
Producto para plancha anti-calcáreo;Toke;bote de 500 ml.;2,85
Blanqueador líquido;Azul Brasso;bote de 250 ml.;1,89
Blanqueador en polvo;Azul Brasso;caja de 12 bolsitas.;1,89
Detergente en polvo a mano;Wipp Express;maleta de 600 g.;2,15
Jabón natural;Lagarto;3 pastillas de 250 g.;1,89
Jabón de Marsella natural;Omino Bianco;2 pastillas de 300 g.;1,95
Detergente líquido en cápsulas;Carrefour;caja de 24 unidades.;5,25
Detergente en polvo;Carrefour;maleta de 36 cacitos.;5,07
Detergente en polvo;Carrefour;maleta de 54 cacitos.;5,85
Detergente en polvo;Ariel Essential;maleta de 18 cacitos.;5,39
Detergente en polvo;Ariel;maleta de  22 cacitos.;6,05
Detergente en polvo;Ariel Essential;maleta de 36 cacitos.;10,29
Detergente en polvo;Ariel Essential;maleta de 54 cacitos.;10,29
Detergente en polvo;Ariel Essential Alpine;maleta de 54 cacitos.;10,29
Detergente más suavizante en polvo;Bold 2 en 1 verde;maleta de 36 cacitos;8,99
Detergente en polvo;"Colon ""efecto lejía""";maleta de 18 cacitos.;5,00
Detergente en polvo;"Colon ""efecto lejía""";maleta de 36 cacitos.;9,25
Detergente en polvo;"Colon ""efecto lejía""";maleta de 54 cacitos.;13,35
Detergente en polvo Antibacterias;"Colon ""efecto lejía""";maleta de 32 cacitos.;9,25
Detergente en polvo refuerzo Antigrasa;"Colon ""efecto lejía""";maleta de 32 cacitos.;9,15
Detergente en polvo;Dixan Energía Azul;maleta de 18 cacitos.;4,85
Detergente en polvo;Dixan Energía Azul;maleta 36 cacitos.;8,95
Detergente en polvo;Dixan Energía Azul;maleta de 54 cacitos.;4,05
Detergente en polvo;Elena;maleta de 36 cacitos.;6,99
Detergente en polvo;Elena;maleta de 54 cacitos.;10,25
Detergente en polvo al Jabón Natural;Elena;maleta de 32 cacitos.;6,99
Detergente en polvo con fijador de colores;Micolor;maleta de 16 cacitos.;4,25
Detergente en polvo con fijador de colores;Micolor;maleta 22 cacitos.;5,55
Detergente en polvo;Skip;maleta de 18 cacitos.;5,25
Detergente en polvo;Skip;maleta de 36 cacitos.;14,55
Detergente en polvo;Skip Planchado Fácil;maleta de 32 cacitos.;14,55
Detergente en polvo;Surf;maleta de 36 cacitos.;8,79
Detergente en polvo;Surf;maleta de 54 cacitos.;12,95
Detergente en polvo;Wipp Progress;maleta de 18 cacitos.;5,15
Detergente en polvo;Wipp Progress;maleta de 36 cacitos.;9,89
Detergente en polvo;Wipp Progress;maleta de 54 cacitos.;14,20
Detergente en polvo;Wipp Higiene;maleta de 32 cacitos.;9,89
Detergente en pastillas;Carrefour;caja de 24 unidades.;6,31
Detergente en pastillas;"Colon ""efecto lejía""";caja de 32 unidades.;5,00
Detergente en pastillas;"Colon ""efecto lejía""";caja de 64 unidades.;9,25
Detergente en pastillas;"Colon ""efecto lejía""";caja de 96 unidades.;13,35
Detergente en pastillas;Elena;caja de 64 unidades.;6,99
Detergente en pastillas;Puntomatic;caja de 48 unidades.;3,75
Detergente en pastillas;Puntomatic Color;caja de 48 unidades.;3,75
Detergente en pastillas;Skip Tablets;caja de 32 unidades.;5,25
Detergente en pastillas;Skip Tablets;caja de 80 unidades;14,55
Detergente en pastillas;Skip Tablets Planchado Fácil;caja de 56 unidades.;8,79
Detergente líquido concentrado a máquina;Carrefour;botella de 20 dosis/ 1,5 l.;2,76
Detergente líquido concentrado a máquina;Carrefour;botella de 40 dosis/ 3 l.;10,29
Detergente líquido;Colon;botella de 22 dosis/ 2 l.;5,00
Detergente líquido al Jabón de Coco;Colon;botella de 22 dosis/ 2 l.;4,95
Detergente líquido;Colon;botella de 44 dosis/ 4 l.;9,25
Detergente líquido;Colon;botella de 66 dosis/ 6 l.;13,35
Detergente con quitamanchas;Dixan Gel Energía Azul;botella de 22 dosis/ 2 l.;4,85
Detergente con quitamanchas;Dixan Gel Energía Azul;botella de 44 dosis/ 4 l.;8,85
Detergente;Elena Gel;botella de 22 dosis/ 2 l.;4,05
Detergente líquido al Jabón Natural;Elena;botella de 22 dosis/ 2 l.;3,99
Detergente;Micolor Gel;botella de 22 dosis/ 2 l.;5,55
Detergente líquido;Micolor Negro Mágico;botella 24 dosis./ 1,5 l.;5,55
Detergente con jabón de Marsella;Omino Bianco;botella de 17 dosis/1,5 l.;7,30
Detergente líquido con jabón Marsella musgo blanco;Omino Bianco;botella 17 dosis/1,5 l.;7,30
Detergente con quitamanchas;Wipp Gel Activo;botella de 22 dosis/ 2 l.;5,15
Detergente líquido con quitamanchas;Wipp Gel Activo;botella de 44 dosis/ 4 l.;9,89
Detergente líquido al jabón natural;Wipp;botella de 22 dosis/ 2 l.;5,15
Detergente líquido al jabón natural;Wipp;botella de 44 dosis/4 l.;9,89
Lejía lavadora Blancura Total;Carrefour;botella de 2 l.;0,60
Lejía lavadora Blancura Total;Carrefour;garrafa de 5 l.;1,20
Lejía;Ace;garrafa de 4 l.;1,99
Lejía amarilla;Conejo;botella de 2 l.;1,08
Lejía amarilla;Conejo;botella de 4 l.;1,85
Lejía perfumada Frescor Floral;Conejo;botella de 2 l.;1,08
Lejía perfumada Brisa Marina;Neutrex;botella de 2 l.;1,25
Lejía blanca;Neutrex;botella de 2 l.;1,25
Lejía blanca;Neutrex;garrafa de 4 l.;1,92
Lejía perfumada Fresco Perfume;Neutrex;botella de 2 l.;1,25
Lejía densoelástica;Neutrex Futura;botella de 2 l.;1,50
Lejía densoactiva al Jabón Natural;Neutrex Futura;botella de 2 l.;1,19
Lejía densoelástica perfumada;Neutrex Futura Menta;botella de 2 l.;1,50
Activador del lavado Color;Carrefour;botella de 2 l.;1,40
Lejía con acción disuelvemanchas;Neutrex Color;botella de 1 l.;1,95
Lejía con acción disuelvemanchas;Neutrex Color;botella de 2 l.;3,25
Lejía Gel;Neutrex Multicolada;botella de 1 l.;1,95
Lejía Gel;Neutrex Multicolada;botella de 2 l.;3,70
Detergente líquido prendas delicadas lavado a máquina;Carrefour;botella de 1 l.;3,25
Detergente líquido prendas delicadas;Mimosín Lana Seda;botella de 750 ml.;2,29
Detergente líquido prendas delicadas a mano;Norit;botella de 750 ml., 30 lavados.;2,40
Detergente líquido prendas delicadas a mano;Norit;botella de 1250 ml., 50 lavados.;3,65
Detergente líquido prendas delicadas a máquina;Norit;botella 750 ml., 25 lavados.;2,40
Detergente líquido prendas delicadas a máquina;Norit;botella 1250 ml., 42 lavados.;3,65
Detergente gel prendas delicadas a mano;Perlan;botella de 1,5 l.;3,99
Detergente para prendas delicadas a máquina;Perlan;botella de 1,5 l.;4,00
Detergente líquido prendas delicadas oscuras;Woolite Noir;botella 1 l./22 lavados;3,78
Quitamanchas de tejidos a mano;Beckmann;caja de 75 g.;2,99
Quitamanchas ropa especial Bolígrafo;Beckmann;bote de 50 ml.;2,99
Quitamanchas ropa especial Grasa y Aceite;Beckmann;bote de 50 ml.;2,99
Quitamanchas ropa especial Rotulador;Beckmann;bote de 50 ml.;2,99
Disuelve manchas;Bio Shout;pistola de 500 ml.;2,79
Disuelve manchas;Bio Shout;recambio de 500 ml.;2,40
Quitamanchas en seco;Cebralín;spray de 200 ml.;3,05
Quitamanchas sin lejía;Kalia;pistola de 500 ml.;2,55
Disuelve manchas;Omino Bianco;bote de 500 ml.;0,90
"Albóndigas a la jardinera ""Platos caseros""";Carrefour;cazuelita de 410 g.;1,75
Albóndigas en salsa;Hero;lata de 430 g. (p.neto).;1,45
Albóndigas de carne;Louriño;lata de 420 g. (p.neto), 240 g. (p.esc);1,21
Codornices en escabeche;De Nuestra Tierra;lata de 400 g.;3,90
Codornices escabechadas;Collado Hnos.;lata de 400 g. (p.neto).;2,90
Perdiz escabechada;Collado Hnos.;lata de una pieza, 530 g.;12,50
Caldo gallego;Gallina Blanca;cazuelita de 335 g.;1,73
Cocido madrileño;Carrefour;lata de 440 g.;1,11
Cocido madrileño;Litoral;lata de 440 g.;1,85
Cocido madrileño;Litoral;lata de 885 g.;3,28
Escudella, cocido Catalán;Gallina Blanca;cazuelita de 335 g.;1,73
Callos con chorizo;Carrefour;lata de 380 g. (p.neto).;1,75
Callos con garbanzos;Gallina Blanca;cazuelita de 400 g.;2,20
Callos con chorizo;La Tila;lata de 610 g.;3,00
Callos a la madrileña;La Tila;lata de 610 g. (p.neto);2,67
Callos a la madrileña al vacio;Carrefour;lata de 157 g. (p.neto), 130 g. (p.esc);0,75
Ensalada mediterránea de atún;Carrefour;lata de 157 g. (p.neto), 130 g. (p.esc);0,75
Ensalada milanesa de atún;Carrefour;lata de 157 g. (p.neto), 130 g. (p.esc);0,75
Ensalada provenzal de atún;Carrefour;lata de 157 g. (p.neto), 130 g. (p.esc);0,75
Ensalada rusa de atún;Carrefour;lata de 157 g. (p.neto), 130 g. (p.esc);0,75
Ensalada de atún en salsa de perdíz;Calvo;lata de 150 g.;0,99
Ensaladilla rusa con atún;Calvo;lata de 150 g. (p.neto);0,99
Ensalada milanesa de atún claro;Garavilla;frasco de 170 g.;1,98
Ensalada mediterránea de atún claro;Garavilla;frasco de 225 g.;1,98
Ensalada Campesina;Garavilla;lata de 240 g.;2,14
Ensalada Italiana;Garavilla;lata de 240 g.;2,14
Ensalada Mexicana;Garavilla;lata de 240 g.;2,14
Ensalada californiana;Isabel;lata de 157 g. (p.neto), 130 g. (p.esc);0,93
Ensalada mediterránea de atún claro;Isabel;lata de 157 g. (p.neto), 130 g. (p.esc);0,93
Ensalada milanesa de atún claro;Isabel;lata de 157 g. (p.neto), 130 g. (p.esc);0,93
Ensalada provenzal;Isabel;lata de 157 g. (p.neto), 130 g. (p.esc);0,93
Ensaladissima mediterránea;Rianxeira;lata de 150 g.;0,93
Fabada asturiana;Carrefour;lata de 440 g. (p.neto);0,80
Fabada asturiana;Carrefour;lata de 765 g. (p.neto);1,60
"Fabada asturiana ""Platos caseros""";Carrefour;cazuelita de 410 g.;1,75
Fabada asturiana;Albo;lata de 425 g. (p.neto);1,37
Fabada asturiana;La Tila;lata de 435 g. (p.neto);1,32
Fabada asturiana;Litoral;lata de 430 g. (p.neto);1,39
Fabada asturiana;Litoral;lata de 875 g. (p.neto);0,48
"Cocido madrileño ""Platos caseros""";Carrefour;cazuelita de 410 g.;1,75
Garbanzos cocidos;Cidacos;frasco de 570 g. (p.neto), 400 g. (p.esc.).;0,60
Garbanzos cocidos;El Hostal;frasco de 570 g. (p.neto), 400 g. (p.esc);0,65
Alubias cocidas;Carrefour;frasco de  570 g. (p.neto), 400 g. (p. esc);0,48
Alubias cocidas;Cidacos;frasco de 570 g. (p.neto), 400 g. (p.esc).;0,60
"Alubias cocidas "" Judiones """;Cidacos;frasco de 540 g. (p.neto), 400 g. (p.esc);0,60
Alubias rojas cocidas;Cidacos;frasco de 570 g. (p.neto), 400 g. (p.esc.).;0,59
Alubias cocidas;El Hostal;frasco de 570 g. (p.neto), 400 g. (p.esc).;0,65
Alubias a la marinera;La Tila;lata de 425 g. (p.neto);1,62
Alubias a la vasca;Litoral;lata de 430 g. (p.neto);1,70
Pochas guisadas;Orlando;lata de 410 g. (p.neto);0,83
Lentejas cocidas;Carrefour;frasco de 570 g. (p.neto), 400 g. (p.esc);0,48
Lentejas a la riojana;Carrefour;lata de 430 g. (p.neto);0,81
"Lentejas a la riojana ""Platos caseros""";Carrefour;cazuelita de 410 g.;1,75
Lentejas cocidas;Cidacos;frasco de 570 g. (p.neto), 400 g. (p.esc.);0,60
Lentejas cocidas;El Hostal;frasco de 570 g. (p.neto), 400 g. (p.esc);0,65
Lentejas a la riojana;Gallina Blanca;cazuelita de 400 g.;1,77
Lentejas a la riojana;Litoral;lata de 430 g. (p.neto);1,37
Lentejas con chorizo;Orlando;lata de 410 g. (p.neto);0,89
Pimientos del Piquillo extra rellenos de atún;Carrefour;lata de 230 g.(p.neto);1,95
Pimientos del Piquillo rellenos de bacalao y gambas;Carrefour;lata 230 g.(p.neto);1,95
Pimientos del Piquillo extra rellenos de carne;Carrefour;lata 230 g. (p.neto);1,95
Pimientos del Piquillo extra rellenos de marisco;Carrefour;lata 230 g.(p.neto);1,95
Pimientos del Piquillo rellenos de merluza y gambas;Carrefour;lata 230 g. (p.neto);1,95
Pimientos del Piquillo extra rellenos de salmón;Carrefour;lata 230 g. (p.neto);1,95
Pimientos del Piquillo relleno de carne y jamón 4/5;Bajamar;lata 230 g. (p.neto);3,13
Pimientos del Piquillo relleno de merluza y gambas 4/5;Bajamar;lata 230 g.(p.neto);3,13
Pimientos del Piquillo rellenos de bacalao 4/6;Cidacos;lata de 210 g. (p.neto);2,27
Pimientos del Piquillo rellenos de carne 4/6;Cidacos;lata de 210 g. (p.neto);2,27
Pimientos del Piquillo rellenos de merluza y gambas;Cidacos;lata de 210 g.(p.neto);2,27
Pisto;Orlando;lata de 410 g.;1,39
Pisto con aceite de oliva;Ybarra;bote de 410 g.;1,35
Fritada Berciana;De Nuestra Tierra;frasco de 290 g. (p.neto);1,80
Fritada;Hida;lata de 400 g.;1,14
Fritada de tomate del bierzo;Ibsa;frasco de 400 g. (p.neto).;1,18
Caracoles en salsa con jamón picante;Collado Hnos.;lata de 400 g.;3,90
Corned Beef;Hereford;lata de 340 g.;3,65
Estofado de Toro al vino de Rioja;Collado Hnos.;lata de 400 g.;4,06
Manitas de cerdo condimentadas;Collado Hnos.;lata de 400 g.;1,74
Marmitako;Ortiz;lata de 325 g.;2,73
Pollo frito al ajillo con tomate;Collado Hnos.;lata de 400 g.;2,04
Pollo al Chilindrón;Gallina Blanca;cazuelita de 400 g.;2,42
Espinacas al natural;Carrefour;frasco de 660 g. (p.neto), 4250 g. (p.esc);1,05
Espinacas al natural;La Hacienda de Ybarra;frasco 660 g. (p.neto), 425 g. (p.esc);0,39
Guisantes al natural muy finos;Carrefour;3 latas de 200 g. (p.neto);1,11
Guisantes al natural muy finos;Bonduelle;lata de 400 g. (p.neto);0,90
Guisantes al natural muy finos;Bonduelle;3 latas de 200 g. (p.neto), 140 g. (p.esc.).;1,95
Guisantes cocinados extra finos;Bonduelle;frasco de 660 g.(p.neto), 465 g.(p.esc);1,79
Guisantes al natural primera finos;Molinera;3 latas de 80 g. (p.neto);1,05
Judías verdes al natural;Carrefour;frasco de 660 g. (p.neto) 360 g. (p.esc);1,05
Judías verdes finas al natural cortadas;Carrefour;lata 800g (p.neto) 455g. (p.esc);0,72
Judías verdes finas al natural extra;Carrefour;lata de 800 g(p.neto), 440 g(p.esc);0,87
Judías verdes troceadas finas;Bonduelle;frasco de 660 g. (p.neto), 360 g. (p.esc);1,26
Judías verdes planas troceadas extra;Bonduelle;frasco de 660 g. (p.neto);1,26
Judías verdes troceadas finas;Bonduelle;3 latas de 200 g. (p.neto), 110 g. (p.esc);1,98
Judías verdes troceadas al natural;La Hacienda de Ybarra;frasco de 660 g. (p.neto);1,37
Mazorquitas de maíz;Amalur;frasco de 330 g. (p.neto), 190 g. (p.esc);1,88
Maíz tierno dulce;Bonduelle;lata de 150 g. (p.neto), 140 g. (p.esc);0,68
Maíz tierno dulce;Bonduelle;3 latas 150 g. (p.neto), 140 g (p.esc);1,87
Maíz tierno dulce;Bonduelle;lata de 300 g. (p.neto), 285 g. (p.esc);0,90
Maíz dulce original;Gigante Verde;3 latas de 160 g (p.neto), 140 g. (p.esc).;1,70
Maíz dulce original;Gigante Verde;lata de 330 g. (p.neto), 285 g. (p.esc);0,80
Maíz tierno light;Gigante Verde;lata de 330 g. (p. neto), 285 g. (p. esc.).;1,22
Maíz light extra crujiente;Gigante verde;3 latas de 198 g. (p.neto), 165 g. (p.esc);2,00
Maíz blanco Gourmet;Gigante Verde;lata de 330 g. (p.neto), 285 g. (p.esc);1,11
Mini mazorcas de maíz;Gigante Verde;lata de 410 g. (p.neto), 220 g. (p.esc);1,53
Maíz dulce en grano;Hero Delicia;3 latas de 210 g. (p.neto), 130 g. (p.esc);1,86
Habas Baby;Amalur;frasco de 680 g. (p.neto), 425 g. (p.esc);1,38
Menestra de verduras;De Nuestra Tierra;frasco de 660 g. (p.neto), 440 g. (p.esc);4,06
Macedonia de verduras al natural;Carrefour;frasco de 660 g. (p.neto) 400 g.(p.esc);1,05
Macedonia de legumbres;Bonduelle;3 unidades de 130 g.;1,68
Menestra de Navarra;Bonduelle;frasco de 660 g. (p.neto), 400 g. (p.esc);3,50
Ensalada mediterránea;Bonduelle;frasco de 530 g. (p.neto) 300 g. (p.escurrido);2,05
Mezcla de verduras al natural Oriental;Bonduelle;frasco de 530g.(p.n.)300g.(p.esc);2,05
Macedonia verduras;La Hacienda de Ybarra;frasco de 660 g.(p.neto);3,10
Patatas pequeñas enteras;Bonduelle;frasco de 530 g. (p.neto), 340 g. (p.esc);1,40
Pimiento morrón entero asado;Carrefour;frasco de 225 g. (p.neto), 150 g. (p.esc);1,05
Pimientos morrones extra;Bajamar;frasco de 280 g. (p.neto), 185 g. (p.esc);1,01
Pimientos rojos extra;Carrefour;3 latas de 80 g. (p.neto);0,89
Pimientos rojos enteros;Carrefour;lata de 185 g. (p.neto), 125 g. (p.esc);0,51
Pimientos rojos enteros;Carrefour;lata de 390 g. (p.neto), 250 g. (p.esc);0,81
Pimientos del Bierzo;De Nuestra Tierra;frasco de 290 g. (p.neto), 240 g. (p.esc);3,82
Pimientos picantes del Bierzo;De Nuestra Tierra;frasco 290g.(p.neto), 240g.(p.esc);3,82
Pimientos Luesia en tira condimentado asado con leña;Bajamar;frasco 280 g.(p.neto);1,19
Pimientos asados del Bierzo con aceite de oliva;Ibsa;frasco de 285 g. (p.neto);2,60
Pimientos asados del Bierzo picantes con aceite de oliva;Ibsa;frasco 285 g(p.neto);2,60
Pimientos rojos primera;Molinera;3 latas de 80 g. (p.neto), 60 g. (p.esc);1,14
Pimientos del Piquillo enteros extra;Carrefour;lata de 230 g. (p.neto);1,47
Pimientos del Piquillo en tiras primera;Carrefour;frasco de 290 g. (p.neto);1,47
Pimientos del Piquillo en tiras al ajillo;Carrefour;frasco de 290 g. (p.neto);1,47
Pimientos del Piquillo;De Nuestra Tierra;lata de 390 g. (p.neto), 350 g . (p.esc);3,78
Pimiento del Piquillo;De Nuestra Tierra;lata de 235 g. (p.neto) 180 g. (p.escu);2,28
Pimiento del Piquillo entero extra Lodosa;De Nuestra Tierra;frasco 290 g. (p.neto);3,29
Pimientos del Piquillo enteros primera;Anko;lata de 180 g. (p.neto);1,70
Pimientos del Piquillo de Navarra;Anko;frasco de 290 g. (p.neto);2,40
Pimientos del Piquillo en trozos al ajillo;Bajamar;frasco de 280 g. (p.neto);1,61
Pimientos del Piquillo enteros extra;Bajamar;lata de 185 g. (p.neto);1,38
Pimientos del Piquillo enteros extra;Bonduelle;frasco 290 g.(p.neto) 225 g.(p.esc);1,41
Pimientos del Piquillo de Lodosa entero;Señorío de Sarria;frasco de 220 g.(p.neto);3,46
Pimientos del Piquillo extra rellenos de atún;Carrefour;lata de 230 g.(p.neto);1,95
Pimientos del Piquillo rellenos de bacalao y gambas;Carrefour;lata 230 g.(p.neto);1,95
Pimientos del Piquillo extra rellenos de carne;Carrefour;lata 230 g. (p.neto);1,95
Pimientos del Piquillo extra rellenos de marisco;Carrefour;lata 230 g.(p.neto);1,95
Pimientos del Piquillo rellenos de merluza y gambas;Carrefour;lata 230 g. (p.neto);1,95
Pimientos del Piquillo extra rellenos de salmón;Carrefour;lata 230 g. (p.neto);1,95
Pimientos del Piquillo relleno de carne y jamón 4/5;Bajamar;lata 230 g. (p.neto);3,13
Pimientos del Piquillo relleno de merluza y gambas 4/5;Bajamar;lata 230 g.(p.neto);3,13
Pimientos del Piquillo rellenos de bacalao 4/6;Cidacos;lata de 210 g. (p.neto);2,27
Pimientos del Piquillo rellenos de carne 4/6;Cidacos;lata de 210 g. (p.neto);2,27
Pimientos del Piquillo rellenos de merluza y gambas;Cidacos;lata de 210 g.(p.neto);2,27
Palmitos al natural;Dani;frasco de 410 g. (p.neto) 250 g. (p.esc);3,40
Puerros al natural primera;Collado Hnos.;frasco de 660 g.(p.neto) 400 g.(p.esc);2,76
Trozos de puerros;Gutarra;frasco de 660 g. (p.neto), 400 g. (p.esc);1,86
Zanahoria rallada en tiras;Bonduelle;frasco de 530 g. (p.neto), 280 g. (p.esc);1,30
Zanahoria muy fina extra;Gutarra;frasco de 345 g. (p.neto), 210 g. (p.esc);1,03
Zanahoria rallada;Rioverde;frasco de 345 g. (p.neto), 180 g. (p.esc);1,07
Coles de Bruselas al natural;Carrefour;frasco de 660 g. (p.neto), 425 g. (p.esc);1,05
Coles de bruselas extra;Gutarra;frasco de 660 g. (p.neto), 400 g. (p.esc);1,48
Remolacha agridulce en rodajas;Carrefour;frasco de 345 g. (p.neto), 210 g. (p.esc);0,67
Remolacha roja en rodajas;Bonduelle;frasco de 530 g. (p.neto), 305 g. (p.esc);1,30
Ensalada de remolacha en tiras;Hero;frasco de 345 g. (p.neto), 220 g. (p.esc);1,05
Tomate natural pelado primera;Carrefour;lata de 390 g. (p.neto);0,29
Tomate natural pelado primera;Carrefour;lata de 780 g. (p.neto);0,53
Tomate natural entero pelado extra;Carrefour eco;frasco de 660 g.;1,25
Tomate entero pelado primera;Cidacos;lata de 820 g. (p.neto);0,68
Tomate triturado categoría extra;Carrefour;lata de 400 g. (p.neto);0,27
Tomate tritutado;Carrefour;lata de 800 g. (p.neto);0,47
Tomate triturado primera;Carrefour eco;frasco de 660 g.;1,05
Tomate natural triturado calidad extra;Apis;lata de 931 g. (p.neto).;0,55
Tomate natural triturado con cebolla prefrita;Apis;lata de 410 g. (p.neto);0,65
Tomate triturado extra;Cidacos;lata de 400 g. (p.neto);0,38
Tomate triturado extra;Cidacos;lata de 800 g. (p.neto);0,52
Tomate al natural triturado;Ian;lata de 800 g.;0,70
Tomate natural triturado extra;Orlando;lata de 400 g. (p.neto);0,37
Tomate natural triturado extra;Orlando;lata de 800 g. (p.neto);0,54
Puré de tomate;Tomator de Starlux;lata de 410 g. (p.neto);0,43
Ventresca de atún claro en aceite de oliva;Cabo de Peñas;lata de 111 g. (p.neto);1,80
Ventresca filetes de atún claro en aceite de oliva;Calvo;lata de 115 g. (p.neto);1,89
Ventresca de atún claro en aceite de oliva;Riaxeira;lata de 111 g.(p.neto);2,55
Huevas de Bacalao;Dani;lata de 340 g. (p.neto);2,18
Huevas de Bacalao en lonchas;Ubago;lata de 200 g.;1,48
Zamburiñas a la cazuela;Albo;lata de 115 g. (p.neto), 62 g. (p.esc);2,70
Zamburiñas en salsa de vieira;Miau;lata de 113 g. (p.neto), 60 g. (p.esc);1,72
Acelgas al natural;La Hacienda de Ybarra;frasco de 660 g. (p.neto), 425 g. (p.esc);0,99
Corazones de alcachofas 6/8 piezas;Carrefour;lata de 390 g. (p.neto);1,35
Corazones de alcachofas 8/10 piezas;Carrefour;lata de 390 g. (p.neto);1,48
Corazones de alcachofas 10/12 piezas;Carrefour;lata de 390 g. (p.neto);1,65
Corazones de alcachofas 12/14 piezas;Carrefour;lata de 390 g. (p.neto);1,71
Corazones de alcachofas 16/20 piezas;Carrefour;lata de 390 g. (p.neto);2,40
Corazones de alcachofas de Tudela;De Nuestra Tierra;frasco 660g(p.neto), 400g(p.esc.);4,51
Corazones de alcachofas, mitades;Bonduelle;frasco de 540 g. (p.neto);2,90
Corazones de alcachofas 5/8 frutos;Cidacos;lata de 390 g. (p.neto);1,50
Corazones de alcachofas 6/8 al natural;Molinera;lata de 390 g. (p.neto);1,82
Corazones de alcachofas 8/10 piezas;Molinera;lata de 390 g.(p.neto), 240 g.(p.esc);1,82
Corazones de alcachofas 10/12 al natural;Molinera;lata de 390 g. (p.neto);2,29
Apio rallado en tiras;Bonduelle;frasco de 530 g. (p.neto), 280 g. (p.esc);1,29
Ensalada de Apio en tiras;Rioverde;frasco de 345 g. (p.neto), 180 g. (p.esc);1,07
Brotes de soja;Bonduelle;3 latas de 200 g. (p.neto), 90 g. (p.esc);2,09
Brotes de ajo troceados;Gutarra;frasco de 215 g. (p.neto), 120 g. (p.esc);0,86
Brotes de soja;Hero;frasco de 330 g. (p.neto), 175 g. (p.esc);1,04
Borraja al natural;Carrefour;frasco de 660 g. (p.neto), 400 g. (p.esc);1,05
Borraja al Natural de Navarra;De Nuestra Tierra;frasco de 660 g. (p.neto).;1,68
Borraja troceada;Gutarra;frasco de 660 g. (p.neto), 400 g. (p.esc.);1,93
Cardo al natural;Carrefour;frasco de 660 g. (p.neto), 400 g. (p.esc);1,05
Cardo al natural de La Rioja;De Nuestra Tierra;frasco de 700 g. (p,neto), 400 g. (p.esc.).;1,60
Cardo troceado;Gutarra;frasco de 660 g. (p.neto), 400 g. (p.esc);1,69
Cardo al natural;La Hacienda de Ybarra;frasco de 660 g. (p.neto), 400 g. (p.esc);1,89
Alcaparras en vinagre;Helios;frasco de 145 g. (p.neto);1,05
Alcaparras en vinagre;Hero;frasco de 155 g. (p.neto), 85 g. (p.esc);1,40
Cebollitas en vinagre;Carrefour;frasco de 345 g. (p.neto), 190 g. (p.esc);0,81
Cebollitas agridulces en vinagre puro de vino;Rioverde;frasco de 345 g. (p.neto);1,17
Champiñones enteros;Carrefour;3 latas de 185 g. (p.neto);1,71
Champiñones enteros;Carrefour;lata de 185 g. (p.neto), 105 g.(p.esc);0,57
Champiñones enteros;Carrefour;lata de 355 g. (p.neto),185 g. (p.esc);0,81
Champiñones enteros;Cidacos;lata de 150 g (p.neto) 85 g (p.esc);0,54
Champiñones enteros primera;Cidacos;lata de 355 g. (p.neto), 180 g. (p.esc);1,05
Champiñones laminados;Carrefour;3 latas de 185 g. (p.neto), 105 g. (p.esc);1,25
Champiñones laminados;Carrefour;lata de 355 g. (p.neto), 185 g. (p.esc);0,65
Champiñones laminados extra;Cidacos;lata de 355 g. (p.neto), 180 g. (p.esc);0,78
Rovellones en trozos primera.;Cidacos;latas de 350 g.(p.neto) 175 g.(p.escurrido);1,20
Setas aliñadas;Carrefour;frasco de 220 g. (p.neto), 125 g. (p.esc);1,19
Setas de cardo;Ferrer;frasco de 330 (p.neto), 200 g. (p.esc);1,60
Setas variadas al natural;Ferrer;frasco de 370 (p.neto), 200 g. (p.esc);1,30
Berenjena de Almagro;De Nuestra Tierra;frasco de 780 g.;2,99
Ensalada Thailandesa;Amalur;frasco de 345 g. (p.neto) 180 g. (p.esc);1,42
Ensalada china con mazorquitas de maíz;Amalur;frasco de 330g.(p.neto) 190g.(p.esc);1,46
Gambas peladas;Carrefour;bolsa de 220 g.;2,19
Gamba a la gabardina;Pescanova;caja de 200 g.;2,94
Gambas cocidas;D'Agustin;caja de 400 g. 56-72 piezas;4,66
Gamba cocida;Delfín;caja de 750 g. 90 -120 piezas;14,71
Gamba plancha;Delfín;bandeja de 500 g.;9,75
Gamba pelada;Delfín;bolsa de 200 g;2,70
Gamba pelada;Delfín;caja de 800 g.;8,82
"Gambas al ajillo ""A la Mesa""";Pescanova;caja de 200 g.;4,25
Langostinos;Carrefour;caja entre 45 y 60 ud, 750 g.;10,01
Langostino real crudos, marfil-cola azul;Carrefour;caja de 800 g. 16-24 piezas;19,95
Langostino cocido;Delfín;caja de 750 g.;14,95
Langostino crudo;Delfín;caja de 800 g. 50-80 piezas;22,81
Langostino crudo;Delfín;caja de 700 g. 20-35 piezas;22,00
Langostino del Mediterráneo;Delfín;caja de 400 g.,;7,27
Langostino;Delfín;caja de 1.500 g. 30-50 piezas;19,38
Langostino crudo pequeño 48-64;Pescanova;caja de 800 g.;9,99
Langostino crudo;Defín;caja de 700 g. 35-45 piezas;16,00
Langostino Banana gigante;Pescanova;caja de 700 g. 10-18 piezas;19,82
Langostinos crudo Marfil;Pescanova;caja de 725 g. 14-18 piezas;19,82
Langostino Banana grande;Pescanova;caja de 800 g. 16-32 piezas;19,50
Langostino crudos Austral Grande;Pescanova;caja de 825 g. 24-31 piezas;14,24
Langostino crudo Austral mediano;Pescanova;caja de 825 g. 32-48 piezas;12,99
Langostino crudo austral 30/40;Pescanova;caja de 2 kg.;32,50
Langostino salvaje mediano;Pescanova;caja de 800 g. 33-48 piezas;17,75
Bocaditos de marisco;Pescanova;caja de 250 g.;2,34
Buey de Mar cocido;Pescanova;1 unidad de 1 kg. aprox.;8,29
Cigalas al natural;Carrefour;caja de 800 g.16-20 piezas;13,95
Cigalas grandes;Pescanova;caja de 800 g. 13-16 piezas;21,25
Cigalas crudas;Delfín;caja de 1.000 g., 17-20 piezas;12,92
Langosta cocida;Delfín;caja de 700 g. 1 unidad;22,35
Nécora cocida;Delfín;caja de 800 g. 6-8 piezas;13,85
Salpicón de marisco;Delfín;paquete de 400 g.;4,99
Corazones de filete de merluza;Pescanova;caja de 6 piezas, 500 g.;5,14
Filetes de merluza sin piel;Carrefour;bolsa de 400 g.;2,59
Filete de merluza sin piel;Frudesa;bolsa de 400 g.;3,55
Filetes de merluza sin piel;Pescanova;bolsa de 400 g.;6,81
Filetes de merluza grandes;Pescanova;bolsa entre 3 y 5 piezas, 600 g.;5,99
Lomos de merluza;Frudesa;caja entre 5 y 6 piezas, 400 g.;4,41
Lomos de merluza;Pescanova;caja entre 4 y 5 piezas, 400 g.;4,29
Rodasanas de merluza;Pescanova;caja de 400 g.,4 unidades.;4,07
Supremas de filete de merluza;Pescanova;caja entre 4 y 5 piezas, 400 g.;4,59
Ventrescas de merluza;Pescanova;caja entre 5 y 8 piezas, 400 g.;3,73
Filetes de merluza empanados;Carrefour;caja de 400 g.;2,33
Filetes de merluza empanado a los 3 cereales;Carrefour;caja de 250 g.;2,90
Filetes de merluza al grill con aceite oliva y finas hierbas;Carrefour;caja 250 g;2,10
Filetes de merluza al limón;Pescanova;caja de 400 g.;3,23
Peskitos;Pescanova;caja de 400 g.;3,25
Rodajas de merluza rebozadas;Carrefour;caja de 330 g.;3,01
Rodajas de merluza a la romana;Pescanova;caja de 320 g.;3,15
San Marinos con jamón y queso;Pescanova;caja de 300 g.;2,75
Surfers de merluza rebozada;Pescanova;caja de 400 g.;3,41
Varitas de merluza empanadas;Carrefour;caja de 300 g.;1,53
Varitas de merluza empanadas;Frudesa;caja de 300 g.;2,42
Varitas de merluza empanada;Pescanova;caja de 300 g.;3,85
"Ventresca de merluza a la Riojana ""A la Mesa""";Pescanova;4 unidades, 300 g.;3,45
"Ventresca de merluza en salsa verde ""A la Mesa""";Pescanova;4 unidades, 300 g.;3,45
Preparado de paella de marisco con caldo;Carrefour;bandeja de 500 g.;2,39
Preparado de paella marinera;Frudesa;bandeja de 500 g.;3,43
Calamares a la Romana;Carrefour;bolsa de 1 Kg.;4,06
Calamares a la Romana;Carrefour;bolsa de 400 g.;1,85
Calamares a la Romana;La Cocinera;bolsa de 400 g.;2,94
Calamares a la Romana;Pescanova;bolsa de 400 g.;2,98
Rabas de calamar enharinadas;Pescanova;bolsa de 400 g.;3,85
Filetes de lenguado empanados;Pescanova;caja de 300 g.;3,16
Figuras de pescado con queso y empanadas;Carrefour;caja de 300 g. 10 unidades;2,90
Nuggets de pescado;Carrefour;caja de 250 g., 17 unidades aprox.;3,65
Supremas Aguinaga;Carrefour;caja de 200 g.;3,59
Supremas aguinaga al ajillo;Carrefour;caja de 125 g.;3,30
La Gula del Norte al ajillo;Aguinaga;caja de 125 g.+REGALO Libro recetas;3,16
Colas del mar sabor langosta;Pescanova;caja de 250 g.;3,85
Muslitos de mar sabor cangrejo;Frudesa;caja de 250 g., 8 unidades.;2,94
Tronquitos de Alaska sabor cangrejo;Frudesa;paquete de 450 g.;3,59
Filetes de bacalao;Pescanova;bandeja de 400 g.;4,65
Anillas de calamar;Carrefour;bolsa de 500 g.;2,79
Anillas de calamar;Delfín;bolsa de 500 g.;2,83
Rabas de calamar;Carrefour;bolsa de 400 g.;3,01
Chipirones enharinados;Pescanova;caja de 200 g.;3,26
"Chipirones en su tinta ""A la Mesa""";Pescanova;caja de 200 g.;2,99
Filetes de limanda;Frudesa;caja de 400 g.;6,23
Filetes de lenguado Limanda;Pescanova;bolsa de 400 g.;5,85
Figuras de pescado con queso y empanadas;Carrefour;caja de 300 g. 10 unidades;2,90
Nuggets de pescado;Carrefour;caja de 250 g., 17 unidades aprox.;5,59
Pulpo cocido;Delfín;bandeja de 400 g.;11,95
Pulpo a la Gallega;Delfín;paquete de 330 g.;8,25
Pulpo a la vinagreta;Delfín;paquete de 400 g.;8,25
Centros de salmón;Pescanova;caja de 3-5 unidades, 400 g.;3,95
Tarta helada Capriccio;Camy;1 unidad de 700 ml., 6/7 raciones.;3,13
Tarta helada: Delicia de Navidad;Camy;1 unidad de 750 ml., 6/7 raciones.;4,09
Tarta Capriccio;Camy;600 ml.+REGALO Duets La Lechera;3,21
Tarta Capriccio Gaudí nata y fresa;Camy;700 ml.;2,95
Tarta Capriccio Gaudí vainilla y chocolate;Camy;700 ml.;2,95
Tarta de limón Gran Dama;Camy;600 ml.;2,75
Tarta de nata y chocolate Gran Dama;Camy;600 ml.+REGALO Duets La Lechera;2,75
Tarta laminada de nata;Carrefour;600 ml.;1,89
Tarta laminada nata;Carrefour;1200 ml.;3,10
Tarta Clásica Viennetta;Frigo;1000 ml.;3,95
Tarta dulce de leche Viennetta;Frigo;600 ml.;2,49
Tarta Clásica Viennetta;Frigo;600 ml.;2,49
Tarta Romántica Caramelo;Frigo;750 ml.;3,69
Tarta helada Carte D'Or Romántica;Frigo;1 unidad de 1000 ml.;6,65
Tarta al Whisky;Carrefour;1300 ml.;3,91
Tarta al Whisky;Miko;1000 ml.;6,47
Obleas cuadradas para helado;La Heladería de Virginias;20 unidades, 35 g.;0,18
Helado de nata y fresa;Miko;bloque de 1 l.;1,41
Helado de vainilla, nata y chocolate;Miko;bloque de 1 l.;1,41
Helado de vainilla  Cer0%+Cer0%;Miko;bloque de 750 ml.;3,49
Obleas cuadradas para helado;La Heladería de Virginias;20 unidades, 35 g.;0,18
Bombones de nata cubiertos de chocolate negro;Carrefour;3 unidades de 120 ml.;2,01
Bombones Gigantes de vainilla - chocolate con leche;Carrefour;3 ud. de 120 ml.;2,01
Bombones Gigantes de vainilla - chocolate con almendras;Carrefour;3 ud. de 120 ml.;2,01
Bombones Gigantes de vainilla - chocolate blanco;Carrefour;3 ud. de 120 ml.;2,01
Bombón de nata;Carrefour;6 unidades de 80 ml.;2,31
Bombón crocanti;Carrefour;6 unidades de 80 ml.;2,31
Mini Gourmets;Carrefour;6 unidades de 45 ml.;2,20
Mini Bombones vainilla;Carrefour;8 unidades de 60 ml.;2,22
Mini Maxibon nata;Camy;caja de 6 unidades.+REGALO Duets La Lechera;3,61
Mega Almendrado;Camy;3 unidades de 115 ml.+REGALO Duets La Lechera;2,68
Mega Biscuit;Camy;3 unidades de 100 ml.+REGALO Duets La Lechera;2,68
Mega Cappuccino;Camy;3 unidades de 120 ml.+REGALO Duets La Lechera;2,68
Mega chocolate con leche;Camy;3 unidades de 120 ml.;2,68
Mega Chocolate Noir;Camy;3 unidades de 120 ml.+REGALO Duets La Lechera;2,68
Mini Mega;Camy;6 unidades+REGALO Duets La Lechera;3,48
Magnum Almendras;Frigo;4 unidades de 120 ml.;3,50
Magnum Double Chocolate;Frigo;3 unidades de 100 ml.;3,35
Magnum After Dinner;Frigo;8 unidades.;3,16
"Magnum Mini Caramel &amp; Nuts";Frigo;10 unidades de 25 ml.;2,95
Magnum Snack Size;Frigo;6 unidades de 60 ml.;3,41
Magnum Double Snack Size chocolate caramelo;Frigo;6 unidades de 60 ml.;3,41
Minissime Chocolate Cookies;Häagen-Dazs;5 unidades de 45 ml.;3,66
Minissime Vainilla Macadamia;Häagen-Dazs;5 unidades de 45 ml.;3,66
Bombones de Vainilla con Nueces de Macadamia;Häagen-Dazs;3 unidades.;3,66
Miniconos de vainilla;Carrefour;10 unidades de 25 ml.;2,20
Supercono de vainilla y chocolate con almendras;Carrefour;4 unidades de 130 ml.;2,07
Conos Mini-Choc;Miko;10 unidades de 35 ml.;3,65
Conos de vainilla y chocolate con almendras;Carrefour;4 unidades de 120 ml.;2,19
Helado de chocolate Extreme;Camy;4 unidades de 120 ml.+REGALO Duets La Lechera;3,36
Helado de vainilla Extreme;Camy;4 unidades de 120 ml.+REGALO Duets La Lechera;3,36
Cornetto Miniature avellana y caramelo;Frigo;12 unidades, 335 ml.;3,85
Cornetto Miniature vainilla y chocolate;Frigo;12 unidades, 335 ml.;3,85
Cornetto clásico;Frigo;6 unidades de 93 ml.;3,58
Cornetto nata-chocolate;Frigo;6 unidades de 93 ml.;3,58
Helado de vainilla  Cer0%+Cer0%;Miko;bloque de 750 ml.;3,49
Helado sorbete con limón 0% grasa Sveltesse;Camy;3 unidades.;2,25
Sandwich helado de nata y fresa bajo en calorías Sveltesse;Camy;3uds+REGALO Duets La Lechera;3,07
Nata Montada;Miko;tarrina 500 ml.;1,55
Helado sorbete con limón 0% grasa Sveltesse;Camy;3 unidades.;2,25
Calippo fresa;Frigo;4 unidades de 105 ml.;2,37
Calippo lima-limón;Frigo;4 unidades de 105 ml.;2,40
Calippo Mini;Frigo;8 unidades de 60 ml.;3,09
Drácula;Frigo;5 unidades de 54 ml.;2,46
Helado sabor vainilla Mikolápiz;Miko;6 unidades de 90 ml.;3,41
Helado de vainilla Mini Frutas;Carrefour;8 unidades de 45 ml.;2,15
Solero mini;Frigo;6 unidades, 320 ml.;3,34
Helado con zumo de fresa y frambuesa;Hero;6 unidades de 80 ml.;3,16
Pirulo tropical;Miko;4 unidades de 100 ml.;1,55
Mini Biscuits;Carrefour;6 unidades de 50 ml.;2,22
Krazy Roll de chocolate;Camy;4 unidades+REGALO Duets La Lechera;3,17
Krazy Roll;Camy;4 unidades de 80 ml.+REGALO Duets La Lechera;3,17
Maxibon sabor nata con chocolate;Camy;3 unidades de 165 ml+REGALO Duets La Lechera;2,88
Maxibon sabor a vainilla con chocolate con leche;Camy;3 uds.+REGALO Duets La Lechera;2,88
Sandwich helado sabor a nata;Carrefour;6 unidades de 100 ml.;2,07
Sandwich helado sabor a vainilla con chocolate;Carrefour;6 unidades de 100 ml.;2,07
Mini sandwich helado;Carrefour;4 ud. 35 ml. de vainilla + 4 ud. 35 ml. de chocolate;2,19
Sadnwich de nata;Camy;6 unidades de 100 ml.+REGALO Duets La Lechera;2,95
Sandwich de vainilla y chocolate;Camy;6 unidades de 100 ml+REGALO Duets La Lechera;2,95
Winner Taco Choco;Frigo;4 unidades de 85 ml.;2,91
Sandwich helado de nata y fresa bajo en calorías Sveltesse;Camy;3uds+REGALO Duets La Lechera;3,07
Mini sandwich de vainilla;Frigo;8 unidades de 60 ml.;3,07
Helado de chocolate con trocitos de chocolate;Carrefour;tarrina de 1 l.;3,65
Helado Sundaes de Caramelo;Frigo;4 unidades de 125 ml.;3,00
Helado de chocolate con trocitos La Cremería;Camy;tarrina 1 l+REGALO Duets La Lechera;3,52
Helado de sorbete de limón La Cremería;Camy;tarrina de 1 l+REGALO Duets La Lechera;3,52
Helado de nata y fresa La Cremería;Camy;tarrina de 1 l.+REGALO Duets La Lechera;3,52
Helado de vainilla La Cremería;Camy;tarrina de 1 l.+REGALO Duets La Lechera;3,52
Cogedor de helados;Prestige;1 unidad.;5,53
Queso Arzúa-Ulloa;De Nuestra Tierra;pieza de 1000 g. aprox.;7,48
Queso cabra de Las Alpujarras;De Nuestra Tierra;pieza de 550 g. aprox.;7,12
Queso cabrales;De Nuestra Tierra;pieza de 1000 g. aprox.;14,57
Queso oveja Idiazábal;De Nuestra Tierra;pieza de 600 g. aprox.;7,90
Quesuco vaca de Liébana;De Nuestra Tierra;pieza de 500 g. aprox.;5,40
Queso de Mahón;De Nuestra Tierra;pieza de 700 g. aprox.;7,39
Queso cabra Majorero;De Nuestra Tierra;pieza de 1500 g. aprox.;21,59
Queso de Cantabria;De Nuestra Tierra;pieza de 1000 g. aprox.;7,81
Queso de Murcia al vino;De Nuestra Tierra;pieza de 250 g. 250 g. aprox.;3,23
Queso oveja del Roncal;De Nuestra Tierra;pieza de 1000 g. aprox.;13,67
Queso oveja del Roncal;De Nuestra Tierra;pieza de 600 g. aprox.;8,62
Queso curado graso Serrat;De Nuestra Tierra;pieza de 900 g. aprox.;9,98
Queso curado graso Serrat;De Nuestra Tierra;pieza de 600 g. aprox.;7,48
Queso Tetilla de vaca;De Nuestra Tierra;pieza de 1000 g. aprox.;7,48
Queso Tetilla;Central Lechera Asturiana;por pieza. 850 g. aprox.;6,45
Tabla de quesos: Tetilla, Mahón, Cabra, Zamorano y Roncal;De Nuestra Tierra;500 g;9,58
Tabla quesos: Majorero, Mancha, Idiazabal, Cantabro, Liébana;De Nuestra Tierra;500 g;9,58
Queso Tupí;De Nuestra Tierra;tarro de 160 g.;4,14
Queso tortita Extremeña;De Nuestra Tierra;pieza de 900 g. aprox.;12,84
Queso curado Zamorano;De Nuestra Tierra;cuña de 380 g. aprox.;5,00
Quesitos;El Caserío;caja de 24 porciones, 375 g.;2,12
Queso fundido graso;El Caserío;caja de 16 porciones, 250 g.;1,45
Queso fundido graso;La Vaca que ríe;caja de 16 porciones, 250 g.;1,59
Queso fundido semigraso;Santé de Kraft;caja de 16 porciones, 250 g.;1,55
Queso fundido semigraso Light;La Vaca que ríe;caja de 16 porciones, 250 g.;1,58
"Quesitos "" Petit fresa """;El Caserío;caja de 8 porciones, 100 g.;0,85
Daditos de queso picar Apericubo;La Vaca que ríe;paquete de 24 unidades, 125 g.;1,49
Mezcla de 4 quesos rallados;El Caserío;bolsa de 140 g.;1,35
Queso rallado emmental;El Caserío;bolsa de 140 g.;1,53
Queso rallado Emmental Francés;Président;bolsa de 100 g.;0,91
Queso rallado en polvo;El Caserío;bolsa de 90 g.;0,92
Queso rallado Filatto;El Caserío;bolsa de 900 g.;7,69
Queso rallado Filatto;El Caserío;bolsa de 90 g.;0,92
Queso rallado Mozzarella Danesa;MD de T.G.T;bolsa de 200 g.;1,99
Queso rallado Parmesano;Kraft;bolsa de 40 g.;0,79
Tabla quesos: Majorero, Mancha, Idiazabal, Cantabro, Liébana;De Nuestra Tierra;500 g;9,58
Tabla de quesos: Tetilla, Mahón, Cabra, Zamorano y Roncal;De Nuestra Tierra;500 g;9,58
Queso para untar natural;Carrefour;tarrina de 200 g.;0,96
Queso para untar Light;Carrefour;tarrina de 200 g.;0,96
Queso para untar;Philadelphia;tarrina de 300 g.;2,19
Queso para untar;Philadelphia;tarrina de 200 g.;1,45
Queso para untar Light;Philadelphia;tarrina de 200 g.;1,49
Queso para untar con finas hierbas;Philadelphia;tarrina de 150 g.;1,41
Queso para untar con queso azul;Philadelphia;tarrina de 150 g.;1,41
Queso para untar con salmón;Philadelphia;tarrina de 150 g.;1,41
Queso para untar con queso azul de montaña;San Millán de Arias;tarrina de 125 g.;1,17
Queso para untar con trocitos de salmón ahumado;San Millán de Arias;tarrina 125 g.;1,17
Queso fundido graso de oveja Crème;Societé;#¿NOMBRE?;1,95
Queso fundido graso para untar Crème de Camembert;Président;tarrina de 125 g.;1,29
Queso fundido graso para untar Crème d' Emmental;Président;tarrina de 125 g.;1,37
"Crema de queso azul "" Peña Santa """;Central Lechera Asturiana;tarro de 220 g.;3,49
Queso fundido graso y bastoncitos Pik y Croq;La Vaca que ríe;4 tarrinas de 35 g.;1,59
Cerdo en salsa china agridulce;Fanya;caja de 300 g.;2,82
Cordon Bleu , con cremoso queso fundido;Carrefour;caja de 4 unidades, 360 g.;1,96
Cordon Bleu, pechuga y jamón empanado;La Cocinera;caja de 4 unidades, 360 g.;3,29
Cordon Bleu, cerdo, jamón y queso;Maggi;caja de 4 unidades, 376 g.;3,25
Delicias de jamón y queso;Maggi;caja de 6 unidades, 300 g.;2,19
Escalope Villeroi, pollo con bechamel;Carrefour;caja de 4 unidades, 360 g.;1,71
Escalope Villeroi, pollo con bechamel;Maggi;caja de 4 unidades, 360 g.;4,95
Hot Wings, porciones de pollo;Maggi;caja de 330 g.;2,96
Nuggets de pollo estilo americano con 2 salsas;Carrefour;caja de 14 unidades, 300g;2,46
Nuggets de pollo, con salsa barbacoa;Maggi;caja de 350 g.;2,96
Fast Menú, aros de cebolla, fingers de pollo, patatas fritas;Maggi;caja de 340 g.;2,79
Pollo empanado, muy crujiente;Carrefour;caja de 4 unidades, 330 g.;1,71
Pollo empanado, crujiente y rebozado;Maggi;caja de 4 unidades, 330 g.;1,71
San Jacobos de jamón y queso empanados;La Cocinera;caja de 4 unidades, 310 g.;2,52
San Jacobos de jamón y queso empanados;Maggi;caja de 4 unidades, 310 g.;1,65
Queso Roquefort Francia;Societé;cuña de 100 g.;1,99
Queso Roquefort;Societé;4 cuñas de 25 g.;2,29
Queso fundido graso de oveja Crème;Societé;#¿NOMBRE?;1,95
Queso azul tradicional;Bergader;paquete de 100 g.;1,02
Queso Bleu d´Auvergne de Valmont;Président;cuña de 100 g.;0,87
Queso;Babybel Maxi;pieza de 400 g.;3,79
Queso mini con Maasdam;Babybel;bolsa 6 unidades, 120 g.;1,85
Queso mini;Babybel;bolsa 6 unidades, 120 g.;1,85
Queso graso de cabra Sante Maure;Président;paquete de 200 g.;1,99
Queso de cabra Bellay;Besnier;paquete de 113 g.;1,35
Queso Camembert de Normandía;Carrefour;caja de 250 g.;1,57
Queso Camembert de Normandía;Président;caja de 250 g.;2,25
Queso Camembert de Normandía;Président;caja de 8 porciones, 250 g.;2,25
Queso fundido graso para untar Crème de Camembert;Président;tarrina de 125 g.;1,29
Queso Camembert Caprice des Dieux;Arias;caja de 200 g.;2,59
Queso Camembert Chamois D´or;Arias;caja de 200 g.;2,55
Queso Brie;Carrefour;cuña de 200 g.;1,49
Queso Brie;Président;cuña de 200 g.;1,84
Queso Emmental Francés;Carrefour;paquete de 250 g. aprox.;1,62
Queso Emmental en lonchas;Président;paquete de 200 g.;1,86
Queso Emmental;Président;paquete de 250 g.;2,21
Queso fundido graso para untar Crème d' Emmental;Président;tarrina de 125 g.;1,37
Queso Fondue Suizo;Fromalp;paquete de 400 g.;3,25
Fondue classic;Tiger;paquete de 400 g.;3,75
Queso blanco de vaca natural;Burgo de Arias;2 ud. 250 g.;3,09
Queso blanco pasterizado de vaca natural;Burgo de Arias;tarrina de 250 g.;1,77
Queso blanco pasterizado de vaca natural;Burgo de Arias;3 tarrinas de 75 g.;1,84
Queso fresco 0% materia grasa;Burgo de Arias;3 tarrinas de 75 g.;1,98
Queso blanco pasterizado enriquecido en Calcio;Burgo de Arias;3 tarrinas de  75 g.;1,90
Queso fresco de Burgos;Mama Luise;tarrina de 250 g.;1,69
Queso fresco graso de Burgos;Mama Luise;4 tarrinas de 62,5 g.;1,85
Queso fresco calcio;Mama Luise;4 tarrinas de 62,5 g.;2,09
Queso fresco graso de Burgos sin sal;Mama Luise;tarrina de 250 g.;1,69
Queso fresco semigraso;Quark de Danone;tarrina de 250 g.;1,14
Mascarpone Italiano;Galbani;tarrina de 250 g.;2,45
Mozzarella di Bufala campana;Galbani;tarrina 220 g.(p. n), 125 g.(p.esc);2,15
Queso fresco Mozzarella Italiana;Santa Lucia de Galbani;bolsa de 195 g. (p.neto).;1,55
Queso fresco Mozzarella Italiana;Santa Lucia de Galbani;tarrina de 160 g. (p.neto);1,59
Queso fresco Ricotta Italiana, Finetta de;Galbani;tarrina de 250 g.;1,69
Queso;Babybel Maxi;pieza de 400 g.;3,79
Queso mini;Babybel;bolsa 6 unidades, 120 g.;1,85
Queso Feta;Dodoni;paquete de 200 g.;2,59
Queso de pasta dura Grana Padano;Galbani;punta de 200 g.;4,59
Mascarpone Italiano;Galbani;tarrina de 250 g.;2,45
Queso fresco Ricotta Italiana, Finetta de;Galbani;tarrina de 250 g.;1,69
Queso Tartare blanco pasterizado con ajo y finas hierbas;Arias;tarrina de 100 g.;1,42
Queso fundido;Carrefour;caja de 16 porciones, 250 g.;1,03
Queso fundido semigraso para extender;Carrefour;paquete de 24 lonchas, 400 g.;1,89
Queso fundido semidesnatado para extender light;Carrefour;paquete de 16 lonchas,300g;1,41
Queso fundido semigraso para extender;Carrefour;paquete de 16 lonchas, 300 g.;1,25
Queso fundido graso para extender Tranchettes;Kraft;paquete de 24 lonchas, 450 g.;2,34
Queso fundido graso para extender Tranchettes;Kraft;paquete de 16 lonchas, 300 g.;1,58
Queso fundido graso para extender Tranchettes;Kraft;paquete de 8 lonchas, 150 g.;0,81
Queso fundido graso para extender;El Caserío;paquete de 16 lonchas, 375 g.;0,89
Queso fundido graso para extender Sabanitas;Hochland;paquete de 50 lonchas, 800 g.;3,59
Queso fundido graso para extender Sabanitas de Cheddar;Hochland;paquete 12 lonchas, 250 g.;1,49
Queso semicurado en lonchas;Campobello;bandeja de 200 g.;2,35
Queso tierno en lonchas;El Ventero;bandeja de 200 g.;2,09
Queso Cheddar en lonchas;T.G.T.;paquete de 200 g. 10 lonchas;1,79
Queso Gouda en lonchas;T.G.T;paquete de 200 g., 9 lonchas;1,79
Queso Mozzarella en lonchas;T.G.T;paquete de 200 g., 10 lonchas;1,79
Sobrasada de Mallorca;Carrefour;tarrina de 200 g.;1,30
Sobrasada de Mallorca de cerdo negro;De Nuestra Tierra;pieza de 338 g. aprox.;4,66
Sobrasada de Mallorca etiqueta negra;El Zagal;tarrina de 200 g.;1,64
Sobrasada de Mallorca;El Zagal;tarrina de 200 g.;1,35
Sobrasada de Ibérico;El Pozo;tarrina de 200 g.;1,17
Butifarra blanca;De Nuestra Tierra;pieza de 200 g. aprox.;1,84
Butifarra catalana;De Nuestra Tierra;pieza de 350 g. aprox.;3,11
Butifarra negra;De Nuestra Tierra;1 unidad. 250 g. aprox.;2,35
Cabeza de cerdo;Frial;sobre de 230 g. aprox.;1,38
Chicharrón frito;Valle;sobre de 10 lonchas al vacío, 290 g. aprox.;2,08
Delisandwich de cangrejo;Serrano;sobre de 16 lonchas al vacio, 280 g. aprox.;2,18
Delisandwich de langosta;Serrano;sobre de 16 lonchas al vacío, 280 g. aprox.;2,18
Compango Asturiano;De Nuestra Tierra;paquete de 4 raciones, 700 g.;10,07
Preparado fabada asturiana;De Nuestra Tierra;paquete de 950 g.;16,80
Fiambre de Luxe;Argal;sobre de 10 lonchas al vacío, 230 g. aprox.;1,79
Morcilla Asturiana;De Nuestra Tierra;paquete de 400 g.;3,88
Morcilla de Burgos de arroz;De Nuestra Tierra;pieza de 300 g. aprox.;1,29
Tabla de Ibéricos;De Nuestra Tierra;sobre de 150 g. aprox.;3,88
Morcón Ibérico de Huelva;Cantiberi;sobre de 21 lonchas al vacío, 100 g. aprox.;2,10
Surtido Ibérico;Navidul;sobre de 150 g.;4,50
Compango Asturiano;De Nuestra Tierra;paquete de 4 raciones, 700 g.;10,07
Preparado fabada asturiana;De Nuestra Tierra;paquete de 950 g.;16,80
Pechuga de pavo;Carrefour;sobre de 12 lonchas al vacío, 290 g. aprox.;2,99
Pechuga de pavo;El Pozo;sobre de 9 lonchas, 270 g. aprox.;2,16
Pechuga de pavo finíssimas Pavofrío;Campofrío;sobre de 125 g.;3,12
Pechuga de pavo con finas hierbas Pavofrío;Campofrío;pieza de 440 g.;3,49
Pechuga de pavo con setas Pavofrío;Campofrío;pieza de 440 g.;3,49
Pechuga de pavo Sanissimo;Campofrío;pieza de 440 g.;3,54
Jamón de pavo;Carrefour;sobre de 12 lonchas, 300 g. aprox.;2,48
Jamón de pavo cocido Pavofrío;Campofrío;pieza de 440 g.;2,52
Chopped de pavo;Carrefour;sobre de 12 lonchas, 300 g. aprox.;1,56
Chopped de pavo Pavofrío;Campofrío;pieza de 440 g.;2,31
Suprema de pollo;Campofrío;sobre de 9 lonchas al vacío, 290 g. aprox.;2,75
Trufado de pollo;Campofrío;sobre de 9 lonchas al vacío, 270 g. aprox.;2,15
Pechuga suprema de pollo;Campofrío;pieza de 440 g.;3,13
Salami;Carrefour;sobre de 28 lonchas al vacío, 290 g. aprox.;1,91
Salami a las finas hierbas;Acueducto;sobre de 39 lonchas, 300 g. aprox.;2,51
Chopped de pavo;Carrefour;sobre de 12 lonchas, 300 g. aprox.;1,56
Chopped Beef;Carrefour;sobre de 24 lonchas al vacío, 280 g. aprox.;1,34
Chopped Beef;Campofrío;pieza de 400 g.;1,44
Chopped Pork;Carrefour;sobre de 24 lonchas al vacío, 280 g. aprox.;1,34
Chopped Pork;Campofrío;sobre de 24 lonchas al vacío, 280 g. aprox.;1,51
Chopped Pork;Campofrío;pieza de 400 g.;1,44
Chopped de lata;La Selva;sobre de 300 g. aprox.;1,97
Mortadela;Carrefour;sobre de 24 lonchas al vacío, 320 g. aprox.;1,34
Mortadela con aceitunas;Carrefour;sobre de 24 lonchas al vacío, 310 g. aprox.;1,30
Mortadela siciliana con aceitunas;Campofrío;barra de 400 g.;1,26
Mortadela selecta;Carrefour;sobre de 250 g. aprox.;1,36
Mortadela Bolonia;Fiorucci;sobre de 260 g. aprox.;2,34
Mortadela siciliana;Campofrío;pieza de 400 g.;1,35
Mortadela con aceitunas;El Pozo;pieza de 400 g.;1,20
Fuet extra;Carrefour;pieza de 175 g.;1,77
Fuet de Vic;De Nuestra Tierra;pieza de 200 g.;2,65
Espetec extra;Casa Tarradellas;pieza de 185 g. aprox.;1,65
Fuet extra;Casademont;pieza de 175 g. aprox.;1,59
Longaniza Imperial Clásica;El Pozo;pieza de 250 g.;1,95
Longaniza dulce de León;De Nuestra Tierra;pieza de 400 g. aprox.;3,18
Longaniza picante de León;De Nuestra Tierra;pieza de 400 g. aprox.;3,18
Huevo hilado;Carrefour;sobre de 9 lonchas al vacío, 300 g. aprox.;2,70
Jamón cocido sin fosfatos;Aoste;sobre de 9 lonchas al vacío, 310 g. aprox.;3,34
Jamón cocido extra;Campofrío;pieza de 440 g.;4,66
Jamón cocido;Campofrío;sobre de 7 lonchas al vacío, 310 g. aprox.;2,79
Jamón cocido dulce;Frial;sobre de 7 lonchas al vacío, 310 g. aprox.;2,23
Jamón cocido en su jugo;El Pozo;sobre de 300 g. aprox.;2,51
Paleta cocida;Carrefour;sobre de 9 lonchas al vacío, 320 g. aprox.;2,11
Fiambre de York;Campofrío;paquete de 440 g.;2,85
Fiambre de sandwich 11x11;El Pozo;sobre de 16 lonchas al vacío, 330 g. aprox.;1,97
Lacón;Valle;sobre de 7 lonchas al vacío, 300 g. aprox.;2,51
Jamón cocido finíssimas;Campofrío;sobre de 125 g.;1,49
Jamón cocido extra;Casa Tarradellas;sobre de 150 g., 5 lonchas.;1,65
Jamón cocido en lonchas;Casa Tarradellas;sobre de 150 g., 8 lonchas.;1,75
Pack de jamón y queso;Casa Tarradellas;sobre de 6 + 6 lonchas, 232 g.;2,24
Lunchables de jamón cocido;Oscar Mayer;paquete de 100 g.;1,25
Paleta york cocida en su jugo;Revilla;pieza de 1 kg.;6,39
Jamón Ibérico de Bellota D.O. Huelva;De Nuestra Tierra;pieza de 7500 g. aprox.;364,50
Jamón Ibérico de Bellota 5 Encinas;Navidul;pieza de 7300 g. aprox.;277,04
Jamón Ibérico 5 J;Sánchez Romero Carvajal;pieza de 4500 g. aprox.;218,25
Jamón Ibérico de Recebo;Celestino Gómez;pieza de 7250 g. aprox.;170,67
Jamón Ibérico extra;Mafresa;pieza de 7250 g. aprox.;157,69
Jamón Ibérico con FUNDA 3 Encinas;Navidul;pieza de 7300 g. aprox.;167,54
Paleta Ibérica 5 J;Sánchez Romero Carvajal;pieza de 3500 g. aprox.;84,04
Paleta Ibérica con FUNDA 3 Encinas;Navidul;pieza de 4800 g. aprox.;65,23
Afila cuchillos;Carrefour;1 unidad.;9,31
Cuchillo jamonero;Carrefour;1 unidad.;11,11
Jamonero plegable de pino;Inalsa;1 unidad.;13,19
Jamón curado;Carrefour;pieza de 7250 g. aprox.;55,10
Jamón Bodega Camposierra;Campofrío;pieza de 7300 g. aprox.;69,28
Jamón serrano Reserva 4 Estaciones;Navidul;pieza de 7300 g. aprox.;78,48
Jamón serrano Reserva;El Pozo;pieza de 6500 g. aprox.;27,93
Centro de jamón curado;La Cantinera;pieza de un octavo, 700 g. aprox.;13,97
Centro de jamón curado;Argal;pieza de un cuarto, 950 g. aprox.;5,28
Centro de jamón curado;Campofrío;sobre de 14 lonchas al vacío, 220 g. aprox.;3,83
Centro de jamón curado Reserva;Pedro Diego;sobre de 260 g. aprox.;4,68
Centro de paleta serrana;La Dehesa de Hijate;sobre de 150 g. aprox.;2,07
Jamón curado loncheado extrafino;Espuña;sobre de 120 g.;3,75
Jamón curado;Espuña;sobre de 12 lonchas, 250 g.;5,95
Jamón curado en tiras;Carrefour;paquete de 150 g.;2,14
Jamón de pato;De Nuestra Tierra;sobre de 50 g.;2,07
Afila cuchillos;Carrefour;1 unidad.;9,31
Cuchillo jamonero;Carrefour;1 unidad.;11,11
Jamonero plegable de pino;Inalsa;1 unidad.;13,19
Lomo;Embutidos Montblanc;sobre de 33 lonchas al vacío, 180 g. aprox.;3,24
Cabeza de lomo;Neldar;sobre de 24 lonchas, 180 g. aprox.;2,37
Lomo ibérico;Navidul;pieza de 450 g. aprox.;17,08
Lomo extra embuchado;Navidul;un tercio de pieza, 600 g. aprox.;11,69
Lomo Ibérico de  Bellota de Huelva;De Nuestra Tierra;pieza de 300 g. aprox.;11,09
Lomo Ibérico embuchado;Navidul;pieza de 1250 g. aprox.;47,24
Surtido Ibérico;Navidul;sobre de 150 g.;4,50
Paté de corzo;Carrefour;tarro de 180 g.;1,17
Paté del campo;Jean Brunet;tarro de 180 g.;1,59
Paté de jabalí;Carrefour;tarro de 180 g.;1,17
Paté de jabalí;Jean Brunet;tarro de 180 g.;1,98
Paté de jabugo;Sánchez Romero Carvajal;3 latas de 80 g.;2,10
Paté de hígado de cerdo;Carrefour;lata de 125 g.;0,87
Paté hígado de cerdo;Apis;3 latas de 80 g.;1,03
Paté de hígado de cerdo;Apis;3 latas de 80 g.;1,51
Paté de hígado de ave;Carrefour;tarro de 180 g.;1,17
Paté de hígado de cerdo;La Piara;3 latas de 83 g.;1,91
Paté de hígado de cerdo;La Piara;2 latas de 118 g.;2,19
Paté de hígado de cerdo;La Piara;lata de 118 g.;1,08
Paté de hígado de cerdo;La Piara;lata de 83 g.;0,82
Paté de hígado de cerdo bajo en calorías;La Piara;lata de 83 g.;0,98
Paté de hígado de cerdo;Mina;3 latas de 70 g.;0,84
Huevo hilado;Calidad Tradición Carrefour;bandeja de 3 unidades, 760 g. aprox.;17,43
Filete 1ªA Novillo Argentino;Calidad Tradición Carrefour;bandeja de 3 a 5 unidades, 400 g. aprox.;6,63
Solomillo de Novillo Argentino;Calidad Tradición Carrefour;bandeja de 1 unidad, 860 g. aprox.;20,05
Aleta rellena;Coren;bandeja de 3 unidades, 225 g.;1,39
Hamburguesas de pollo y pavo;Coren;bandeja de 4 unidades, 360 g.;1,88
Lote de Ibéricos (chorizo+salchichón);Navidul;#¿NOMBRE?;39,95
Lote chorizo y salchichón ibérico +Blocs foie grass Delicass;Navidul;#¿NOMBRE?;29,95
Bacon ahumado;Carrefour;sobre de 20 lonchas al vacío, 320 g. aprox.;2,24
Bacon en lonchas;Oscar Mayer;sobre de 200 g.;1,85
Bacon;La Selva;sobre de 280 g. aprox.;2,01
Cintas de bacon;Casa Tarradellas;2 unidades de 100 g.;1,75
Cintas de Bacon;Casa Tarradellas;paquete de 150 g.;1,43
Mosto blanco;Carrefour;botella de 1 l.;0,78
Mosto tinto;Carrefour;botella de 1 l.;0,78
Mosto blanco;Greip;botella de 1 l.;0,95
Mosto tinto;Greip;botella de 1 l.;0,95
Zumo multivitaminas;Carrefour;brik de 1 l.;0,85
Zumo de frutas Tropicales;Carrefour;3 minibriks de 20 cl.;0,59
Zumo de frutas tropicales;Carrefour;brik de 1 l.;0,59
Bebida isotónica Multifruta;Bi-Solán;brik de 33 cl.;0,73
Néctar 10 frutas + vitaminas sin azúcar añadido;Disfruta de Juver;brik de 2 l.;1,49
Néctar de Naranja-Piña-Coco;Granini;botella de 1 l.;1,35
Néctar de Naranja-Melocotón-Maracuyá Buenos Días;Granini;botella de 1 l.;1,39
Néctar de pomelo rosa;Granini;botella de 1 l.;1,39
Zumo de pomelo;Hero;botella de 1 l.;1,29
Néctar de zanahoria;Hero;botella de 1 l.;1,29
Néctar de frutas tropicales sin azúcar añadido;Disfruta de Juver;brik de 2 l.;1,49
Néctar de frutas Desayuno;Kasfruit;brick de 1 l.;0,76
Néctar de frutas del bosque;Kasfruit;brik de 1 l.;0,76
Néctar de frutas Merienda;Kasfruit;brik de 1 l.;0,76
Néctar multifruta;Kasfruit;brik de 1 l.;0,76
Zumo multivitaminas;Tropicana;brik de 1 l.;2,79
Zumo de naranja con pulpa;Tropicana;brik de 1 l.;2,79
Zumo de pomelo;Tropicana;brik de 1 l.;2,89
Zumo Ruby Breakfast;Tropicana;brik de 1 l.;2,79
Limonada natural;Don Simón;brik de 1 l.;2,29
Zumo de naranja;Don Simón;brik de 1 l.;2,29
Zumo de naranja;Minute Maid Premium;brik de 1 l.;2,13
Zumo de naranja con Calcio;Minute Maid Premium;brik de 1 l.;2,25
Zumo de piña;Minute Maid Premium;brik de 1 l.;2,13
Zumo de frutas Vitaltonic con vitaminas y magnesio;Minute Maid Premium;brik de 1l.;2,25
Chocolate a la taza;Carrefour;tableta de 300 g.;1,15
Chocolate a la taza;Carrefour;paquete de 400 g.;0,81
Chocolate a la taza;Valor;tableta de 300 g.;1,57
Chocolate a la taza;Paladín;bote de 600 g.;2,45
Chocolate a la taza;Valorcao;bolsa de 500 g.;1,45
Chocolate a la taza;Valorcao;bolsa de 1 kg.;2,78
Cacao soluble;Carrefour;bote 500 g.;1,05
Cacao soluble;Carrefour;bote de 900 g.;1,75
Cacao soluble;Carrefour;pack de 3k. x 3 bolsas de 1k.;5,98
Cacao instantáneo;Carrefour;bote de 800 g.;2,33
Cacao original;Cola Cao;bote de 425 g.;2,03
Cacao original;Cola Cao;bote de 800 g.;3,75
Cacao;Cola Cao;bolsa de 1.100 g.;4,20
Cacao;Cola Cao;caja de 1.200 g.;4,50
Cacao;Cola Cao;caja de 3 kg.;3,46
Cacao instantáneo;Cola Cao Turbo;caja de 2.750 g.;2,28
Cacao bajo en calorías;Cola Cao;bote de 250 g.;2,25
Cacao;Nesquik;bote de 400 g.;1,58
Cacao;Nesquik;bote de 800 g.;2,99
Cacao;Nesquik;bolsa de 1 kg.;3,46
Cacao;Nesquik;bolsa de 1.500 g.;5,41
Cacao;Nesquik;paquete de 3 kg.;8,50
Cacao soluble rico en fibra Selección;Nestlé;lata de 400 g.;2,25
Café en grano mezcla;Carrefour;paquete de 500 g.;4,57
Café mezcla superior;La Estrella;bolsa de 500 g.;11,15
Café en grano natural y torrefacto Catering;Saimaza;bolsa de 1 kg.;7,07
Café en grano natural;Carrefour;paquete de 250 g.;1,20
Café en grano natural;Carrefour;bolsa de 500 g.;2,26
"Café en grano mezcla 80% natural; 20% torrefacto Gran Aroma";Marcilla;bolsa de 1 kg;7,48
Café en grano natural;Saimaza;paquete de 250 g.;1,96
Café grano tueste natural Catering;Saimaza;bolsa de 1 Kg.;7,24
Café en grano torrefacto;Saimaza;paquete de 250 g.;2,06
Filtros para café blancos nº2;Carrefour;caja de 40 unidades.;0,60
Filtros para café blancos nº4;Carrefour;caja de 40 unidades.;0,79
Filtros para café blancos nº4;Carrefour;caja de 100 unidades.;1,50
Café molido natural descafeinado;Carrefour;paquete de 250 g.;1,80
Café molido natural descafeinado;Bonka;2 paquetes de 250 g.;3,15
Café molido natural descafeinado;Marcilla;paquete de 250 g.;1,70
Café molido natural descafeinado Gran Selección;Saimaza;paquete de 250 g.;2,01
Café molido natural descafeinado;Saimaza;paquete de 250 g.;1,85
Café molido mezcla descafeinado;Carrefour;paquete de 250 g.;2,08
Café molido mezcla descafeinado;Saimaza;paquete de 250 g.;1,85
Café molido natural;Carrefour;paquete de 250 g.;0,97
Café molido natural;Carrefour;2 unidades de 250 g.;1,79
Café molido natural;Carrefour;4 paquetes de 250 g.;3,48
Café molido natural;Carrefour eco;paquete de 250 g.;1,99
Café molido 100% Arábica;Carrefour eco;paquete de 250 g.;2,60
Café molido natural Colombia;Carrefour;paquete de 250 g.;1,44
Café molido natural Puro Colombia;Bonka;paquete de 250 g.;1,84
Café molido natural;Bonka;paquete de 250 g.;1,16
Café molido natural;Bonka;2 paquetes de 250 g.;2,19
Café molido natural para cafetera express;Bonka;paquete de 250 g.;1,84
Café molido natural;La Estrella;paquete de 250 g.;1,04
Café molido natural Gran Aroma;Marcilla;paquete de 250 g.;2,39
Café molido natural bajo en cafeína;Marcilla;paquete de 250 g.;1,70
Café molido Especial Extrafino Créme Express;Marcilla;14 monodosis.;1,89
Café molido natural Créme Express;Marcilla;paquete de 250 g.;1,89
Café molido natural puro y aromático;Saimaza;paquete de 250 g.;1,23
Café molido natural  Gran Selección;Saimaza;paquete de 250 g.;1,69
Café molido natural puro y aromático;Saimaza;2 paquete de 250 g.;2,36
Café molido natural de Colombia;Saimaza;paquete de 250 g.;1,94
Café molido natural de Brasil;Saimaza;paquete de 250 g.;1,94
Café molido natural;Segafredo;paquete de 250 g.;2,89
Café molido natural expresso;Saimaza;lata de 250 g.;1,98
Café molido natural Expreso Casa;Segafredo;paquete de 250 g.;0,97
Café molido mezcla 50% natural, 50% torrefacto;Carrefour;2 paquetes de 250 g.;1,79
Café molido mezcla;Carrefour;4 paquetes de 250 g.;3,48
Café molido mezcla 100% arábica 50% natural, 50% torrefacto;Carrefour;paquete 250g;1,44
Café molido mezcla 50% natural, 50% torrefacto;Bonka;paquete de 250 g.;1,16
Café molido mezcla 70% natural, 30% torrefacto;Bonka;paquete de 250 g.;1,26
Café molido mezcla 50% natural, 50% torrefacto;Bonka;2 paquetes de 250 g.;2,19
Café molido mezcla Express;La Estrella;paquete de 250 g.;1,04
Café molido mezcla 50% natural, 50% torrefacto Mocca;Marcilla;paquete de 250 g.;1,89
Café molido mezcla 50% natural, 50% torrefacto;Marcilla;paquete de 250 g;1,23
Café molido mezcla 50% natural, 50% torrefacto Gran Aroma;Marcilla;2 paquetes 250g;2,39
Café molido mezcla bajo en cafeína;Marcilla;paquete de 250 g.;1,79
Café molido mezcla  Créme Express;Marcilla;paquete de 250 g.;1,89
Café Filtro;Marcilla;paquete de 250 g.;1,41
Café molido mezcla 50% natural,50% torrefacto Gran Selección;Saimaza;paquete 250 g;1,69
Café molido mezcla 50% natural, 50% torrefacto;Saimaza;2 paquetes de 250 g.;2,36
Filtros para café blancos nº2;Carrefour;caja de 40 unidades.;0,60
Filtros para café blancos nº4;Carrefour;caja de 40 unidades.;0,79
Filtros para café blancos nº4;Carrefour;caja de 100 unidades.;1,50
Café soluble descafeinado;Carrefour;frasco de 100 g.;2,02
Café soluble descafeinado;Carrefour;frasco de 200 g.;3,34
Cappuccino descafeinado;Carrefour;caja de 10 sobres de 12,5 g.;1,59
Café soluble descafeinado;La Estrella;frasco de 200 g.;3,60
Café soluble descafeinado sabor intenso;Marcilla;frasco de 200 g.;4,24
Café soluble descafeinado Créme Express;Marcilla;frasco de 200 g.;5,16
Café soluble descafeinado;Nescafé;frasco de 200 g.;4,98
Café soluble descafeinado Classic;Nescafé;frasco de 100 g.;2,95
Café soluble descafeinado Classic;Nescafé;caja de 10 sobres.;0,84
Capuccino descafeinado;Nescafé;caja de 10 sobres.;2,22
Café soluble descafeinado;Saimaza;frasco de 200 g.;4,29
Café soluble natural;Carrefour;frasco de 100 g.;1,67
Café soluble natural;Carrefour;frasco de 200 g.;3,07
Cappuccino con chocolate;Carrefour;caja de 10 sobres de 12,5 g.;1,69
Café soluble natural;La Estrella;frasco de 200 g.;2,91
Café soluble natural;Marcilla;frasco de 200 g.;3,70
Café soluble natural Crème Express;Marcilla;frasco de 200 g.;4,26
Café soluble Classic;Nescafé;frasco de 200 g.;4,28
Café soluble Classic;Nescafé;frasco de 100 g.;2,53
Café soluble Classic;Nescafé;10 sobres de 2 g.;0,78
Café soluble natural;Saimaza;frasco de 200 g.;3,97
Café Cappuccino;Carrefour;10 sobres de 12,5 g.;1,66
Café Cappuccino;Nescafé;10 sobres de 12,5 g.;1,95
Café Cappuccino;Nescafé;frasco de 225 g.;3,36
Café soluble Espresso;Nescafé;frasco de 100 g.;3,55
Café soluble Espresso;Nescafé;15 sobres stick de 1,8 g.;1,39
Cacao + Café;Nescafé Mix;frasco de 200 g.;1,98
Cereales y achicoria tostados solubles;Carrefour;frasco de 150 g.;1,41
Cereales para beber;Eko de Nestlé;frasco de 150 g.;1,85
Cereales para beber con miel;Eko de Nestle;bote de 150 g.;1,85
Infusión equilibrada Gerlax;Gerblé;caja de 20 bolsitas.;2,01
Infusión equilibrada a base de plantas Gernatur;Gerlínea;caja de 20 bolsitas.;2,00
Manzanilla;Carrefour;caja de 25 bolsitas.;0,78
Manzanilla;Carrefour;caja de 100 bolsitas.;1,50
Manzanilla;Hornimans;caja de 25 bolsitas.;1,29
Manzanilla;Hornimans;caja de 100 bolsitas.;3,59
Manzanilla soluble azucarada;Hornimans;caja de 10 sobres.;1,08
Manzanilla;Pompadour;caja de 25 bolsitas;1,29
Manzanilla con anís;Hornimans;caja de 25 bolsitas.;1,29
Manzanilla con anís;Pompadour;caja de 25 bolsitas.;1,29
Tila;Carrefour;caja de 25 bolsitas.;0,78
Tila;Carrefour eco;bolsa de 20 g.;1,38
Tila;Hornimans;caja de 25 bolsitas.;1,29
Tila soluble azucarada;Hornimans;caja de 10 sobres.;1,08
Tila;La Tisanería;bolsa de 20 g.;1,73
Tila;Pompadour;caja de 25 bolsitas;1,29
Tila;Pompadur;caja de 100 bolsitas.;3,70
Poleo menta;Carrefour;caja de 25 bolsitas.;0,78
Menta;Carrefour eco;bolsa de 20 g.;1,41
Poleo menta;Hornimans;caja de 25 bolsitas.;1,29
Poleo menta;Pompadour;caja de 25 bolsitas;1,29
Poleo-menta Pompadur;Pompadur;caja de 100 bolsitas.;3,70
Té;Carrefour;caja de 25 bolsitas.;0,78
Té;Carrefour;caja de 100 bolsitas.;3,67
Earl Grey Tea;Hornimans;caja de 20 bolsitas.;1,68
Té Yellow label;Lipton;caja de 20 bolsitas.;1,24
Té descafeinado;Pompadour;caja de 25 bolsitas.;1,29
Té descafeinado;Pompadour;caja de 25 bolsitas.;1,43
Té Earl Grey;Twinings;caja de 25 bolsitas.;2,22
Té English Breakfast;Twinings;caja de 25 bolsitas.;2,22
Té de Ceylan Royal Broken Pekoe;Carrefour;caja de 25 bolsitas;1,11
Té de China Earl Grey;Carrefour;caja de 25 bolsitas.;1,11
Té del Himalaya Darjeeling;Carrefour;caja de 25 bolsitas.;1,41
Té de la India English Breakfast;Carrefour;caja de 25 bolsitas.;1,11
Té con limón;Hornimans;caja de 20 bolsitas.;1,68
Té Assan de la India;Hornimans;caja de 20 bolsitas.;1,68
Té con canela;Hornimans;caja de 20 bolsitas.;1,68
Té verde con un toque de poleo menta;Hornimans;caja de 20 bolsitas.;1,56
Té con menta;Hornimans;caja de 20 bolsitas.;1,68
Té verde;Carrefour eco;bolsa de 80 g.;2,35
Té verde;La Tisanería;bolsa de 100 g.;2,40
Té descafeinado;Pompadour;caja de 25 bolsitas.;1,43
Té verde;Pompadour;caja de 25 bolsitas.;1,29
Té con fresas descafeinado;Pompadour;caja de 25 bolsitas.;1,78
Té negro del Reino Unido;Twinings;caja de 100 g.;3,96
Té negro Earl Grey;Twinings;caja de 100 g.;3,96
Té negro Prince of Wales;Twinings;caja de 25 bolsitas.;2,22
Anís verde;Carrefour eco;bolsa de 100 g.;1,55
Hierbaluisa;Pompadour;caja de 20 bolsitas.;1,53
Hojas de Boldo;Pompadour;caja de 20 bolsitas.;1,53
Infu[Línea];Hornimans;caja de 20 bolsitas.;1,97
Infu[Digest] nº 2;Hornimans;caja de 20 bolsitas.;1,73
Infusión de hibisco, frambuesa y rosa Country Garden;Hornimans;caja de 20 bolsitas;1,73
Infusión de mora, pera y regaliz Country Garden;Hornimans;caja de 20 bolsitas.;1,73
Infusión manzana, limón y aroma pomelo Country Garden;Hornimans;caja 20 bolsitas.;1,73
Infusión relax;Hornimans;caja de 20 bolsitas.;1,97
Selección de infusiones;Hornimans;caja de 20 bolsitas.;1,73
Huevo hilado;Emcesa;bandeja de 1000 g. aprox.;3,69
Filete de magro adobado en lonchas;Caysan;bandeja de 8 unidades, 450 g. aprox.;4,48
Filetes de lomo al ajillo Artesano;Caysan;bandeja de 8 unidades, 400 g. aprox.;3,88
Pincho moruno;Caysan;bandeja de 5 unidades, 400 g. aprox.;3,05
Preparado para cocido;La Nuncia;bandeja de 5 unidades, 350 g. aprox.;2,21
Chorizo criollo;La Nuncia;bandeja de 5 unidades, 350 g. aprox.;2,31
Chorizo pincho picante;La Nuncia;bandeja de 16 unidades, 300 g. aprox.;2,09
Morcilla de aperitivo;La Nuncia;bandeja de 12 unidades 400 g. aprox.;1,97
Morcilla de arroz;La Nuncia;bandeja de 4 unidades, 400 g. aprox.;1,84
Morcilla de Burgos;La Nuncia;bandeja de 2 unidades, 600 g. aprox.;2,76
Morcilla de cebolla;La Nuncia;bandeja de 4 unidades, 400 g. aprox.;1,84
Salchicha blanca;La Nuncia;bandeja de 10 unidades, 450 g. aprox.;2,97
Salchicha roja;La Nuncia;bandeja de 10 unidades, 450 g. aprox.;2,97
Huevo hilado;Coren;bandeja de 1 unidad, 1050 g. aprox.;6,80
Conejo troceado al ajillo;Coren;bandeja de 1 unidad, 1050 g. aprox.;7,05
Huevo hilado;Calidad Tradición Carrefour;bandeja de 8 a 14 unidades, 500 g. aprox.;7,43
Chuletas de cordero lechal;Calidad Tradición Carrefour;bandeja de 1 unidad, 1350 g. aprox.;16,29
Pierna de cordero lechal;Calidad Tradición Carrefour;bandeja de 8 a14 ud. 600 g. aprox.;8,06
Paletilla de cordero lechal;Calidad Tradición Carrefour;bandeja de 1 unidad, 1125 g. aprox.;13,58
Pierna de cordero chuleteada;Calidad Tradición Carrefour;bandeja de 5 chuletas, 900 g. aprox.;12,09
Cuartos de cordero lechal;Calidad Tradición Carrefour;bandeja de 1 unidad, 500 g. aprox.;2,68
Garrón de cordero;Calidad Tradición Carrefour;bandeja de 1 a 3 unidades, 450 g. aprox.;2,18
Falda de cordero;Calidad Tradición Carrefour;bandeja de 1 unidad, 525 g. aprox.;2,81
Pecho y cuello de cordero lechal;Coren;1 unidad de 900 g. aprox.;5,42
Picantones;Coren;bandeja de 2 unidades, 1100 g.;4,44
Delicia de Navidad;Coren;bandeja de 1 unidad, 4750 g. aprox.;37,76
Capón relleno;Coren;1 unidad de 4000 g. aprox.;64,24
Coquelet;Coren;bandeja de 1 unidad, 400 g.;3,02
Pato Berberia;Coren;bandeja de 1 unidad, 1300 g. aprox.;8,94
Pato Berberia relleno;Coren;bandeja de 1 unidad, 1500 g. aprox.;25,04
Pato asado entero a la naranja;Coren;1 unidad, 1200 g. aprox.;17,69
Brocheta de pato con frutas;Coren;bandeja de 2 unidades, 260 g. aprox.;5,16
Muslo de pato Berberia;Coren;bandeja de 1 unidad, 350 g. aprox.;2,94
Rotí de pato con frutas;Coren;bandeja de 1 unidad, 600 g. aprox.;8,46
Pavita limpia;Coren; 1 unidad 2750 g. aprox.;10,12
Pavo limpio entero;Coren;1 unidad de, 3700 g. aprox.;11,88
Pavita rellena;Coren;bandeja de 1 unidad, 3625 g. aprox.;30,92
Rotí de pavo;Coren;bandeja de 1 unidad, 900 g.;5,47
Faisán;Coren;bandeja de 1 unidad, 1100 g. aprox.;12,71
Perdiz pelada;Coren;bandeja de 1 unidad, 360 g. aprox.;2,31
Pintada pelada;Coren;bandeja de 1 unidad, 1300 g. aprox.;7,23
Poularda;Coren;bandeja de 1 unidad, 2250 g. aprox.;13,05
Pollo limpio De Corral;Coren;bandeja de 1 unidad, 1675 g. aprox.;6,68
Pollo limpio;Coren;bandeja de 1 unidad, 1675 g. aprox.;4,67
Pechugas de pollo De Corral;Coren;bandeja de 2 unidades, 600 g. aprox.;4,67
Pechuga fileteada de pollo;Coren;bandeja de 4 unidades, 375 g. aprox.;2,60
Pechuga de pollo;Coren;bandeja de 2 unidades, 525 g. aprox.;3,24
Jamoncitos de pollo De Corral;Coren;bandeja de 3 unidades, 525 g. aprox.;2,70
Jamoncitos de pollo;Coren;bandeja de 4 unidades, 525 g. aprox.;1,74
Delicias de contramuslo de pollo;Coren;bandeja de 12 unidades, 875 g. aprox.;2,81
Contramuslos de pollo sin piel;Coren;bandeja de 3 unidades, 475 g. aprox.;1,47
Contramuslos de pollo De Corral;Coren;bandeja de 4 unidades 625 g. aprox.;1,60
Muslos de pollo De Corral;Coren;bandeja de 2 unidades, 700 g. aprox.;3,26
Muslos de pollo;Coren;bandeja de 2 unidades, 650 g. aprox.;1,76
Alas de pollo De Corral;Coren;bandeja de 4 unidades, 550 g. aprox.;2,56
Alas de pollo;Coren;bandeja de 6 unidades, 550 g. aprox.;1,58
Cuartos de gallina;Coren;bandeja de 1 unidad, 335 g. aprox.;0,97
Carcasas de pollo para sopa;Coren;bandeja de 2 unidades, 775 g. aprox.;0,60
Minipaupetón de pollo;Coren;paquete de 2 unidades, 650 g.;7,38
Pollo ahumado;Coren;bandeja de 1 unidad, 1250 g. aprox.;8,70
Jamón de pollo adobado;Saludables de Coren;bandeja de 5 lonchas, 250 g. aprox.;2,28
Pechuga de pollo adobada;Saludables de Coren;bandeja de 5 lonchas, 250 g. aprox.;2,78
Pechuga de pollo ahumada;Saludables de Coren;bandeja de 5 lonchas, 250 g. aprox.;2,78
Pollo relleno;Coren;bandeja de 1 unidad, 2150 g. aprox.;21,22
Rotí de pollo;Coren;1 unidad de 900 g. aprox.;5,42
Nuggets de pollo;Coren;bandeja de 18 unidades, 415 g. aprox.;3,06
Salchicha de pollo blanca;Coren;bandeja de 5 unidades, 270 g. aprox.;1,98
Chuletas de pavo;Coren;bandeja de 4 unidades, 450 g. aprox.;4,16
Filetes de pechuga de pavo;Coren;bandeja de 4 unidades, 400 g. aprox.;6,87
Pierna de pavo;Coren;bandeja de 1 unidad, 675 g. aprox.;2,12
Rotí de pavo;Coren;bandeja de 1 unidad, 900 g.;5,47
Jamoncitos de pavo;Coren;bandeja de 2 unidades, 750 g. aprox.;2,15
Jamón de pavo adobado;Saludables de Coren;bandeja de 5 lonchas, 250 g. aprox.;2,28
Pechuga de pavo adobada;Saludables de Coren;bandeja de 5 lonchas, 250 g. aprox.;2,78
Pechuga de pavo ahumada;Saludables de Coren;bandeja de 5 lonchas, 250 g. aprox.;2,78
Codornices;Coren;bandeja de 4 unidades, 500 g.;4,22
Coquelet;Coren;bandeja de 1 unidad, 400 g.;3,02
Magret de pato;Coren;bandeja de 1 unidad, 355 g. aprox.;6,44
Picantones;Coren;bandeja de 2 unidades, 1100 g.;4,44
Mermelada de albaricoque;Carrefour;frasco de 410 g.;1,19
Mermelada albaricoque con fructosa Diet;Carrefour;frasco de 380 g.;1,17
Mermelada extra de albaricoque;Helios;frasco de 650 g.;1,29
Mermelada de albaricoque;La Vieja Fábrica;frasco de 350 g.;1,25
Confitura de albaricoque extra;Carrefour;frasco de 370 g.;1,02
Confitura extra de albaricoque;Carrefour eco;frasco de 360 g.;1,92
Especialidad de frutas albaricoque-melocotón;Carrefour;frasco de 355 g.;1,65
Confitura de albaricoque;Bonne Maman;frasco de 370 g.;1,55
Confitura extra de albaricoque;Hero Classic;frasco de 345 g.;1,20
Mermelada de ciruela;Carrefour;frasco de 410 g.;1,19
Mermelada extra de ciruela;Helios;frasco de 650 g.;1,29
Mermelada de ciruela;La Vieja Fábrica;frasco de 350 g.;1,25
Confitura de ciruela extra;Carrefour;frasco de 370 g.;1,02
Confitura extra de ciruela;Bonne Maman;frasco de 370 g.;1,55
Confitura de ciruela;Hero Classic;frasco de 345 g.;1,20
Mermelada de fresa;Carrefour;frasco de 410 g.;1,19
Mermelada extra de fresa;Helios;frasco de 650 g.;1,25
Mermelada extra de fresa;Ligeresa;frasco de 330 g.;1,29
Confitura de fresa extra;Carrefour;frasco de 370 g.;1,02
Confitura extra de fresa;Carrefour eco;rasco de 360 g.;1,92
Confitura extra de fresa;Bonne Maman;frasco de 370 g.;1,55
Confitura extra de fresa;Hero Classic;frasco de 345 g.;1,20
Rapsodia de frutas, fresas;ST.Dalfour;frasco de 284 g.;1,46
Mermelada de frambuesas;La Vieja Fábrica;frasco de 350 g.;1,25
Confitura de frambuesa extra;Carrefour;frasco de 370 g.;1,19
Confitura extra de frutas del bosque;Carrefour;frasco de 370 g.;1,25
Especialidad de frutas - fresas y fresas del bosque;Carrefour;frasco de 355 g.;1,65
Confitura extra de frambuesa;Bonne Maman;frasco de 370 g.;2,04
Confitura de frambuesa;Hero;frasco de 345 g.;1,30
Mermelada de melocotón;Carrefour;frasco de 410 g.;1,19
Mermelada extra de melocotón;Helios;frasco de 650 g.;1,29
Mermelada de melocotón;La Vieja Fábrica;frasco de 350 g.;1,25
Confitura extra de melocotón;Carrefour;tarro de 370 g.;1,02
Especialidad de frutas albaricoque-melocotón;Carrefour;frasco de 355 g.;1,65
Confitura extra de melocotón;Bonne Maman;frasco de 370 g.;1,55
Confitura extra de melocotón;Hero Classic;frasco de 345 g.;1,20
Rapsodia de frutas, melocotón;ST.Dalfour;frasco de 284 g.;0,99
Mermelada de mora de zarza;La Vieja Fábrica;frasco de 350 g.;1,25
Confitura extra de zarzamora;Hero Classic;frasco de 345 g.;1,30
Mermelada de arándano;Carrefour;frasco de 410 g.;0,99
Confitura extra de arándanos silvestres;Carrefour;frasco de 370 g.;1,29
Confitura extra de arándano salvaje;Bonne Maman;frasco de 370 g.;2,04
Confitura extra de arándanos;Hero Classic;frasco de 345 g.;1,56
Confitura extra de arándanos;Carrefour eco;frasco de 360 g.;1,99
Rapsodia de frutas, arándanos silvestres;ST.Dalfour;frasco de 284 g.;2,04
Mermelada de naranja amarga;La Vieja Fábrica;frasco de 375 g.;1,25
Mermelada extra de naranja amarga;Ligeresa;frasco de 330 g.;1,46
Mermelada de naranja dulce;La Vieja Fábrica;frasco de 350 g.;1,25
Confitura de naranja;Carrefour;frasco de 370 g.;1,02
Confitura de naranja;Carrefour eco;frasco de 360 g.;1,92
Confitura de naranja amarga;Hero Classic;frasco de 345 g.;1,20
Confitura de naranja al Cointreau;Hero Classic;frasco de 345 g.;1,20
Rapsodia de frutas naranjas con piel;ST.Dalfour;frasco de 284 g.;1,17
Mermelada extra de albaricoque;Ligeresa;frasco de 330 g.;1,29
Confitura de albaricoque sin azúcar añadido;Hero Diet;frasco de 280 g.;1,22
Confitura de arándanos y frambuesa sin azúcar añadido;Hero Diet;frasco de 280 g.;1,22
Mermelada de ciruela sin azucar añadido;Carrefour;frasco de 310 g.;1,15
Mermelada de ciruela light;Carrefour;frasco de 390 g.;1,17
Mermelada de ciruela;Ligeresa;frasco de 400 g.;1,26
Confitura de ciruela sin azúcar añadido;Hero Diet;frasco de 280 g.;1,31
Mermelada extra de ciruela;Ligeresa;frasco de 330 g.;1,29
Mermelada de frambuesas diet;La Vieja Fábrica;frasco de 340 g.;1,41
Mermelada de fresa sin azúcar añadido;Carrefour;frasco de 310 g.;1,15
Mermelada de fresa light;Carrefour;frasco de 390 g.;1,22
Mermelada extra de fresa;Ligeresa;frasco de 330 g.;1,29
Mermelada de fresas diet;La Vieja Fábrica;frasco de 340 g.;1,41
Mermelada de frutas del bosque sin azúcar añadido;Carrefour;frasco de 310 g.;1,15
Mermelada de manzana sin azúcar añadido;Carrefour;frasco de 310 g.;1,15
Mermelada de melocotón sin azúcar añadido;Carrefour;frasco de 310 g.;1,15
Mermelada de melocotón light;Carrefour;frasco de 390 g.;1,17
Mermelada extra de melocotón;Ligeresa;frasco de 330 g.;1,29
Mermelada de Melocotón Diet;La Vieja Fábrica;frasco de 340 g.;1,41
Confitura de melocotón sin azúcar añadido;Hero Diet;frasco de 280 g.;1,22
Confitura de naranja amarga sin azúcar añadido;Hero Diet;frasco de 280 g.;1,22
Mermelada de naranja amarga Diet;La Vieja Fábrica;frasco de 350 g.;1,55
Mermelada extra de naranja amarga;Ligeresa;frasco de 330 g.;1,46
Mermelada de piña diet;La Vieja Fábrica;frasco de 340 g.;1,41
Mermelada albaricoque con fructosa Diet;Carrefour;frasco de 380 g.;1,17
Mermelada de ciruela con fructosa Diet;Carrefour;frasco de 380 g.;1,17
Mermelada de fresa con fructosa Diet;Carrefour;frasco de 380 g.;1,17
Mermelada de melocotón con fructosa Diet;Carrefour;frasco de 380 g.;1,17
Mermelada de albaricoque sin azúcar;Gerblé;frasco de 380 g.;1,96
Mermelada de cereza sin azúcar sacarosa;Santiveri;frasco de 325 g.;2,70
Mermelada de ciruela sin azúcar;Gerblé;frasco de 380 g.;1,96
Mermelada de ciruela sin azúcar sacarosa;Santiveri;frasco de 325 g.;2,10
Mermelada de fresa sin azúcar;Gerblé;frasco de 380 g.;1,96
Mermelada de fresa sin azúcar sacarosa;Santiveri;frasco de 325 g.;2,10
Mermelada de melocotón sin azúcar;Gerblé;frasco de 380 g.;1,96
Mermelada de melocotón sin azúcar sacarosa;Santiveri;frasco de 325 g.;2,10
Confitura de albaricoque sin azúcar añadido;Hero Diet;frasco de 280 g.;1,22
Confitura de arándanos y frambuesa sin azúcar añadido;Hero Diet;frasco de 280 g.;1,22
Confitura de ciruela sin azúcar añadido;Hero Diet;frasco de 280 g.;1,31
Confitura de fresa sin azúcar añadido;Hero Diet;frasco de 280 g.;1,22
Confitura de melocotón sin azúcar añadido;Hero Diet;frasco de 280 g.;1,22
Confitura de naranja amarga sin azúcar añadido;Hero Diet;frasco de 280 g.;1,22
Mermelada de frutas del bosque;Carrefour;frasco de 410 g.;1,25
Confitura extra de frutas del bosque;Hero Classic;frasco de 345 g.;1,56
Confitura extra de grosella;Hero Classic;frasco de 345 g.;1,56
Rapsodia de 4 frutas;ST.Dalfour;frasco de 284 g.;0,99
Confitura extra de membrillo en trozos;Bonne Maman;frasco de 370 g.;2,15
Miel mil flores;Carrefour;frasco de 500 g.;2,25
Miel mil flores;Carrefour;frasco de 1000 g.;4,25
Miel mil flores;Carrefour;dosificador de 500 g.;2,40
Miel de la Alcarria multifloral;De Nuestra Tierra;frasco de 500 g.;3,94
Miel de flores;Granja San Francisco;frasco de 1 kg.;2,85
Miel de flores;Granja San Francisco;dosificador anti-goteo 500 g.;2,98
Miel de flores;Luna de Miel;dosificador de 500 g.;2,87
Miel de eucalipto;Carrefour;frasco de 250 g.;1,47
Miel del bosque;Carrefour;frasco de 250 g.;1,47
Miel con Ginseng;Carrefour;frasco de 250 g.;2,03
Miel con Jalea Real;Carrefour;frasco de 250 g.;2,03
Miel de naranjo;Carrefour;frasco de 250 g.;1,50
Miel de tomillo;Carrefour;frasco de 250 g.;1,75
Miel del bosque de Galicia;De Nuestra Tierra;frasco de 500 g.;3,94
Miel con jalea real;Granja San Francisco;frasco de 250 g.;3,24
Miel con notas balsámicas;Granja San Francisco;frasco de 500 g.;3,24
Miel con Jalea Real;Luna de Miel;frasco de 250 g.;3,05
Miel con Ginseng;Luna de Miel;frasco de 250 g.;3,05
Miel fuerte e intensa;Luna de Miel;dosificador de 500 g.;2,91
Baguetinas congeladas;Maheso;4 unidades de 125 g.;1,49
Pan precocido: Baguettes;Carrefour;paquete de 2 unidades, 250 g.;1,35
Pan precocido: Barritas;Carrefour;paquete de 6 unidades, 250 g.;1,35
Pan precocido: Barritas de Centeno;Carrefour;paquete de 6 unidades, 250 g.;1,35
Pan precocido: Barritas Integrales;Carrefour;paquete de 6 unidades, 250 g.;1,35
Pan de leche;La Bella Easo;bolsa de 6 unidades, 210 g.;1,40
Pan de leche;La Bella Easo;bolsa de 10 unidades, 350 g.;1,95
Pan rallado;Carrefour;bolsa de 500 g.;0,40
Pan rallado con ajo y perejil;Carrefour;bolsa de 250 g.;0,29
Almendras en láminas;Mandarín;bolsa de 40 g.;1,42
Almendras laminadas;Vahiné;bolsa de 100 g.;1,98
Almendras molidas;Vahiné;bolsa de 100 g.;2,60
Aroma de agua de azahar;Vahiné;botella de 200 ml.;1,17
Aroma natural de limón;Vahiné;frasco de 20 ml.;1,29
Azúcar glacé para repostería;Azucarera Española;dosificador de 250 g.;1,08
Azúcar glass;Vahiné;frasco de 65 g.;1,11
Bolitas multicolores;Vahiné;frasco de 80 g.;1,11
"Plaquita ""Felicidades""";Vahiné;1 unidad;0,84
Cobertura Negra de Chocolate;Valor;tableta de 500 g.;3,15
Coco rallado;Vahiné;bolsa de 100 g.;0,81
Colorantes alimentarios;Vahiné;3 frascos de 6 ml.;1,44
Crocanti de almendras con caramelo;Vahiné;bolsa de 100 g.;1,98
Fideos al cacao;Vahiné;frasco de 65 g.;1,11
Fideos arco iris;Vahiné;frasco de 65 g.;1,11
Fideos de chocolate;Valor;caja de 225 g.;2,05
Gelatina alimentaria en hojas;Vahiné;bolsa de 9 hojas.;1,18
Lápiz pastelero sabor fresa;Vahiné;1 tubo de 25 g.;1,23
Pasas de Corinto;Vahiné;bolsa de 100 g.;1,08
Perlitas de chocolate;Vahiné;bolsa de 100 g.;1,41
Vainilla azucarada;Vahiné;frasco de 90 g.;1,11
Vainilla en polvo;Vahiné;frasco de 5 g.;2,40
Vainilla en vaina;Vahiné;bolsa con 2 unidades de 4 g.;2,40
Caramelo líquido;Royal;botella de 400 g.;1,41
Sirope de caramelo Topps;Royal;bote de 250 g.;1,35
Sirope de chocolate Topps;Royal;bote de 250 g.;1,35
Sirope sabor fresa Topps;Royal;bote de 250 g.;1,35
Sirope de chocolate;Hersey's;bote de 680 g.;3,14
Postre cremoso sabor chocolate;Royal;caja de 100 g.;0,93
Postre cremoso sabor fresa;Royal;caja de 90 g.;0,93
Postre cremoso sabor vainilla;Royal;caja de 90 g.;0,93
Preparado para arroz con leche;Royal;caja de 170 g., 4 raciones.;1,32
Preparado para cuajada;Royal;caja de 12 g., 4 sobres.;0,87
Preparado para Crema Catalana;Royal;caja de 120 g.;0,78
Preparado para crema tipo chantilly;Royal;caja de 72 g., 10 raciones.;1,13
Preparado para mousse sabor chocolate;Royal;caja de 85 g.;1,13
Preparado para natillas caseras;Royal;caja de 20 g., 5 sobres.;0,81
Preparado para natillas instantáneas;Royal;caja de 94 g.;0,87
Flanín El Niño;Maizena;caja de 6 sobres, 24 flanes.;0,87
Preparado para hacer flan Chino;Mandarín;caja de 190 g., 8 flanes.;0,93
Preparado para flan;Royal;caja de 186 g., 8 flanes.;3,07
Preparado para flan de huevo;Royal;caja de 112 g., 4 flanes.;0,81
Preparado para flan sabor chocolate;Royal;caja de 104 g., 4 flanes.;0,81
Gelatina neutra en polvo;Royal;caja de 2 sobres de 10 g.;0,99
Gelatina sabor frambuesa;Royal;caja de 85 g.;1,50
Gelatina sabor Kiwi;Royal;caja de 85 g.;1,50
Gelatina sabor manzana;Royal;caja de 85 g.;1,18
Harina de trigo extra para condimentación y repostería;Gallo;paquete de 1 kg.;0,56
Harina de trigo con levadura especial bizcochona;Harimsa;paquete de 1 kg.;0,77
Harina de trigo integral especial bizcochona;Harimsa;paquete de 1 kg.;0,77
Harina fina de maíz;Maizena;caja de 350 g.;1,22
Harina fina de maíz;Maizena;caja de 700 g.;2,11
Leche condensada;Carrefour;tubo de 170 g.;0,87
Leche condensada;Carrefour;bote de 397 g.;0,99
Leche condensada;Carrefour;bote de 740 g.;1,58
Leche condensada;La Lechera;tubo de 170 g.;0,87
Leche condensada;La Lechera;bote de 450 g.;1,80
Leche condensada;La Lechera;bote de 740 g.;2,05
Leche evaporada;Ideal;bote de 410 g.;1,23
Leche en polvo desnatada con bífidus;Sveltesse;bote de 1 kg.;6,52
Levadura de panadería;Maizena;caja de 5 sobres, 27.5 g.;1,35
Levadura en polvo;Royal;caja de 4 sobres de 16 g.;0,96
Levadura en polvo;Royal;lata de 113 g.;1,41
Nata montada azucarada U.H.T.;Carrefour;bote de 250 ml.;1,59
Nata montada azucarada U.H.T;Central Lechera Asturiana;bote de 250 g.;1,79
Nata montada azucarada;Reny Picot;bote de 250 g.;1,83
Nata líquida;Central Lechera Asturiana;brik de 1 l.;3,00
Nata líquida;Central Lechera Asturiana;brik de 500 ml.;1,95
Nata líquida;Central Lechera Asturiana;brik de 200 ml.;0,92
Nata líquida;La Lechera;lata 170 g.;1,05
Nata líquida;Pascual;brik de 1 l.;2,61
Nata ligera para cocinar;Reny Picot;minibrik de 200 ml.;0,95
Nata especial para montar;Reny Picot;minibrik de 200 ml.;0,93
Preparado para pastel de queso;Royal;caja de 325 g.;2,88
Preparado para tarta de queso y cerezas;Jotis;caja de 433 g.;3,54
Preparado para tarta tiramisú;Jotis;caja de 353 g., de 8 a 10 porciones.;4,32
Preparado para Tarta de Santiago;Royal;caja de 410 g.;3,36
Preparado para bizcocho casero;Royal;caja de 375 g.;1,77
Tocinillos de cielo;Royal;caja de 216 g., 10 unidades.;1,65
Arroz de grano largo;Carrefour;paquete de 1 kg.;1,10
Arroz de grano largo;La Fallera;paquete de 1 kg.;1,32
Arroz de grano largo;Nomen;paquete de 1 kg.;1,32
Arroz de grano largo;SOS;paquete de 1 kg.;1,40
Arroz redondo;Carrefour;paquete de 1 kg.;0,72
Arroz redondo;Carrefour;paquete de 2 kg.;1,43
Arroz redondo;La Cigala;paquete de 1 kg.;1,06
Arroz redondo;La Fallera;paquete de 1 kg.;0,97
Arroz redondo;Nomen;paquete de 1 kg.;0,98
Arroz;SOS;paquete de 1 kg.;1,10
Arroz;SOS;paquete de 2 kg.;1,77
Arroz Bomba de Calasparra;De Nuestra Tierra;paquete de 500 g.;1,77
Arroz Bomba;Nomen;paquete de 1 kg.;3,50
Arroz Senia - Bahía;De Nuestra Tierra;paquete de 1 kg.;1,59
Arroz Basmati;La Cigala;paquete de 5 bolsas, 500 g.;1,70
Arroz Basmati Brajma;Nomen;paquete de 1 kg.;3,30
Arroz Salvaje;La Cigala;paquete de 5 bolsas, 500 g.;2,75
Arroz Thaï aromático;Carrefour;paquete de 500 g.;1,31
"Arroz a la Crema de Espárragos ""Sabores""";La Cigala;paquete de 175 g.;1,50
"Arroz Basmati al Curry ""Sabores""";La Cigala;paquete de 175 g.;1,50
"Arroz a los cuatro quesos ""Sabores""";La Cigala;paquete de 175 g.;1,50
"Arroz a las setas ""Sabores""";La Cigala;paquete de 175 g.;1,45
Arroz integral ecológico;La Cigala;paquete de 1 kg.;2,39
Arroz integral;Nomen;paquete de 1 kg.;1,43
Arroz integral;SOS;paquete de 1 kg.;1,28
Arroz de cocción rápida Valle del Mississippi;Carrefour;paquete de 4 bolsas, 500 g.;1,09
Arroz de cocción rápida Quick;La Cigala;paquete de 5 bolsas, 500 g.;1,60
Arroz rápido;Nomen;paquete de 4 bolsas, 250 g.;1,17
Arroz vaporizado;Carrefour;paquete de 1 kg.;1,14
Arroz vaporizado;Brillante;paquete de 1 kg.;1,42
Arroz vaporizado;Nomen;paquete de 1 kg.;1,59
Arroz vaporizado precocido;SOS;paquete de 4 bolsas, 375 g.;1,87
Sémola de arroz;Nomen;paquete de 500 g.;0,78
Sémola de trigo;Nomen;paquete de 500 g.;0,74
Caldo de carne;Carrefour;8 pastillas;0,55
Caldo de carne;Carrefour;12 pastillas;0,75
Caldo de carne;Carrefour;24 pastillas.;1,14
Caldo de carne;Avecrem de Gallina Blanca;12 pastillas.;1,11
Caldo Suave de carne con verduras;Starlux;12 pastillas.;1,11
Doble Caldo;Starlux;12 pastillas.;1,06
Doble Caldo;Starlux;24 pastillas.;1,98
Caldo de cocido;Carrefour;8 pastillas;0,55
Caldo sabor jamón;Carrefour;8 pastillas;0,55
Caldo para paella de carne y verdura;La Fallera;frasco de 600 ml., 3-4 raciones.;2,52
Caldo para paella de marisco y pescado;La Fallera;frasco de 600 ml., 3-4 raciones.;3,19
Caldo de pescado;Carrefour;12 pastillas.;0,75
Caldo de pescado;Knorr;12 pastillas;1,11
Caldo de pechuga de pollo;Carrefour;8 pastillas;0,55
Caldo de pollo;Carrefour;8 pastillas;0,55
Caldo de pollo;Carrefour;12 pastillas.;0,75
Caldo de pollo;Carrefour;24 pastillas.;1,14
Caldo de pollo;Avecrem de Gallina Blanca;12 pastillas.;1,11
Caldo de pollo;Avecrem de Gallina Blanca;24 pastillas.;1,11
Caldo de gallina;Knorr;24 pastillas.;1,94
Caldo de gallina;Starlux;12 pastillas.;1,11
Caldo Sabores: Bacon y queso;Avecrem de Gallina Blanca;6 pastillas.;0,87
Caldo sabor Finas Hierbas;Carrefour;8 pastillas.;0,75
Caldo Sabores: Finas hierbas con limón;Avecrem de Gallina Blanca;6 pastillas.;0,87
Caldo Sabores: Cebolla y ajo;Avecrem de Gallina Blanca;6 pastillas.;0,87
Caldo sabor Ajo y Perejil;Carrefour;8 pastillas.;0,75
Caldo Sabores: Ajo y perejil;Avecrem de Gallina Blanca;6 pastillas.;0,87
Caldo vegetal;Carrefour;12 pastillas;0,75
Caldo de verduras;Gallina Blanca;12 pastillas;1,47
Caldo vegetal;Starlux;12 pastillas.;1,30
Caldo Suave de verduras variadas;Starlux;12 pastillas.;1,11
Salsa;Bovril;frasco de 125 g.;3,00
Caldo gallego;Gallina Blanca;cazuelita de 335 g.;1,73
Cocido madrileño;Carrefour;lata de 440 g.;1,11
Cocido madrileño;Litoral;lata de 440 g.;1,85
Cocido madrileño;Litoral;lata de 885 g.;3,28
Escudella, cocido Catalán;Gallina Blanca;cazuelita de 335 g.;1,73
Crema de champiñón;Campbell's;lata de 295 g.;1,59
Crema de espárragos;Campbell's;lata de 295 g.;1,74
Crema de pollo;Campbell's;lata de 295 g.;1,59
Crema de tomate;Campbell's;lata de 295 g.;1,59
El caldo de pollo;Gallina Blanca;brik de 1 l.;2,07
La crema de setas;Gallina Blanca;brik de 1 l., 4 raciones.;2,07
El puré de 8 verduras;Gallina Blanca;brik de 1 l., 4 raciones.;2,07
Caldo de cocido;Kaiku;brik de 1 l., 4 raciones.;1,74
Consomé de ave;Kaiku;brik de 1 l., 4 raciones.;1,74
Crema de hongos al aroma de almendra;Kaiku;brik de 1 l., 4 raciones.;2,82
Crema de puerros tiernos al queso;Kaiku;brik de 1 l., 4 raciones.;2,82
Puré de hortalizas La Buena Sopa;Knorr;brik de 1 l., 4 raciones.;1,17
Sopa de ave con fideos;Carrefour;sobre de 80 g., 4 raciones.;0,27
Sopa de ave con fideos;Carrefour;6 sobres de 80 g., 24 raciones.;1,68
Sopa de cocido con carne, pasta y verdura;Carrefour;sobre de 82 g., 4 raciones.;0,57
Sopa de pescadores;Carrefour;sobre de 115 g., 4 raciones.;0,57
Sopa de pollo con fideos finos;Carrefour;sobre de 80 g., 4 raciones.;0,27
Sopa de pollo con fideos finos;Carrefour;6 sobres de 80 g., 24 raciones.;1,68
Sopa de pollo con fideos y albóndigas;Carrefour;sobre de 115 g.;0,57
Sopa jardinera;Carrefour;sobre de 80 g., 4 raciones.;0,27
Sopa jardinera;Carrefour;6 sobres de 80 g., 24 raciones.;1,68
Sopa infantil de pollo con pasta a los 7 huevos;Carrefour;sobre de 62 g, 2 raciones;0,46
Sopa de pollo con fideo fino con más fideos;Carrefour;sobre 85 g., 4 raciones;0,46
Sopa de ave con letras con más pasta;Carrefour;sobe de 85 g., 4 raciones.;0,46
Sopa de ave con arroz con más ingredientes;Carrefour;sobre de 85 g., 4 raciones.;0,46
Puré de verduras con más verdura;Carrefour;sobre de 86 g., 4 raciones;0,46
Potaje casero con garbanzos y fideos;Gallina Blanca;sobre de 96 g., 4 raciones.;1,05
Puré de verduras con Más verduras;Gallina Blanca;sobre de 86 g.;0,63
Sopa de ave con arroz;Gallina Blanca;sobre de 85 g.;0,63
Sopa de ave con fideos;Gallina Blanca;sobre de 81 g.;0,63
Sopa de cebolla con Más cebolla;Gallina Blanca;sobre de 52 g.;0,63
Sopa de cocido;Gallina Blanca;sobre 82 g., 4 raciones.;1,05
Sopa de pescadores con marisco y arroz;Gallina Blanca;sobre 110 g., 4 raciones.;0,98
Sopa de pollo con fideos finos;Gallina blanca;sobre de 72 g.;0,63
Sopa de pollo con fideos y albóndigas;Gallina Blanca;sobre de 116 g., 4 raciones.;1,05
Sopa de pollo con letras con Más pasta;Gallina Blanca;sobre de 84 g.;0,63
Sopa de ternera;Gallina Blanca;sobre de 76 g.;0,63
Sopa jardinera;Gallina Blanca;sobre de 77 g.;0,63
Sopa minestrone;Gallina Blanca;sobre de 82 g., 4 raciones.;0,98
Sopa de pollo con cabello de angel;Knorr;sobre de 73,5 g.;0,44
Sopas del Mundo: China, sopa de marisco;Knorr;sobre de 69 g., 3 raciones.;1,10
Sopas del Mundo: Marruecos, sopa de cordero;Knorr;sobre de 69,5 g., 3 raciones.;1,10
Sopas del Mundo: Mexico, sopa de chili con carne;Knorr;sobre de 88,5 g.,3 raciones;1,10
Sopa de pollo con pasta al huevo, Sopilandia;Maggi;sobre de 50 g. 2 raciones;0,45
Crema de champiñones;Carrefour;sobre de 75 g., 4 raciones.;0,27
Crema de espárragos;Carrefour;sobre de 75 g., 4 raciones.;0,27
Crema de champiñón con más champiñón;Carrefour;sobre de 80 g., 4 raciones;0,46
Crema de espárragos con más ingredientes;Carrefour;sobre de 80 g., 4 raciones;0,46
Crema de marisco;Carrefour;sobre de 75 g., 3 raciones.;0,57
Crema de champiñones;Gallina Blanca;sobre de 70 g.;0,63
Crema de espárragos con Más espárragos;Gallina Blanca;sobre de 81 g.;0,63
Crema de hortalizas;Gallina Blanca;sobre de 81 g., 4 raciones.;0,98
Crema de marisco;Gallina Blanca;sobre de 87 g., 4 raciones.;0,98
Crema de verduras;Gallina Blanca;sobre de 78 g., 4 raciones.;0,98
Crema fría vichyssoise;Gallina Blanca;sobre de 64 g., 4 raciones.;0,98
Crema de champiñones;Knorr;sobre de 70,5 g., 4 raciones.;0,45
Crema de espárragos;Knorr;sobre de 70,5 g., 4 raciones.;0,45
Crema de marisco: Sopas Marineras;Knorr;sobre de 75,5 g., 4 raciones.;0,51
Sopa instantánea de pollo con pasta;Carrefour;3 sobres de 13 g.;0,51
Sopa instantánea de verduras con picatostes;Carrefour;3 sobres de 20 g.;0,51
Consomé al jerez con picatostes Sopinstant;Gallina Blanca;3 sobres de 18 g.;0,98
Crema de champiñones con picatostes Sopinstant;Gallina Blanca;3 sobres de 19 g.;0,98
Crema de espárragos con picatostes Sopinstant;Gallina Blanca;3 sobres de 10 g.;0,98
Crema de marisco con picatostes Sopinstant;Gallina Blanca;3 sobres de 22 g.;0,98
Crema de pollo con picatostes Sopinstant;Gallina Blanca;3 sobres de 21 g.;0,98
Sopa de ajo Sopinstant;Gallina Blanca;3 sobres de 11 g.;0,98
Sopa de pollo con pasta Sopinstant;Gallina Blanca;3 sobres de 12,5 g.;0,98
Sopa de verduras con picatostes Sopinstant;Gallina Blanca;3 sobres de 20 g.;0,98
Sopa de verduras con pasta;Gallina Blanca;cazuelita de 335 g.;1,59
Sopa de pollo con fideos;Gallina Blanca;cazuelita de 335 g.;1,59
Espesante instantáneo para salsas y cremas;Maizena Express;caja de 250 g.;1,50
Harina de trigo para fritos y rebozados;Gallo;paquete de 1 kg.;0,53
Harina de trigo especial fritos y rebozados;Carrefour;paquete de 1 kg.;0,41
Harina de trigo;Carrefour;paquete de 1 kg.;0,39
Harina de trigo integral;Carrefour;paquete de 500 g.;0,41
Harina de trigo especial repostería;Carrefour;paquete de 1 kg.;0,49
Harina de trigo extra para condimentación y repostería;Gallo;paquete de 1 kg.;0,56
Harina de trigo;Gallo;paquete de 1 kg.;0,73
Harina de trigo con levadura especial bizcochona;Harimsa;paquete de 1 kg.;0,77
Harina de trigo integral especial bizcochona;Harimsa;paquete de 1 kg.;0,77
Harina de trigo preparada para churros;Harimsa;paquete de 500 g.;1,09
Harina de trigo preparado para crêpes;Harimsa;paquete de 500 g.;1,09
Harina de trigo preparada para magdalenas;Harimsa;paquete de 500 g.;1,25
Harina de trigo preparada para pan casero;Harimsa;paquete de 500 g.;1,09
Harina de trigo con levadura especial Pizza;Harimsa;paquete de 1 kg.;0,73
Harina de trigo preparado para tortitas;Harimsa;paquete de 500 g.;1,09
Harina fina de maíz;Maizena;caja de 350 g.;1,22
Harina fina de maíz;Maizena;caja de 700 g.;2,11
Levadura de panadería;Maizena;caja de 5 sobres, 27.5 g.;1,35
Levadura seca de cerveza en copos;Santiveri;bote de 200 g.;4,60
Levadura en polvo;Royal;caja de 4 sobres de 16 g.;0,96
Levadura en polvo;Royal;lata de 113 g.;1,41
Tapioca;Riera Marsá;caja de 300 gr.;1,49
Garbanzos extra;Carrefour;paquete de 500 g.;1,01
Garbanzos extra;Carrefour;paquete de 1 kg.;1,37
Garbanzos extra;Carrefour eco;paquete de 500 g.;1,59
Garbanzos blanco lechoso;De Nuestra Tierra;paquete de 1 Kg.;2,75
Garbanzo castellano de León;De Nuestra Tierra;paquete de 1 kg.;1,77
Garbanzos extra;El Hostal;paquete de 1 kg.;1,11
Garbanzos blancos lechosos;Carrefour;paquete de 1 kg.;1,71
Garbanzos blancos extra lechosos;El Hostal;paquete de 1 kg.;1,35
Garbanzos cocidos extra;Carrefour;frasco de 570 g. (p.neto), 400 g. (p.esc);0,48
"Cocido madrileño ""Platos caseros""";Carrefour;cazuelita de 410 g.;1,75
Garbanzos cocidos;Cidacos;frasco de 570 g. (p.neto), 400 g. (p.esc.).;0,60
Garbanzos cocidos;El Hostal;frasco de 570 g. (p.neto), 400 g. (p.esc);0,65
Alubias cocidas;Carrefour;frasco de  570 g. (p.neto), 400 g. (p. esc);0,48
Alubias cocidas;Cidacos;frasco de 570 g. (p.neto), 400 g. (p.esc).;0,60
"Alubias cocidas "" Judiones """;Cidacos;frasco de 540 g. (p.neto), 400 g. (p.esc);0,60
Alubias rojas cocidas;Cidacos;frasco de 570 g. (p.neto), 400 g. (p.esc.).;0,59
Alubias cocidas;El Hostal;frasco de 570 g. (p.neto), 400 g. (p.esc).;0,65
Alubias a la marinera;La Tila;lata de 425 g. (p.neto);1,62
Alubias a la vasca;Litoral;lata de 430 g. (p.neto);1,70
Pochas guisadas;Orlando;lata de 410 g. (p.neto);0,83
Lentejas extra;Carrefour;paquete de 1 kg.;0,78
Lentejas extra;El Hostal;paquete de 1 kg.;0,78
Lentejas extra;Carrefour eco;paquete de 500 g.;1,59
Lenteja  pardina de León;De Nuestra Tierra;paquete de 1 kg.;1,74
Lenteja pardina extra;El Hostal;paquete de 1 kg. + 10% gratis.;0,96
Lenteja de cocción rápida extra;El Hostal;paquete de 1 kg.;0,48
Lentejas a la riojana;Carrefour;lata de 430 g. (p.neto);0,81
"Lentejas a la riojana ""Platos caseros""";Carrefour;cazuelita de 410 g.;1,75
Lentejas cocidas;Cidacos;frasco de 570 g. (p.neto), 400 g. (p.esc.);0,60
Lentejas cocidas;El Hostal;frasco de 570 g. (p.neto), 400 g. (p.esc);0,65
Lentejas a la riojana;Gallina Blanca;cazuelita de 400 g.;1,77
Lentejas a la riojana;Litoral;lata de 430 g. (p.neto);1,37
Lentejas con chorizo;Orlando;lata de 410 g. (p.neto);0,89
Canelones;Carrefour;caja de 20 placas, 125 g.;0,40
Canelones precocidos;El Pavo;paquete de 80 g.;0,95
Canelones;Gallo;paquete de 125 g., 20 placas.;0,51
Canelones precocidos;Riera Marsá;caja de 65 g., 12 placas.;0,86
Lasaña al huevo;Carrefour;caja de 20 placas, 250 g.;0,90
Lasaña a las espinacas;Carrefour;caja de 20 placas, 250 g.;0,90
Lasaña;Del Castillo;paquete de 200 g., 18 placas.;1,47
Lasaña a las espinacas;Gallo;paquete de 250 g., 20 placas.;1,11
Lasaña al huevo;Gallo;paquete de 250 g., 20 placas.;1,11
Spaghetti;Carrefour;paquete de 500 g.;0,36
Spaghetti al huevo;Carrefour;paquete de 500 g.;0,83
Spaghetti;Carrefour eco;paquete de 500 g.;0,85
Spaghetti;Ardilla;paquete de 500 g.;0,62
Spaguetti al huevo;Ardilla;paquete de 500 g.;1,06
Spaghetti con fibra;Ardilla;paquete de 500 g.;1,30
Bavette nº 13;Barilla;paquete de 500 g.;0,80
Bucatini nº 9;Barilla;paquete de 500 g.;0,80
Spaghetti nº 5;Barilla;caja de 500 g.;0,80
Spaghetti largo nº 5;Barilla;paquete de 500 g.;0,90
Spaghettoni  nº 7;Barilla;caja de 500 g.;0,80
Spaghetti;Carret;paquete de 500 g.;0,84
Spaghetti integral;Carret;paquete de 500 g.;1,22
Spaghetti al huevo;El Pavo;paquete de 250 g.;0,57
Spaghetti nº 3;Gallo;paquete de 500 g.;0,99
Spaghetti con vegetales;Gallo;paquete de 500 g.;0,99
Tagliatelle;Barilla;caja de 500 g.;1,47
Tallarines;Ardilla;paquete de 500 g.;0,62
Tallarín;Gallo;paquete de 500 g.;0,63
Fideo cabellín;Carrefour;paquete de 500 g.;0,36
Fideo cabellín;Carrefour;paquete de 1 kg.;0,70
Fideo entrefino;Carrefour;paquete de 500 g.;0,36
Fideo perla al huevo;Carrefour;paquete de 250 g.;0,75
Fideo cabellín;Carrefour eco;paquete de 500 g.;0,85
Fideos cabello de angel;Ardilla;paquete de 500 g.;0,59
Fideo cabello de ángel con fibra;Ardilla;paquete de 500 g.;1,30
Fideo cabellín al huevo;El Pavo;paquete de 500 g.;1,19
Fideo perla al huevo;El Pavo;paquete de 500 g.;1,19
Fideo nº 0;Gallo;paquete de 500 g.;0,36
Maravilla;Gallo;paquete de 500 g.;0,60
Letras;Ardilla;paquete de 500 gramos.;0,59
Macarrones;Carrefour;paquete de 500 g.;0,36
Macarrones al huevo;Carrefour;paquete de 500 g.;0,83
Macarrones tricolores;Carrefour;paquete de 500 g.;0,83
Macarrones;Carrefour eco;paquete de 500 g.;0,85
Macarrón;Ardilla;paquete de 500 g.;0,62
Penne Rigate al huevo;Ardilla;paquete de 500 g.;1,06
Macarrones con fibra;Ardilla;caja de 500 g.;1,30
Macarrones nº 79;Barilla;caja de 500 g.;0,80
Pennettine nº 68;Barilla;paquete de 500 gramos;0,80
Tortiglioni nº 83;Barilla;paquete de 500 g.;0,80
Penne Rigate 73;Barilla;paquete de 500 g.;0,80
Penne Rigate;Carret;paquete de 500 g.;0,84
Penne al Aglio e Peperoncino;Dalla Costa;paquete de 250 g.;1,05
Macarrones con huevo;El Pavo;paquete de 250 g.;0,60
Macarrones al huevo;El Pavo;paquete de 500 g.;1,20
Macarrones;Gallo;paquete de 500 g.;0,99
Plumas con vegetales;Gallo;paquete de 500 g.;0,99
Masa para empanadillas y postres;La Cocinera;paquete de 160 g., 16 obleas.;0,62
Masa para empanadillas y postres;La Cocinera;paquete de 280 g., 16 obleas.;0,99
Masa de hojaldre;La Cocinera;paquete de 230 g.;1,52
Pasta hojaldre;Buitoni;paquete de 230 g.;1,82
Pasta brisa;Buitoni;paquete de 230 g.;1,82
Pasta pizza;Buitoni;paquete de 260 g.;1,79
Ravioli de carne;Gallo;paquete de 500 g.;1,92
Ravioli de carne Spaghetteria;Starlux;sobre de 250 g., 3-4 raciones.;1,45
Ravioli de queso Spaguetteria;Starlux;sobre de 250 g., 3-4 raciones.;1,45
Tortellini de jamón y queso;Barilla;paquete de 250 g., 3-4 raciones.;1,86
Tortellini de queso;Barilla;paquete de 250 g., 3-4 raciones.;1,86
"Tortelloni con ricota y espinaca ""La Collezione""";Barilla;paquete de 250 g.;2,98
Tortellini de carne;Gallo;paquete de 500 g.;1,92
Tortellini de carne Spaghetteria;Starlux;sobre de 250 g., 3-4 raciones.;1,45
Tortellini de espinacas Spaghetteria;Starlux;sobre de 250 g., 3-4 raciones.;1,45
Tortellini de jamón cocido y queso Spaghetteria;Starlux;sobre de 250 g. 3-4 raciones;1,45
Tortellini de queso Spaghetteria;Starlux;sobre 250 g, 3-4 raciones;1,45
Tortellini de pollo Spaghetteria;Starlux;sobre de 250 g., 3-4 raciones.;1,45
Puré de patatas instantáneo;Carrefour;caja de 230 g., 2 bolsas.;0,81
Puré de patatas instantáneo;Carrefour;caja de 500 g., 4 bolsas.;1,47
Puré de patatas instantáneo con leche;Carrefour;caja de 230 g., 2 bolsas.;0,81
Puré de patatas instantáneo;Maggi;caja de 230 g., 2 bolsas.;2,35
Puré de patatas instantáneo con leche;Maggi;caja de 230 g., 2 bolsas.;1,47
After shave Bálsamo;Carrefour;bote de 100 ml.;1,83
After shave Loción;Carrefour;bote de 100 ml.;1,81
Bálsamo hidratante para pieles sensibles;Androderm for Men;caja 30 sobres.;3,78
After shave Loción;Aqua Velva de Williams;bote de 200 ml.;3,55
After shave Bálsamo Avena;Kinesia;bote de 100 ml.;3,90
After shave mentolado vigoroso;Floïd;bote de 150 ml.;4,45
After shave Gel para piel sensible;Gillette Series Cool Wave;bote de 100 ml.;4,10
After shave Loción para piel sensible;Gillette Series Cool Wave;bote de 100 ml.;4,65
After shave Lotion;Kinesia Artic;bote de 300 ml.;3,90
After shave Bálsamo Hidrotermal;La Toja;bote de 100 ml.;3,84
After shave Loción Hidrotermal;La Toja;bote de 150 ml.;3,84
After shave Bálsamo hidratante;Sanex Men;bote de 100 ml.;3,95
Jabón de afeitar Hidrotermal;La Toja;barra de 50 g.;1,30
Brocha de afeitar;Carrefour;1 unidad.;1,80
Crema de afeitar;Carrefour;tubo de 100 ml.;0,93
Crema de afeitar;Gillette;tubo de 100 ml.;1,45
Crema de afeitar Classica Hidrotermal;La Toja;tubo de 150 ml.;1,55
Crema de afeitar para piel sensible Hidrotermal;La Toja;tubo de 150 ml.;1,55
Espuma de afeitar;Gillette Series Artic Ice;bote de 250 ml.;2,88
Espuma de afeitar para piel sensible;Gillette Series Cool Wave;spray de 250 ml.;2,88
Espuma de afeitar;Gillette Series Pacific Light;bote de 250 ml.;2,88
Espuma de afeitar classica Hidrotermal;La Toja;bote de 250 ml.;2,25
Espuma de afeitar para piel sensible Hidrotermal;La Toja;bote de 250 ml.;2,25
Espuma de afeitar Vitamin Care;Nivea For Men;2 spray de 250ml+REGALO Gel baño bifásico 400ml;2,49
Espuma de afeitar Sensitive;Nivea For Men;spray de 250 ml.;2,27
Espuma de afeitar para piel extra sensible;Noxzema Protective Shave;spray 300 ml.;9,61
Espuma de afeitar;Sanex;spray de 250 ml.;2,29
Espuma de afeitar;Williams Ice Blue;bote de 300 ml.;2,45
Gel de afeitar con agentes hidratantes;Carrefour;spray de 200 ml.;1,80
Gel de afeitar;Edge;bote de 200 ml.;2,85
Gel de afeitar Extra Hidratante;Edge;spray de 200 ml.;2,85
Gel de afeitar;Gillette Series Artic Ice;bote de 200 ml.;3,75
Gel de afeitar extra creme para piel sensible Hidrotermal;La Toja;spray de 200 ml.;2,80
Gel de afeitar;Sanex;spray de 200 ml.;2,70
Gel de afeitar;Williams Ice Blue;bote de 200 ml.;2,75
Hojas de afeitar;Gillette Platinum;paquete de 5 unidades.;3,25
Maquinilla de afeitar de cabezal basculante;Carrefour;1 unidad + 3 recambios.;2,10
Máquinilla de afeitar de doble hoja flexible;Carrefour;1 unidad + 2 recambios.;2,70
Maquinilla de afeitar triple hoja;Gillette Mach3 Cool Blue;1 unidad + 2 recambios.;4,60
Maquinilla de afeitar metal;Wilkinson Protector 3D Diamond;1 unidad + 2 recambios.;5,68
Maquinilla de afeitar desechable de cabezal basculante;Carrefour;bolsa 10 unidades;2,10
Maquinilla de afeitar desechable;Carrefour;bolsa de 10 unidades.;2,88
Maquinilla de afeitar desechable;Gillette Blue II;bolsa de 10 unidades.;4,75
Maquinilla de afeitar desechable;Gillette Blue II Plus Slalom;bolsa de 10 unidades;4,96
Maquinilla afeitar desechable;Wilkinson Extra II Precision;10 uds.;4,26
Maquinilla afeitar desechable;Wilkinson Extra II Sensitive;10 uds.;4,26
Maquinilla afeitar desechable triple hoja;Wilkinson Xtreme III;paquete de 4 uds.;5,26
Maquinilla de afeitar desechable triple hoja;Wilkinson Xtreme III;paquete 8 uds.;9,55
Recambio para maquinilla de afeitar de cabezal basculante;Carrefour;paquete 10 uds;2,10
Recambio para maquinilla de afeitar;Gillette Series Contour;paquete de 10 unidades;8,15
Recambio para maquinilla de afeitar;Gillette G II;paquete de 10 unidades.;8,15
Recambio para maquinilla de afeitar;Gillette Mach3;paquete de 4 unidades.;12,45
Recambio para maquinilla de afeitar;Gillette Sensor;paquete de 5 unidades.;5,25
Recambio para maquinilla de afeitar;Gillette Sensor;paquete de 10 unidades.;9,80
Recambio para maquinilla de afeitar;Gillette Sensor Excel;paquete de 5 unidades.;5,68
Recambio para maquinilla de afeitar;Gillette Sensor Excel;paquete de 10 unidades.;10,39
Recambio para maquinilla de afeitar;Wilkinson FX Diamond;paquete de 4 unidades.;5,68
Recambio para maquinilla de afeitar;Wilkinson FX Diamond;paquete de 8 unidades.;10,43
Recambio para maquinilla de afeitar;Wilkinson Duplo II Plus;paquete de 10 unidades;6,16
Cargador para maquinilla de afeitar;Wilkinson FX Performer;paquete de 5 uds.;4,92
Recambio para maquinilla de afeitar;Wilkinson FX Performer;paquete de 10 unidades.;9,19
Recambio para maquinilla de afeitar;Wilkinson Protector 3D Diamond;paquete 4 uds.;5,68
Recambio para maquinilla de afeitar;Wilkinson Protector 3D Diamond;paquete 8 uds.;10,43
Bandas depilatorias corporales de cera fría;Taky Sport for Men;caja 6 bandas dobles;2,85
Crema depilatoria corporal hidratante;Taky for Men;tubo de 150 ml.;3,94
After sun Loción hidratante;Carrefour;bote de 400 ml.;2,94
Leche solar Factor 4 + After sun loción hidratante;Carrefour;bote 200 ml + 200 ml.;3,90
After sun efecto frescor;Delial;bote de 400 ml.;7,45
After sun;Ecran Aftersun;bote de 200 ml.;4,51
After sun Loción con aloe vera;Nivea Sun;bote de 400 ml.;7,48
Gel after sun hidratante;Carrefour;bote de 200 ml.;2,95
Spray After sun Loción hidratante;Carrefour;bote de 150 ml.;2,95
Spray After sun efecto frescor;Delial;bote de 150 ml.;5,57
Leche en spray con mimosa;Ecran Aftersun;bote de 200 ml.;4,92
Spray After sun Calmante acción inmediata;Ecran Aftersun;bote de 200 ml.;4,80
Spray After sun;Nivea Sun;bote de 200 ml.;8,31
Esponja de baño anatómica;Carrefour;3 unidades.;2,04
Esponja de baño suave doble acción;Actibel;1 unidad.;1,99
Esponja de baño Peeling;Actibel;1 unidad.;2,50
Esponja de baño tonificante;Actibel;1 unidad.;2,04
Esponja de baño tonificante doble acción;Actibel;1 unidad.;1,55
Esponja de baño vegetal;Actibel;1 unidad.;1,77
Esponja de baño vegetal para bebé;Actibel;2 unidades.;2,04
Gorro de ducha;Carrefour;1 unidad.;1,25
Guante exfoliante de tejido sisal;Carrefour;1 unidad.;8,17
Spray autobronceador sin sol;Carrefour;bote de 150 ml.;4,85
Autobronceador Cuerpo Sublime Bronze Plénitude;L' Oréal;spray de 150 ml.;11,81
Autobronceador Rostro normal/mate Sublime Bronze Plénitude;L' Oréal;bote de 125 ml;11,39
Autobronceador Rostro piel clara Sublime Bronze Plénitude;L' Oréal;bote de 125 ml.;11,39
Leche autobronceadora Rostro-Cuerpo Sublime Bronze Plénitude;L' Oréal;dosificador 150 ml;11,39
Emulsión autobronceadora en spray;Nivea Sun;bote de 150 ml.;8,39
Leche solar especial niños Factor 30;Carrefour;bote de 200 ml.;4,80
Leche solar niños Factor Protección Extrema 60;Ambre Solaire;bote de 200 ml.;12,91
Leche solar niños Factor 15;Delial;bote de 200 ml.;8,05
Leche solar niños Factor 30;Nenuco;bote de 200 ml.;7,25
Emulsión solar en spray niños con color Factor 20;Nivea Sun;bote de 200 ml.;11,84
Leche solar Facial Factor 12;Carrefour;tubo de 75 ml.;2,10
Leche solar Facial Factor 20;Carrefour;tubo de 75 ml.;3,55
Crema pantalla hidratante Intolerancias Solares Factor 60;Ambre Solaire;tubo 75 ml;12,41
Crema especial rostro Pieles Sensibles Factor 30;Ambre Solaire;tubo de 75 ml.;9,73
Crema solar facial anti-envejecimiento Factor 20;Nivea Sun;tubo de 50 ml.;8,20
Crema solar facial anti-envejecimiento Factor 30;Nivea Sun;tubo de 50 ml.;9,19
Aceite solar en spray Bronceado Intensivo Factor 2;Nivea Sun;bote de 150 ml.;5,86
Leche solar Bronceado Intensivo;Nenuco;bote de 200 ml.;5,45
Leche de zanahoria Bronceado Intensivo Factor 2;Nivea Sun;bote de 200 ml.;6,59
Emulsión solar en spray Bronceado Intensivo Factor 2;Nivea Sun;bote de 200 ml.;7,52
Gelatina de zanahoria Bronceado Intensivo Factor 2;Nivea Sun;tarro de 125 ml.;4,91
Leche solar Factor 4 + After sun loción hidratante;Carrefour;bote 200 ml + 200 ml.;3,90
Leche solar con proteínas de leche Factor 4;Lactovit;bote de 200 ml.;5,71
Leche solar Factor 4;Nenuco;bote de 200 ml.;5,45
Leche hidratante protectora Factor 12;Ambre Solaire;bote de 200 ml.;8,60
Leche solar doble acción Factor 12;Delial;bote de 200 ml.;7,45
Leche solar niños Factor 15;Delial;bote de 200 ml.;8,05
Leche solar Factor 12;Nivea Sun;bote de 400 ml.;12,78
Leche solar reafirmante Factor 15;Nivea Sun;bote de 200 ml.;11,24
Leche solar Factor 16;Carrefour;bote de 200 ml.;4,08
Leche solar Factor 20;Nivea Sun;bote de 200 ml.;9,49
Leche solar Factor 25;Carrefour;bote de 200 ml.;4,80
Leche solar Pieles Sensibles Factor 20;Carrefour;bote de 200 ml.;4,20
Leche solar especial niños Factor 30;Carrefour;bote de 200 ml.;4,80
Leche solar niños Factor 30;Nenuco;bote de 200 ml.;7,25
Crema pantalla hidratante Intolerancias Solares Factor 60;Ambre Solaire;tubo 75 ml;12,41
Leche solar pantalla para piel ultra sensible Factor 45;Ambre Solaire;bote 200 ml.;14,36
Leche solar niños Factor Protección Extrema 60;Ambre Solaire;bote de 200 ml.;12,91
Leche solar para pieles sensibles Factor 10;Nenuco Sensitive;bote de 200 ml.;6,85
Leche solar para pieles sensibles Factor 16;Nenuco Sensitive;bote de 200 ml.;6,85
Gel solar Factor 4;Delial;tubo de 150 ml.;6,05
Loción antimosquitos con filtros solares Factor 8;Nenuco;bote de 200 ml.;5,45
Leche solar spray Factor 4;Carrefour;bote de 150 ml.;3,60
Spray solar doble acción Factor 4;Delial;bote de 150 ml.;6,05
Leche solar en spray Factor 10;Carrefour;bote de 150 ml.;3,90
Spray hidratante protector Factor 10;Ambre Solaire;bote de 200 ml.;10,61
Leche solar spray Factor 10;Nenuco;bote de 200 ml.;8,75
Emulsión solar en spray Factor 10;Nivea Sun;bote de 200 ml.;10,01
Leche solar en spray Factor 15;Carrefour;bote de 150 ml.;3,99
Spray hidratante protector Factor 15;Ambre Solaire;bote de 200 ml.;11,69
Emulsión solar en spray Factor 15;Nivea Sun;bote de 200 ml.;10,96
Spray hidratante alta protección Factor 20;Ambre Solaire;bote de 200 ml.;11,31
Emulsión solar en spray niños con color Factor 20;Nivea Sun;bote de 200 ml.;11,84
Emulsión solar en spray Factor 30;Nivea Sun;bote de 200 ml.;12,90
Toallitas solares Factor 10;Carrefour;paquete de 20 unidades.;2,95
Colonia familiar fresca;Carrefour;bote de 750 ml.;2,76
Colonia familiar;Agua de Rosas de Nelia;bote de 750 ml.;3,48
Colonia familiar;Nenuco Siempre Fresca;bote de 750 ml.;2,85
Colonia familiar Classic Fresh Sensaciones;S-3;bote de 750 ml.;2,95
Colonia familiar Natural Fresh Sensaciones;S-3;bote de 750 ml.;2,95
Colonia familiar;Sanex;bote de 750 ml.;2,89
Colonia infantil;Carrefour;bote de 750 ml.;1,80
Colonia infantil suave;Denenes;bote de 750 ml;2,97
Colonia infantil baja en alcohol;Johnson's Baby;bote de 200 ml.;3,36
Colonia infantil baja en alcohol;Johnson's Baby;bote de 750 ml.;4,20
Colonia infantil;Nenuco;bote de 750 ml.;2,79
Colonia familiar;Nenuco Siempre Fresca;bote de 750 ml.;2,85
Agua de colonia bebé;Petit Cheri;bote de 200 ml.;5,26
Colonia infantil;Petit Cheri;bote de 750 ml.;2,98
Agua de colonia;Agua de Vida;frasco de 150 ml.;8,77
Agua de colonia;Anouk;frasco de 100 ml.;7,95
Agua de colonia;Azur de Puig;frasco de 100 ml.;8,65
Agua de colonia;B.U.;vaporizador de 100 ml.;12,11
Agua de colonia;Chanson d´Air;frasco de 100 ml.;8,41
Agua de colonia;Chanson d´Eau;frasco de 100 ml.;8,41
Agua de colonia;Depende Azul;frasco de 100 ml.;8,60
Agua de colonia;Depende Verde;frasco de 100 ml.;8,60
Agua de colonia;Diavolo per Donna;frasco de 100 ml.;12,71
Agua de colonia;Don Algodón;frasco de 100 ml.;11,60
Agua de colonia Minifruits tropical;Don Algodón;3 frascos de 30 ml.;13,01
Agua de colonia Minifruits;Don Algodón;3 frascos de 30 ml.;13,01
Agua de colonia;Due Donna di Titto Bluni;vaporizador de 100 ml.;15,60
Agua de colonia;Eau D´été;frasco de 100 ml.;6,99
Agua de colonia;Faste One;frasco de 100 ml.;7,18
Agua de colonia;Fleur de Jour;vaporizador de 100 ml.;12,95
Agua de colonia;Flor de Agatha;vaporizador de 50 ml.;12,25
Agua de colonia;Fraîche de Genesse;frasco de 100 ml.;6,90
Agua de colonia;Heno de Pravia;frasco de 200 ml.;7,81
Agua de colonia unisex;Herbissimo Té verde;frasco de 330 ml.;9,69
Agua de colonia;Prêt à Porter;frasco de 100 ml.;10,90
Agua de colonia;Prêt à Porter Casual Wear;frasco de 100 ml.;12,17
Agua de colonia;Promesa;frasco de 100 ml.;14,85
Agua de colonia;Puzzle;frasco de 100 ml.;10,21
Agua de colonia;Zinnia;frasco de 100 ml.;18,60
Agua de colonia;Acqua Di Titto;vaporizador de 100 ml.;11,57
Agua de colonia;Adidas Dynamic;frasco de 100 ml.;10,51
Agua de colonia;Adidas Sport;frasco de 100 ml.;10,51
Agua de colonia;Adidas Team;frasco de 100 ml.;10,51
Agua de colonia;Agua Brava;frasco de 100 ml.;13,99
Agua de colonia;Agua de Lavanda de Puig;frasco de 200 ml.;8,59
Agua de colonia;Boston Man;frasco de 100 ml.;8,50
Agua de colonia;Brummel;frasco de 250 ml.;8,99
Agua de colonia;Crossmen;frasco de 100 ml.;8,99
Agua de colonia;Diavolo;frasco de 100 ml.;12,23
Agua de colonia;Don Algodón Hombre;frasco de 100 ml.;10,59
Agua de colonia Natural;Don Algodón Hombre;frasco de 100 ml.;14,00
Agua de colonia;Due Uomo di Titto Bluni;vaporizador de 100 ml.;15,60
Agua de colonia;Dutti Sport de Massimo Dutti;frasco de 100 ml.;14,80
Agua de colonia;Impacto;vaporizador de 100 ml.;6,30
Agua de colonia;Indome;frasco de 100 ml.;12,23
Agua de colonia;Jackerton;frasco de 100 ml.;6,58
Agua de colonia;Jacq's;frasco de 100 ml.;6,94
Agua de colonia;Massimo Dutti;frasco de 100 ml.;14,12
Agua de colonia;Mediterráneo;frasco de 100 ml.;10,75
Agua de colonia;Patrichs;frasco de 125 ml.;10,25
Agua de colonia;"Pull &amp; Bear";frasco de 100 ml.;8,71
Agua de colonia;Royal Ambree;frasco de 200 ml;7,99
Agua de colonia;Springfield;frasco de 100 ml.;8,05
Agua de colonia;Titto Bluni;frasco de 100 ml.;13,55
Agua de colonia;Varon Dandy;frasco de 1.000 ml.;9,67
Agua de colonia;Williams Sport;frasco de 200 ml.;8,71
Cepillo esqueleto pequeño de púas de nylon con bolitas;Carrefour;1 unidad.;1,17
Cepillo neumático de púas de nylon con bolitas;Carrefour;1 unidad.;3,00
Cepillo térmico de caucho negro con filamentos de nylon;Carrefour;1 unidad.;4,42
Peine concha de bolsillo de púa rígida;Carrefour;1 unidad.;0,81
Peine concha familiar de púa rígida;Carrefour;1 unidad.;0,99
Peine de doble púa;Carrefour;1 unidad.;1,05
Peine de púa redondeada;Carrefour;4 unidades.;1,91
Peineta ahuecadora de púa anatómica;Carrefour;1 unidad.;1,11
Mascarilla capilar con leche hidratante cabello seco/teñido;Dove;tarro de 250 ml.;5,85
Mascarilla capilar Kéra-Proteínas cabello castigados/teñidos;Elvive;tubo de 200 ml;4,45
Mascarilla Nutri-Ceramida cabello dañado/seco/quebradizo;Elvive;tarro de 150 ml.;5,49
Mascarilla Nutri-Filtro para cabello teñido o con mechas;Elvive;tarro de 150 ml.;5,49
Mascarilla capilar Liso-Intenso con Nutrileum;Elvive;tarro de 150 ml.;5,38
Mascarilla capilar en espuma Volumizante anti-envejecimiento;Elvive Regenium;spray 150ml;5,49
Mascarilla capilar Fortificante Anticaspa acción exfoliante;Fructis Style;tarro 150 ml;4,75
Mascarilla capilar Fortificante cabello seco/castigado;Fructis;tarro de 150 ml.;4,75
Mascarilla capilar Fortificante cabello teñido/permanentado;Fructis;tarro 150 ml.;4,75
Mascarilla capilar para cabellos secos y dañados;Les Karités;tarro de 500 ml.;12,00
Mascarilla capilar regeneradora cabello dañado o coloreado;Timotei;tarro de 250 ml;3,79
Tratamiento reparador puntas secas y castigadas;Fixonia;frasco de 25 ml.;6,28
Loción anti-caída mujer;Kerzo;frasco de 100 ml.;6,35
Tratamiento capilar Seda Mantenimiento;Kerzo;frasco de 200 ml.;6,35
Tratamiento Anticaída;Llongueras System Pro;caja de 5 ampollas de 10 ml.;8,45
Tratamiento capilar Liquid Hair con ceras de frutas;Wella Balsam;frasco de 100 ml.;7,15
Tratamiento capilar Liquid Hair;Wella Balsam;frasco de 100 ml.;7,15
Tratamiento Hairmilk con ceras naturales de frutas;Wella Balsam;frasco de 100 ml.;7,15
Crema fluida colorante negro azulado nº 12;Dédicace de L´Oréal;caja de 1 unidad.;3,19
Aceite corporal;Johnson's Baby Aloe Vera;bote de 500 ml.;3,19
Aceite corporal;Johnson's Baby Camomila;bote de 500 ml.;3,25
Aceite-gel corporal;Johnson's Baby Camomila;bote de 200 ml.;3,19
Aceite corporal tonificante Oleonergy Plénitude;L' Oreal Body Expertise;spray 150 ml.;10,07
Aceite corporal hidratante;Natural Honey;bote de 400 ml.;2,69
Aceite corporal doble acción;Natural Honey;bote de 400 ml.;2,76
Gel reductor + reafirmante PerfectSlim Plénitude;L'Oreal Body Expertise;tubo 200 ml.;13,66
Gel reductor anticelulítico Multi Active;Margaret Astor;tubo de 50 ml.;3,60
Crema anticelulítica;Naturaleza y Vida;bote de 250 ml.;12,35
Gel reductor celulítico;Naturaleza y Vida;bote de 250 ml.;8,90
Gel anticelulítico;Vitesse Kinesia;tubo de 200 ml.;13,15
Gel anticelulítico para zonas rebeldes;Vitesse Kinesia;tubo de 150 ml.;13,25
Tratamiento intensivo reductor de celulitis;Vitesse Kinesia;caja de 15 ampollas.;17,45
Crema corporal Anti-Estrías Prevent;Vitesse;tarro de 200 ml.;13,64
Crema corporal Anti-Estrías Correct;Vitesse;roll-on de 75 ml.;6,45
Leche corporal con avena todo tipo de piel;Carrefour;bote de 400 ml.;1,47
Leche corporal hidratante con miel;Carrefour;bote de 400 ml.;1,47
Loción corporal piel normal;Carrefour;dosificador de 400 ml.;1,77
Leche corporal hidratante Avena;Kinesia;bote de 400 ml.;3,49
Leche corporal nutritiva para piel seca Avena;Kinesia;bote de 400 ml.;3,40
Leche corporal reafirmante Avena;Kinesia;bote de 300 ml.;3,50
Leche corporal hidratante con Urea-Láctico Avena;Kinesia;bote de 300 ml.;3,55
Body Lotion Hydrocare para piel normal con Agua de Manantial;Dove;bote de 400 ml.;3,85
Body Milk extra cremoso para piel seca;Dove;bote de 400 ml.;3,85
Body Silk;Dove;tarro de 300 ml.;4,80
Body Milk;Faste One;dosificador de 250 ml.;2,95
Loción corporal hidratante de avena y miel;Johnson's PH 5.5;bote de 400 ml.;3,30
Leche corporal hidratante con proteínas de leche;Lactovit;bote de 400 ml.;3,65
Leche corporal hidratante piel seca con proteínas de leche;Lactovit;bote de 400 ml;3,65
Leche corporal Hydrafresh Plénitude;L'Oreal Body Expertise;spray 150 ml.;7,06
Leche corporal pieles normales Nutrilift Plénitude;L'Oreal Body Expertise;bote 250 ml.;7,06
Leche corporal pieles secas Nutrilift Plénitude;L'Oreal Body Expertise;bote 250 ml;7,06
Loción corporal hidratante;Lubriderm;dosificador de 400 ml.;3,99
Loción corporal hidratante para pieles sensibles;Lubriderm;dosificador de 400 ml.;3,99
Loción corporal hidratante para piel madura y fatigada;Natural Honey;bote 400 ml.;3,60
Loción corporal hidratante para piel normal y seca;Natural Honey;bote de 400 ml.;3,66
Body Milk nutritivo para piel seca;Nivea Body;2 dosificadores 400ml+REGALO Gel baño bifásico 400ml;4,75
Loción corporal hidratante para piel normal;Nivea Body;2 dosificadores 400ml+REGALO Gel baño bifásico 400ml;4,75
Loción corporal hidratante Efecto Luminoso;Nivea Body;bote de 200 ml.;4,55
Loción corporal reafirmante con liposomas;Nivea Body;2 dosificadores 400ml+REGALO Gel baño bifásico 400ml;5,30
Crema;Nivea Creme;lata de 250 ml.;3,40
Crema hidratante;Nivea Soft;tarro de 200 ml.;3,65
Body Gel corporal hidratante;Sanex;bote de 400 ml.;3,58
Loción corporal hidratante para piel normal;Sanex;bote de 400 ml.;3,58
Body Milk reafirmante;Vasenol;bote de 500 ml.;3,75
Emulsión corporal hidratante;Vitesse Kinesia;bote de 300 ml.;4,85
Gel de ducha exfoliante;Fresh feel;tubo de 200 ml.;4,50
Exfoliante corporal Exfotonic Plénitude;L'Oreal Body Expertise;tarro de 200 ml.;10,07
Gel exfoliante corporal;Nivea Body;tubo de 150 ml.;6,25
Gel de ducha exfoliante;Vitesse Kinesia;tubo de 150 ml.;6,75
Leche corporal reafirmante Avena;Kinesia;bote de 300 ml.;3,50
Loción corporal reafirmante con liposomas;Nivea Body;dosificador de 400 ml.;5,30
Loción corporal reafirmante con liposomas;Nivea Body;2 dosificadores 400ml+REGALO Gel baño bifásico 400ml;11,65
Gel reafirmante de senos;Vitesse Kinesia;dosificador de 50 ml.;11,45
Parches moldeadores;Vitesse Kinesia;caja de 4 sobres.;27,28
Afilalapices de cosmética;Carrefour;1 unidad.;1,17
Brocha de maquillaje;Carrefour;1 unidad.;3,24
Espejo con soporte dos caras, normal y doble aumento;Carrefour;1 unidad.;18,00
Espejo dos caras, normal y doble aumento;Carrefour;1 unidad.;3,00
Esponja de látex partible;Carrefour;1 unidad.;1,35
Discos desmaquilladores Maxi Duo;Demak'Up;bolsa de 40 unidades;1,45
Esponja desmaquilladora;Carrefour;1 unidad.;1,17
Rizapestañas;Carrefour;1 unidad.;3,00
Crema contorno ojos;Les Cosmétiques Carrefour;tubo de 15 ml.;6,55
Contorno de ojos Visible A+;Diadermine;tarro de 15 ml.;9,90
Borrador de arrugas de ojos con Retinol Puro Plénitude;L'Oreal;tubo de 15 ml.;12,45
Crema de ojos anti-arrugas + firmeza Plénitude Revitalift;L'Oréal;tarro de 15 ml.;10,95
Contorno de ojos anti-arrugas Q10;Nivea Visage;tubo de 15 ml.;8,99
Contorno de ojos reafirmante piel madura;Nivea Vital;tubo de 15 ml.;9,48
Contorno de ojos Compensating;Pond's;15 ml + REGALO MASAJE Instituto Pond's.;5,65
"Crema facial nutritiva Vitamine Care &amp; Filtros-UV";Nivea For Men;tarro de 50 ml.;6,45
Crema Revitalizante Q10  Vitamin Care;Nivea For Men;dosificador de 50 ml.;7,99
Gel limpiador facial sin jabón Vitamin Care;Nivea For Men;tubo de 150 ml.;4,99
Discos desmaquilladores Duo Face;Carrefour;bolsa de 70 unidades.;1,45
Esponja desmaquilladora;Carrefour;1 unidad.;1,17
Gel facial exfoliante;"Clean &amp; Clear";tubo de 150 ml.;5,64
Gel limpiador profundo Purifica los Poros;Synergie Pure;bote de 150 ml.;4,19
Gel exfoliante suave para todo tipo de piel;Nivea Visage;tubo de 75 ml.;5,68
Leche desmaquilladora piel normal y mixta;Les Cosmétiques Carrefour;bote 250 ml;2,64
Leche desmaquilladora piel seca y sensible;Les Cosmétiques Carrefour;bote 250 ml.;2,64
Leche limpiadora suave todo tipo de piel;Diadermine;bote de 250 ml.;4,10
Leche limpiadora suave para pieles maduras;Diadermine Reactivance;bote de 250 ml.;3,75
Gel mousse facial piel normal y mixta Hydrafresh Plénitude;L' Oréal;tubo de 150 ml;5,70
Leche limpiadora anti-edad Révèle+ Plénitude;L' Oréal;bote de 200 ml.;4,74
Leche desmaquillante anti-fatiga Age Perfect Plénitude;L' Oréal;bote de 200 ml.;4,60
Gel limpiador al agua para piel normal y mixta;Nivea Visage;tubo de 150 ml.;4,54
Leche limpiadora revitalizante piel normal y mixta;Nivea Visage;bote de 300 ml.;4,45
Leche limpiadora hidratante piel madura;Nivea Vital;bote de 200 ml.;4,99
Crema limpiadora revitalizante al agua piel madura;Nivea Vital;dosificador 150 ml.;5,67
Crema limpiadora y tónico;Pond's;bote de 250 ml.;4,35
Espuma limpiadora sin jabón;Pond's;spray de 150 ml.;4,35
Gel limpiador suave para pieles mixtas Equilibran-T;Pond's;bote de 150 ml.;4,30
Leche multi-desmaquillante;Synergie;bote de 200 ml.;3,99
Leche limpiadora hidratante para todo tipo de piel;Vitesse Kinesia;bote de 200 ml.;4,20
Tónico desmaquillador para ojos;Les Cosmétiques Carrefour;bote de 150 ml.;2,10
Agua desmaquillante 3 en 1 con té verde;Diadermine Hidra-Protect;spray de 200 ml.;4,75
Desmaquillante de ojos Plénitude;L' Oreal;bote de 125 ml.;4,41
Desmaquillador suave de ojos;Nivea Visage;bote de 125 ml.;4,10
Desmaquillante suave de ojos y labios Plénitude;L' Oreal;bote de 125 ml.;4,25
Desmaquillador de ojos todo tipo de piel;Vitesse Kinesia;bote de 125 ml.;3,65
Tónico facial para piel normal y mixta;Les Cosmétiques Carrefour;bote de 250 ml.;2,64
Tónico facial para piel seca y sensible;Les Cosmétiques Carrefour;bote de 250 ml.;2,64
Tónico facial sin alcohol para todo tipo de piel;Diadermine;bote de 250 ml.;3,75
Tónico desmaquillante anti-fatiga Age Perfect Plénitude;L'Oreal;bote de 200 ml.;4,60
Tónico anti-edad Révèle+ Plénitude;L' Oréal;bote de 200 ml.;4,85
Tónico facial suave piel seca y sensible;Nivea Visage;bote de 200 ml.;4,60
Tónico facial vitalizante para piel madura;Nivea Vital;bote de 200 ml.;4,99
Tónico facial revitalizante;Synergie C;bote de 200 ml.;3,99
Tónico facial astringente para pieles grasas y mixtas;Synergie Pure;bote de 200 ml;4,19
Tónico facial refrescante sin alcohol para todo tipo de piel;Vitesse;bote 200 ml.;4,20
Loción limpiadora;"Clean &amp; Clear";bote de 200 ml.;5,19
Loción limpiadora piel sensible;"Clean &amp; Clear";bote de 200 ml.;5,19
Toallitas faciales limpieza profunda;"Clean &amp; Clear";paquete de 25 unidades.;2,76
Gel exfoliante suave para todo tipo de piel;Nivea Visage;tubo de 75 ml.;5,68
Gel limpiador al agua para piel normal y mixta;Nivea Visage;tubo de 150 ml.;4,54
Tiras limpia poros;Pond's;caja de 5 unidades.;4,50
Toallitas desmaquilladoras;Les Cosmétiques Carrefour;paquete de 30 unidades.;2,76
Toallitas desmaquillantes hidratantes todo tipo de piel;Diadermine;paquete 20 uds.;2,76
Toallitas faciales Rostro y Ojos normal/mixta Plénitude;L'Oréal;paquete 25 uds.;2,99
Toallitas faciales Rostro y Ojos seca/sensible Plénitude;L' Oréal;paquete 25 uds.;2,85
Toallitas desmaquillantes todo tipo de piel;Natural Honey;paquete de 20 unidades.;2,39
Toallitas desmaquilladoras pieles con tendencia acnéica;Vitesse Kinesia;20 unidades;2,60
Toallitas desmaquilladoras para pieles mixtas;Vitesse Kinesia;paquete 20 unidades.;2,49
Toallitas desmaquillantes para pieles normales;Vitesse Kinesia;paquete 20 unidades;2,49
Toallitas desmaquilladoras para piel sensible;Vitesse Kinesia;paquete 20 unidades.;2,49
Alicate para manicura corta pieles;Carrefour;1 unidad.;5,38
Alicate para manicura de uñas;Carrefour;1 unidad.;5,98
Cepillo de uñas;Carrefour;1 unidad.;1,21
Cortacutículas con lima y bajapieles;Carrefour;1 unidad.;4,18
Cortauñas cromado con lima;Carrefour;1 unidad.;1,23
Lima de uñas de coridón;Carrefour;10 unidades.;1,40
Lima de uñas de fibra de vidrio;Carrefour;1 unidad.;1,41
Lima de uñas de zafiro;Carrefour;1 unidad.;2,40
Tijera de manicura pieles curva;Carrefour;1 unidad.;5,14
Tijera de manicura uñas curva;Carrefour;1 unidad.;5,14
Crema de manos hidratante de avena;Carrefour;tubo de 150 ml.;1,45
Crema de manos hidratante de avena;Carrefour;tarro de 200 ml.;1,55
Crema de manos hidratante intensiva;Les Cosmétiques Carrefour;tubo de 125 ml.;1,85
Crema de manos cuidado intensivo;Atrix;lata de 250 ml.;3,39
Crema de manos hidratante intensiva Avena;Kinesia;tubo de 75 ml.;2,07
Crema de manos hidratante Avena;Kinesia;tarro de 200 ml.;2,99
Crema de manos y uñas protectora;Eudermin;tubo de 50 ml.;1,55
Crema de manos protectora;Eudermin;tubo de 75 ml.;1,55
Crema de manos reparadora pieles secas y estropeadas;Eudermin;tubo de 75 ml.;1,79
Crema;Nivea Creme;2 latas de 250 ml.+REGALO Gel baño bifásico 400 ml.;3,40
Crema hidratante;Nivea Soft;2 tarros de 200 ml.+REGALO Gel baño bifásico 400 ml.;3,65
Crema de manos Cuidado Reparador Q10;Nivea Hand;tubo de 75 ml.;3,20
Crema de manos Hidratante Activa;Nivea Hand;tubo de 75 ml.;2,50
Crema de manos Nutritiva Intensiva;Nivea Hand;tubo de 75 ml.;2,75
Crema de manos y uñas cuidado intensivo;Vasenol;bote de 200 ml.;3,45
Crema de manos cuidado intensivo;Vasenol;bote de 300 ml.;3,45
Quitaesmalte;Carrefour;bote de 200 ml.;0,99
Quitaesmalte hidratante;Cutex;bote de 100 ml.;1,55
Quitaesmalte hidratante;Cutex;bote de 200 ml.;1,99
Cortauñas para pies con depósito;Carrefour;1 unidad.;2,76
Cortacallos;Carrefour;1 unidad.;4,42
Hojas cortacallos;Carrefour;caja de 10 unidades.;2,40
Lima para callos y durezas;Carrefour;1 unidad.;2,98
Piedra quitadurezas;Carrefour;1 unidad.;1,35
Piedra anti-durezas;Dr. Scholl's;1 unidad.;3,60
Spray desodorante para el calzado;Carrefour;bote de 150 ml.;4,42
Spray refrescante desodorante para los pies;Carrefour;bote de 150 ml.;4,42
Desodorante refrescante para pies;Byrelax de Byly;bote de 200 ml.;3,50
Polvos superabsorbentes Odor Control;Dr Scholl´s;bote de 75 g.;4,56
Spray desodorante para calzado Odor Control;Dr. Scholl's;bote de 150 ml.;4,98
Spray desodorante para pies Odor Control;Dr. Scholl's;bote de 150 ml.;4,98
Desodorante con talco para pies;Sanex;spray de 200 ml.;3,95
Plantillas Confort niños;Carrefour;paquete de 1 par.;2,73
Plantillas Deportivas;Carrefour;paquete de 1 par.;3,00
Plantillas Desodorantes;Carrefour;paquete de 1 par.;2,50
Plantillas Calor Confortable;Kiwi;paquete de 1 par.;3,25
Plantillas Frescor Relajante;Kiwi;paquete de 1 par.;3,25
Plantillas Olor Desodorante;Kiwi;paquete de 1 par.;3,25
Parches para durezas;Carrefour;paquete de 4 unidades.;1,35
Parches para ojos de gallo;Carrefour;paquete de 6 unidades.;1,35
Parches para callos;Carrefour;paquete de 6 unidades.;1,35
Talonera piel natural;Carrefour;paquete de 1 par.;2,44
Almohadilla plantar;Dr. Scholl´s;paquete de 1 par.;5,38
Parches antiampollas grande;Dr. Scholl's;estuche de 5 unidades.;5,92
Parches protectores para durezas;Dr. Scholl's;paquete de 4 unidades.;3,06
Talonera pequeña talla 35-40;Dr. Scholl's;paquete de 1 par.;4,96
Crema antisequedad para pies;Dr. Scholl's;tubo de 75 ml.;5,92
Crema exfoliante para pies;Dr. Scholl's;tubo de 75 ml.;6,10
Gel tonificante y revitalizante para pies;Dr. Scholl's;tubo de 125 ml.;6,16
Sales tonificantes para pies;Dr. Scholl's;caja de 400 g.;5,92
Crema protectora pies;Eudermin;tubo de 75 ml.;1,85
Cera depilatoria para calentar perlas clorofila;Marie Yvonne;bote de 325 g.;4,08
Cera depilatoria para calentar perlas natural;Marie Yvonne;bote de 325 g.;3,54
Papeles depilatorios corporales de cera fría;Daen;caja de 8 papeles dobles.;2,34
Bandas depilatorias faciales de cera fría;Maria Yvonne;caja de 6 bandas dobles.;1,43
Papeles depilatorios corporales de cera fría con camomila;Taky;caja de 16 bandas.;2,16
Papeles depilatorios corporales de cera fría 3 en 1 cereza;Taky;caja de 16 bandas.;2,16
Papeles depilatorios corporales de cera fría manzana verde;Taky;caja de 16 bandas.;2,16
Papeles depilatorios faciales de cera fría;Taky;caja de 20 bandas.;1,71
Papeles depilatorios faciales de cera fría frutal;Taky;caja de 20 bandas.;1,85
Bandas depilatorias corporales de cera fría;Taky Sport for Men;caja 6 bandas dobles;2,85
Cera depilatoria fría con miel y camomila;Taky Fresh;roll-on de 125 ml.;6,30
Bandas depilatorias faciales / bikini de cera fría;Veet;caja de 10 bandas dobles.;3,42
Bandas depilatorias corporales de cera fría;Veet;caja de 6 bandas dobles.;2,99
Cera depilatoria tibia Método Oriental;Carrefour;tarro de 250 ml.;3,96
Cera depilatoria tibia corporal;Byly;roll-on + recambio de 75 ml.;4,42
Cera depilatoria tibia Menta - Té Verde;Byly;roll-on de 75 ml.;4,05
Cera depilatoria tibia con azúcar de remolacha;Marie Yvonne;roll-on de 90 ml.;4,59
Cera depilatoria tibia al azúcar;Taky;roll-on de 125 ml.;5,38
Cera depilatoria tibia frutal Manzana Verde;Taky;roll-on de 125 ml.;4,92
Cera depilatoria tibia frutal Melón y Melocotón;Taky;roll-on de 125 ml.;4,92
Cera depilatoria fría con miel y camomila;Taky Fresh;roll-on de 125 ml.;6,30
Cera depilatoria tibia con aceites esenciales;Veet;tarro de 250 ml.;5,10
Cera depilatoria tibia al té verde;Veet;tarro de 250 ml.;5,10
Cera depilatoria tibia  Aquasystem;Veet;roll-on + 2 recambios de 50 ml;7,06
Cera depilatoria tibia Aquasystem Flores de Algodón;Veet;roll-on +2 recambios 50ml;7,18
Cera depilatoria tibia roll-on Aquasystem;Veet;2 recambios de 50 ml.;5,89
Cera depilatoria tibia especial vello corto;Veet Perfect;roll-on de 100 ml.;6,46
Crema depilatoria corporal para pieles y zonas delicadas;Byly;tubo de 100 ml.;2,30
Crema depilatoria corporal perfume floral;Taky;tubo de 125 ml.;2,70
Crema depilatoria corporal hidratante;Taky for Men;tubo de 150 ml.;3,94
Crema depialatoria axilas;Veet;stick de 40 ml. + Espátula.;3,90
Crema depilatoria corporal aroma Aires de Naturaleza;Veet;tubo de 100 ml.;2,98
Crema depilatoria corporal aroma a rosas;Veet;tubo de 100 ml.;2,98
Crema depilatoria pieles sensibles Duo Bikini;Veet;caja de 2 tubos de 50 ml.;3,73
Crema depilatoria corporal para Pieles Sensibles;Veet;tubo de 100 ml.;3,84
Crema decolorante facial y corporal;Marie Yvonne;decolorante 50ml + activadora 50ml;4,69
Crema decolorante facial y corporal;Taky;tubo de 30 ml. + 7 g. polvo.;4,68
Crema decolorante rostro y cuerpo;Veet;decolarante de 60 ml. + activadora de 30 ml;6,46
Mousse depilatoria corporal hidratante Aloe Vera;Veet;spray de 200 ml  + Esponja;5,45
Mousse depilatoria corporal tonificante Citrus;Veet;spray de 200 ml  + Esponja;5,45
Gel depilatorio Extra Gentle;Gillette for Women Satin Care;spray de 200 ml.;3,73
Gel depilatorio Melon Splash;Gillette for Women Satin Care;spray de 200 ml.;3,78
Gel depilatorio Wild Berry;Gillette for Women Satin Care;spray de 200 ml.;3,73
Maquinilla de afeitar femenina;Carrefour;1 unidad + 2 recambios.;4,20
Maquinilla de afeitar Venus;Gillette for Women;1 unidad + 2 recambios.;7,95
Maquinilla de afeitar Venus Cristal;Gillette for Women;1 unidad + 2 recambios.;8,33
Maquinilla de afeitar;Gillette Women Sensor Excel;1 unidad.;4,57
Maquinilla de afeitar desechables for Women;Wilkinson Extra II;bolsa de 5 unidades;2,49
Maquinilla de afeitar;Wilkinson Lady Protector;paquete de 1 unidad + 2 recambios.;6,47
Maquinilla de afeitar desechables;Gillette for Women Agileté;bolsa de 4 unidades.;2,76
Recambio para maquinilla de afeitar femenina;Carrefour;paquete de 4 unidades;3,31
Cargador para maquinilla de afeitar Venus;Gillette for Women;paquete de 4 unidades;7,95
Recambio para maquinilla de afeitar;Gillette Women Sensor Excel;paquete 5 unidades;6,19
Pinza depilatoria punta recta pavonada;Carrefour;1 unidad.;2,28
Desodorante crema sin perfume;Byly;50 ml.;2,29
Desodorante crema seda;Byly Fresh;50 ml.;2,29
Desodorante crema;Dove;50 ml.;3,15
Desodorante crema;Dove Sensitive;50 ml.;3,15
Desodorante crema;Rexona Algodón;50 ml.;3,35
Desodorante crema;Rexona Oxigen Fresh;50 ml.;3,35
Desodorante Press Control dermoprotector;Sanex Micro Talco;50 ml.;2,79
Desodorante en gel;Fa Caribbean Lemon;40 ml.;2,40
Desodorante Press Control dermoprotector;Sanex Micro Talco;50 ml.;2,79
Desodorante Press Control dermosensitive;Sanex Bálsamo Lactoserum;50 ml.;2,79
Desodorante Press Control dermoprotector;Sanex Alta Tolerancia;50 ml.;2,79
Desodorante Press Control;Williams  Ice Blue;50 ml.;2,75
Desodorante Press Control;Williams Sport;50 ml.;2,75
Toallitas Desodorantes sin alcohol;Carrefour;paquete de 20 unidades.;1,11
Toallitas desodorantes;Nivea Deodorant;caja de 8 unidades.;2,31
Chicles dentales sin azúcar menta fresca;Binaca 3 Active;caja de 20 grajeas.;1,35
Cepillo de dientes Junior;Carrefour;1 unidad.;2,45
Cepillo de dientes infantil Harry Potter;Colgate;1 unidad.;2,65
Cepillo de dientes;Signal Plus Crecimiento;1 unidad.;2,65
Cepillo de dientes eléctrico a pilas;Binaca Power Clean;1 unidad;18,99
Cabezales de recambio para cepillo de dientes;Binaca Power Clean;2 unidades.;7,95
Cepillo de dientes eléctrico a pilas;Colgate Actibrush;1 unidad.;17,50
Cabezales de recambio para cepillo de dientes;Colgate Actibrush;2 unidades.;7,50
Cepillo de dientes eléctrico a pilas;Colgate Actibrush Kids;1 unidad.;17,50
Cabezales de recambio para cepillo de dientes;Colgate Actibrush Kids;2 unidades.;7,50
Cepillo de dientes eléctrico a pilas;Braun Oral-B;1 unidad.;17,75
Cabezales de recambio para cepillo de dientes;Braun Oral-B;1 unidad.;10,45
Dentífrico y elixir efecto Blanqueante;Carrefour;bote de 75 ml.;0,99
Dentífrico y elixir Frescor Mentol;Carrefour;bote de 75 ml.;0,99
Dentífrico y elixir Menta Extra Fresca y Té Verde;Carrefour;bote de 75 ml.;1,04
Dentífrico y elixir Menta Refrescante;Carrefour;bote 75 ml.;0,99
Dentífrico y elixir Sabor a Fresa;Carrefour;bote de 75 ml.;0,99
Dentífrico y elixir;Colgate Fresh Confidence;bote de 75 ml.;1,75
Dentífrico y elixir;Kemphor Blanco Total;bote de 75 ml.;1,95
Dentífrico y elixir Multiprotección + Blanqueador;Licor del Polo;bote de 75 ml.;0,99
Pasta de dientes Blanqueante;Carrefour;tubo de 75 ml.;2,45
Pasta de dientes Blanqueante Multiacción;Binaca;tubo de 75 ml.;2,75
Dentífrico y elixir con microcristales;Colgate Blanqueador;bote de 75 ml.;1,75
Pasta de dientes con microcristales;Colgate Sensation Blanqueador;tubo de 75 ml.;1,90
Dentífrico y elixir;Kemphor Blanco Total;bote de 75 ml.;1,95
Pasta de dientes;Licor del Polo Blanco Polar;tubo de 75 ml.;1,35
Dentífrico y elixir;Licor del Polo Dientes Blancos;bote de 75 ml.;1,80
Pasta de dientes;Signal Blanqueador Bicarbonato;tubo de 75 ml.;1,35
Pasta de dientes con Perlite y Bicarbonato;Signal Plus Blanqueador;1 unidad;1,85
Dentífrico con Perlite y Bicarbonato;Signal Plus Blanqueador;bote de 75 ml.;1,85
Gel dental Bi-Flúor Activo;Carrefour;tubo de 100 ml.;1,35
Gel dental con flúor;Colgate;tubo de 75 ml.;1,35
Gel dental con flúor;Colgate;tubo de 75 ml.;1,75
Gel dental;Colgate Fresh Confidence;tubo de 75 ml.;1,35
Gel dental Triple Acción;Kemphor;tubo de 75 ml.;1,65
Gel dental Frescor Ultra Polar;Licor del Polo;tubo de 75 ml.;1,35
Gel dental;Licor del Polo Manzana Verde;tubo de 75 ml.;1,35
Gel dental Fresco;Signal Plus;tubo de 75 ml.;1,35
Gel dental Aliento Fresco;Signal Plus;bote de 75 ml.;1,85
Gel dental Chupa Chups;Signal Plus;bote de 75 ml.;1,85
Set higiene bucal;Kemphor;bolsa de 2 dentífricos, 1 cepillo dental y 2 enjuagues.;2,99
Pasta de dientes Anti-sarro;Carrefour;tubo de 75 ml.;1,45
Pasta de dientes Triple Acción menta fresca;Binaca;tubo de 75 ml.;1,45
Pasta de dientes Anti-sarro más Blanqueador;Colgate;tubo de 75 ml.;1,35
Pasta de dientes con estractos de plantas;Colgate Herbal;tubo de 100 ml.;1,35
Pasta de dientes Protección Antibacteriana;Colgate Total;tubo de 75 ml.;1,35
Pasta de dientes;Licor del Polo Dientes-Encías;tubo de 75 ml.;1,35
Pasta de dientes;Licor del Polo Esmalte Sano;tubo de 75 ml.;1,35
Pasta de dientes Extra Blanqueador;Licor del Polo Perfect;tubo dosificador 75 ml.;1,80
Pasta de dientes Frescor Duradero;Licor del Polo Perfect;tubo dosificador de 75 ml;1,80
Pasta de dientes pH Control Antiplaca;Licor del Polo Perfect;tubo dosificador 75ml;1,80
Pasta de dientes Ultra Limpieza;Licor del Polo Perfect;tubo dosificador de 75 ml.;1,80
Pasta de dientes Protección Anticaries;Signal Plus;tubo de 75 ml.;1,35
Pasta de dientes;Signal Plus Integral;tubo de 75 ml.;1,85
Pasta de dientes;Signal Plus Integral;bote de 75 ml.;1,85
Pasta de dientes;Signal Plus Micro-Gránulos;tubo de 75 ml.;1,35
Set higiene bucal;Kemphor;bolsa de 2 dentífricos, 1 cepillo dental y 2 enjuagues.;2,99
Dentífrico y elixir Sabor a Fresa;Carrefour;bote de 75 ml.;0,99
Gel dental Junior con sabor a chicle;Carrefour;tubo de 50 ml.;1,35
Gel dental con sabor a frutas;Oral-B Disney;tubo de 75 ml.;2,35
Gel dental;Signal Plus Crecimiento;tubo de 50 ml;1,99
Gel dental Chupa Chups;Signal Plus;bote de 75 ml.;1,85
Pasta de dientes Encías Plus;Carrefour;tubo de 75 ml.;1,45
Crema dental fluorada;Kemphor;tubo de 75 ml.;1,65
Gel para dientes y encías sensibles;Sensodyne;tubo de 75 ml.;3,24
Pasta para dientes y encías sensibles;Sensodyne;tubo de 75 ml.;3,24
Pasta de dientes Encías Sanas;Vademecum;tubo de 50 ml.;1,90
Enjuague bucal anti-placa;Carrefour;botella de 500 ml.;2,04
Enjuague bucal sabor menta;Carrefour;botella de 500 ml.;2,04
Enjuague bucal acción integral;Binaca;botella de 500 ml.;3,95
Enjuague bucal anti-placa bacteriana;Colgate Total Plax Fresh;botella de 500 ml.;3,95
Enjuague bucal menta suave;Colgate Total Plax Fresh;botella de 500 ml.;3,95
Colutorio bucal fluorado;Kemphor;botella de 500 ml.;3,72
Enjuague bucal fluorado;Kemphor;botella de 500 ml.;3,72
Elixir bucal concentrado;Kemphor;botella de 100 ml.;3,24
Elixir bucal concentrado triple acción;Licor del Polo Clorofila;botella de 75 ml.;3,25
Enjuague bucal triple acción;Licor del Polo;botella de 500 ml.;3,66
Enjuague bucal A + B;Licor del Polo Blanco Polar;botella bicámara de 500 ml.;4,08
Enjuague bucal;Licor del Polo Esmalte Sano;botella de 500 ml.;3,66
Enjuague bucal antiséptico;Listerine Original;botella de 500 ml.;4,69
Enjuague bucal antiséptico;Listerine Menta Fresca;botella de 500 ml.;4,69
Enjuague bucal antiséptico;Listerine Mentol;botella de 500 ml.;4,69
Enjuague bucal antiséptico;Listerine Plus;botella de 500 ml.;4,69
Enjuague bucal sabor chicle de fresa;Listerkid;botella de 500 ml.;4,69
Colutorio bucal dientes y encias sensibles;Sensodyne;botella de 250 ml.;4,32
Enjuague bucal sin alcohol;Vademecum;botella de 300 ml.;2,94
Set higiene bucal;Kemphor;bolsa de 2 dentífricos, 1 cepillo dental y 2 enjuagues.;2,99
Tabletas efervescentes para limpiar dentaduras postizas;Polident;caja de 30 und.;3,60
Crema adhesiva para dentaduras postizas;Polident Ultra;tubo de 40 ml.;4,30
Seda dental mentolada, 50 m.;Carrefour;1 unidad.;1,29
Seda dental con cera y menta, 50 m.;Oral-B;1 unidad.;3,48
Gel íntimo con colágeno;Carrefour;bote de 200 ml.;2,49
Toallitas íntimas al colágeno;Carefree;paquete de 20 unidades.;2,49
Protege-slip anatómico normal;Carrefour;caja de 24 unidades.;1,05
Protege-slip anatómico normal;Carrefour;caja de 48 unidades.;1,80
Protege-slip anatómico maxi;Carrefour;caja de 20 unidades.;0,99
Protege-slip anatómico normal plegado;Carrefour;caja 24 uds en bolsitas individuales;0,99
Protege-slip Tanga;Carrefour;caja de 30 unidades.;1,80
Protege-slip maxi;Ausonia;caja de 36 unidades.;2,25
Protege-slip normal;Ausonia;caja de 24 unidades.;1,40
Protege-slip normal;Ausonia;caja de 44 unidades.;2,25
Protege-slip plegado normal;Ausonia;caja de 28 unidades.;2,35
Protege-slip negro;Ausonia Black;caja de 26 unidades.;1,90
Protege-slip maxi;Carefree;caja de 36 unidades;2,49
Protege-slip transpirable;Carefree;caja de 44 unidades.;2,49
Protege-slip Tanga con alas;Carefree;caja de 30 unidades.;2,49
Protege-slip negro;Carefree Black;caja de 26 unidades.;2,49
SalvaSlip Odorfresh maxi;Evax;caja de 20 unidades.;1,70
SalvaSlip Odorfresh maxi;Evax;caja de 36 unidades.;2,50
SalvaSlip Odorfresh normal;Evax;caja de 24 unidades.;1,70
SalvaSlip Odorfresh normal;Evax;caja de 44 unidades.;2,65
Protege-slip;Evax Tanga;caja de 30 unidades.;3,50
Tampones con aplicador regular;Carrefour;caja de 32 unidades.;4,75
Tampones con aplicador regular;Tampax;caja de 30 unidades.;4,75
Tampones con aplicador super;Tampax;caja de 30 unidades.;4,75
Tampones con aplicador super plus;Tampax;caja de 30 unidades.;4,75
Tampones con aplicador regular;Tampax Compak;caja de 16 unidades.;3,25
Tampones con aplicador super;Tampax Compak;caja de 16 unidades.;3,25
Tampones con aplicador super plus;Tampax Compak;caja de 16 unidades.;2,95
Tampones con aplicador;Tampax Multi-Pack;caja de 12 super, 12 regular y 4 lites.;4,75
Tampones con aplicador;Tampax Compak Multi-Pack;caja 8 super, 8 regular y 8 lites.;4,75
Tampones normal;O.B.;caja de 32 unidades.;4,85
Tampones super;O.B.;caja de 32 unidades.;4,85
Tampones mini;O.B. Comfort;caja de 32 unidades.;4,85
Jabón de tocador vegetal con glicerina fresa;Carrefour;pastilla de 100 g.;1,20
Jabón de tocador vegetal con glicerina manzana;Carrefour;pastilla de 100 g.;1,20
Jabón de tocador vegetal con glicerina melocotón;Carrefour;pastilla de 100 g.;1,20
Jabón de tocador;Carrefour;3 pastillas de 125 g.;1,15
Jabón de tocador a la leche de almendra;Carrefour;3 pastillas de 125 g.;1,20
Jabón de tocador con aceite de oliva;Carrefour;3 pastillas de 125 g.;1,20
Jabón de tocador;Carrefour;6 pastillas de 125 g.;1,85
Jabón tocador Cream Bar;Dove;2 pastillas de 100 g.;1,89
Jabón tocador natural;Heno de Pravia;3 pastillas de 125 g.;2,10
Jabón tocador Avena;Kinesia;2 pastillas de 125 g.;1,65
Jabón tocador Hidrotermal;La Toja;3 pastillas de 125 gr.;1,98
Jabón tocador natural de glicerina;Lida;3 pastillas de 125 g.;2,64
Jabon de tocador Leche y Miel;Lux;2 pastillas de 125 g.;1,23
Jabón tocador Classic;Magno;3 pastillas de 125 g.;1,90
Jabón líquido Pieles Sensibles;Carrefour;dosificador+recambio de 300 ml.;1,80
Jabón líquido Nutraderm;Palmolive Tacto;dosificador+recambio de 250 ml.;2,60
Jabón líquido Nutritivo con leche de almendras;Palmolive Tacto;dosificador 300 ml.;1,98
Jabón líquido con ingrediente Antibacteriano;Palmolive Tacto;dosificador de 300 ml;1,98
Jabón líquido de manos Delicate;Palmolive Aromatherapy;dosificador de 300 ml.;1,50
Jabón líquido de manos Fresh;Palmolive Aromatherapy;dosificador de 300 ml.;1,50
Crema de jabón Hidratante;Sanex;dosificador+recambio de 250 ml.;2,94
Crema de jabón Germen de Trigo;Sanex;dosificador+recambio de 250 ml.;2,97
Loción repelente de insectos;Autan;bote de 100 ml.;4,60
Repelente de insectos;Autan Activo;spray de 100 ml.;4,65
Loción antimosquitos con filtros solares Factor 8;Nenuco;bote de 200 ml.;5,45
Champú + loción antipiojos;Orion;2 frascos de 150 ml.;3,43
Antiparasitaria capilar;ZZ;bote de 100 ml.;1,11
Bastoncillos infantiles;Carrefour;bote de 50 unidades.;1,59
Botiquín de primeros auxilios;Carrefour;1 unidad.;11,99
Agua oxigenada;Carrefour;bote de 250 ml.;0,65
Alcohol 96º;Carrefour;bote de 250 ml.;0,87
Algodones cuadrados suaves de bebé;Carrefour;bolsa de 50 unidades.;1,35
Esparadrapo de plástico transparente de 5 m. x 2,5 cm.;Carrefour;1 unidad.;1,53
Esparadrapo de tejido tafetán de 5 m. x 2,5 cm.;Carrefour;1 unidad.;1,47
Venda autoadherente sport de 6 cm x 2,5 m.;Carrefour;1 unidad.;2,98
Venda de algodón de 5 m. x 5 cm.;Carrefour;2 unidades.;0,93
Venda elástica 4 m. x 16 cm.;Carrefour;1 unidad.;2,14
Gel lubrificante íntimo;Durex;tubo de 50 ml.;6,16
Preservativos Jeans;Durex;caja de 6 unidades.;3,15
Preservativos con anillo aplicador Topaz;Durex;4 unidades en estuche individual.;3,96
Preservativos Natura;Androtex de Durex;caja de 12 unidades.;7,25
Preservativos anatómicos Plus;Androtex de Durex;caja de 12 unidades.;7,25
Preservativos con crema Retardante;Androtex de Durex;caja de 12 unidades.;9,95
Preservativos estriados Tentación;Androtex de Durex;caja de 12 unidades.;8,90
Preservativos Tuttifruti;Androtex de Durex;caja de 12 unidades.;9,95
Preservativos con espermicida Ultraplus;Androtex de Durex;caja de 12 unidades.;8,55
Protector labial intensivo factor 10 Avena;Kinesia;barra de 4 ml.;2,10
Regenerador labial con alantoína Factor 10;Blistex;paquete de 1 unidad.;3,00
Bálsamo labial hidratante;Gal;tarro de 15 ml.;1,71
Vaselina neutra perfumada;Gal;tarro de 15 ml.;1,29
Vaselina neutra perfumada;Gal;tarro de 40 ml.;2,58
Protector Labial;Liposan Classic;barra de 4,8 gr.;2,16
Protector Labial factor 20;Profilcrem Sport;barra de 4 grs.;3,30
Discos protege-mamas;Carrefour;caja de 30 unidades.;3,50
Tapones de cera;Carrefour;caja de 8 unidades.;1,85
Tapones para los oídos;Noton;caja de 4 unidades.;2,46
Tiras adhesivas de tejido elástico;Carrefour;caja de 10 unidades de 10 x 6 cm.;1,35
Tiras adhesivas resistentes al agua;Carrefour;caja de 10 unidades de 10 x 6 cm.;1,35
Tiras adhesivas resistentes al agua;Carrefour;caja de 24 unidades de 72 x 20 mm.;1,17
Tiras adhesivas resistentes al agua surtidas;Carrefour;caja de 24 unidades.;1,17
Tiras adhesivas transparentes de 10 x 6 cm.;Carrefour;caja de 10 unidades.;1,35
Tiras adhesivas transparentes surtidas;Carrefour;caja de 24 unidades.;1,17
Tiras adhesivas transparentes tamaño único;Carrefour;caja de 24 unidades.;1,17
Tiras adhesivas infantiles;Carrefour;caja de 20 unidades de 72 x 20 mm.;1,35
Tiras adhesivas Aqua Protect;Hansaplast;caja de 10 unidades de 39 x 39 cm.;2,34
Tiras adhesivas Desinfectantes surtidas;Hansaplast;caja de 20 unidades.;2,82
Tiras adhesivas Universal;Hansaplast;caja de 20 unidades.;2,22
Banda contra la fiebre;Hansaplast;paquete de 3 unidades.;3,96
Bicarbonato Sódico para uso alimentario;Carrefour;bote de 175 g.;0,75
Spray frÍo;Hansaplast;bote de 125 ml.;5,98
Talco infantil perfumado;Carrefour;bote de 200 g.;0,84
Termómetro médico extraplano;Carrefour;1 unidad.;3,46
Termómetro médico electrónico;Carrefour;1 unidad.;8,75
Termómetro clínico electrónico;Termolux;1 unidad.;15,86
Test de embarazo;First Responde;caja de 1 unidad.;13,94
Toallitas limpiagafas;Carrefour;2 cajas de 24 unidades.;1,89
Toallitas limpiagafas;Vista;caja de 24 unidades.;2,55
Toallitas Desodorantes sin alcohol;Carrefour;paquete de 20 unidades.;1,11
Toallitas desodorantes;Nivea Deodorant;caja de 8 unidades.;2,31
Toallitas desmaquilladoras;Les Cosmétiques Carrefour;paquete de 30 unidades.;2,76
Toallitas desmaquillantes hidratantes todo tipo de piel;Diadermine;paquete 20 uds.;2,76
Toallitas faciales Rostro y Ojos normal/mixta Plénitude;L'Oréal;paquete 25 uds.;2,99
Toallitas faciales Rostro y Ojos seca/sensible Plénitude;L' Oréal;paquete 25 uds.;2,85
Toallitas desmaquillantes todo tipo de piel;Natural Honey;paquete de 20 unidades.;2,39
Toallitas desmaquilladoras pieles con tendencia acnéica;Vitesse Kinesia;20 unidades;2,60
Toallitas desmaquilladoras para pieles mixtas;Vitesse Kinesia;paquete 20 unidades.;2,49
Toallitas desmaquillantes para pieles normales;Vitesse Kinesia;paquete 20 unidades;2,49
Toallitas desmaquilladoras para piel sensible;Vitesse Kinesia;paquete 20 unidades.;2,49
Toallitas frescas;Carrefour;petaca de 40 unidades.;0,99
Toallitas húmedas bebé sin alcohol;Carrefour;caja de 80 unidades.;5,39
Toallitas húmedas bebé sin alcohol;Carrefour;recambio de 24 unidades.;2,42
Toallitas bebé;Dodot Dermo Active;caja de 72 unidades.;3,40
Toallitas bebé;Dodot Dermo Active;recambio de 24 unidades.;1,50
Toallitas bebé;Dodot Dermo Active;recambio de 72 unidades.;2,90
Toallitas bebé;Dodot Dermo Active;recambio de 100 unidades + 44 GRATIS.;3,60
Toallitas bebé;Dodot Sensitive;recambio de 63 unidades;2,93
Toallitas bebé;Dodot Sensitive;2 recambios de 63 unidades.;4,80
Toallitas bebé;Johnson's Baby Skincare;2 recambios de 72 unidades.;3,98
Toallitas bebé;Monbebé;caja de 72 unidades.;3,00
Toallitas bebé;Monbebé;recambio de 72 unidades.;2,50
Toallita bebé;Nenuco;recambio de 96 unidades.;3,20
Huevo hilado;Carrefour;sobre de 100 g.;2,70
Salmón Noruego ahumado;Skandia;sobre de 100 g.;3,44
Salmón ahumado noruego precortado;Carrefour;sobre de 250 g.;5,76
Salmón ahumado Noruego;Skandia;sobre de 250 g.;7,65
Salmón ahumado en aceite;Valkiria;lata de 260 g.;4,82
Salmón Marinado al Eneldo;Skandia;sobre de 80 g.;2,95
Tabla de ahumados;Skandia;sobre de 140 g.;5,55
Atún ahumado en lochas;Skandia;sobre de 100 g.;2,75
Mojama de atún de Isla Cristina;De Nuestra Tierra;1 taco de 275 g. 275 g. aprox.;7,12
Bacalao de Islandia ahumado con maderas nobles;Skandia;sobre de 80 g.;3,59
Palometa ahumada en lonchas;Skandia;sobre de 100 g.;2,33
Pez espada ahumado en lonchas;Skandia;sobre de 100 g.;4,59
Trucha Noruega ahumada en lonchas;Skandia;sobre de 100 g.;2,79
Huevas;Mujjól Shikrán;2 tarros de 120 g.+REGALO Caviarera;2,35
Huevas de anchoa;Anchoviar;tarro de 120 g.;4,55
Huevas de arenque Golden;Avruga;tarro de 350 g,(p. neto).;10,95
Huevas de arenque Golden;Avruga;tarro de 120 g.(p. neto).;3,60
Huevas de arenque Golden;Avruga;tarro de 55 g. (p. neto).;2,35
Huevas;Mujjól Shikrán;tarro de 120 g.;3,36
Huevas;Mujól Shikrán;tarro de 55 g.;2,50
Huevas;Mujjól Shikrán;3 tarros de 28 g.;2,59
Huevas bicolor;Mujjól Shikrán;tarro de 300 g.;9,62
Boca pequeña cocida;Cocina Aguinaga;225 g.;4,18
Salmonetes de roca pequeños enteros;Cocina Aguinaga;225 g.;4,18
Pescadilla en rodajas preparada;Carrefour;pieza de 650 g.;6,59
Lomo doblado de bacalao;Dimar;pieza entre 400 y 500 g.;8,35
Lomos supremos de bacalao;Carrefour;paquete de 400 g. de 4/5 raciones.;5,85
Filetes de bacalao seco salado;Dimar;paquete de 400 g.;8,90
Bacalao desmigado;Carrefour;bandeja de 300 g.;3,55
Bacalao desmigado de Islandia;Dimar;bandeja de 250 g.;4,79
Palitos de bacalao de Islandia;Dimar;paquete de 150 g.;3,29
Mojama de atún de Isla Cristina;De Nuestra Tierra;1 taco de 275 g. 275 g. aprox.;7,12
Anilla de calamar;Aguinaga;bandeja de 200 g.+REGALO Libro de recetas;1,90
Colas del Océano;Krissia;paquete de 2 unidades, 150 g.;2,55
Surimi fresco rallado;Krissia;bolsa de 150 g.;2,24
Boquerones en vinagre;De Nuestra Tierra;bote de 120 g. (p.esc);3,78
Arroz tres delicias;Carrefour;sobre de 125 g., 2 raciones.;0,99
"Arroz Basmati al Curry ""Sabores""";La Cigala;paquete de 175 g.;1,50
"Arroz a la Crema de Espárragos ""Sabores""";La Cigala;paquete de 175 g.;1,50
"Arroz a los cuatro quesos ""Sabores""";La Cigala;paquete de 175 g.;1,50
"Arroz a las setas ""Sabores""";La Cigala;paquete de 175 g.;1,45
Arroz con bacalao y verduras;Gallina Blanca;sobre de 116 g., 2 raciones.;1,65
Arroz a la milanesa;Gallina Blanca;sobre de 125 g., 2 raciones.;1,65
Fideuá;Gallina Blanca;sobre de 126 g., 2 raciones.;1,59
Nachos originales;Carrefour;bolsa de 110 g.;0,60
Nachos Tex Mex;Carrefour;bolsa de 110 g.;0,60
Triángulos de maíz blanco;Doritos Dippas;bolsa de 150 g.;2,06
Salsa picante de tomate;Doritos Dippas;frasco de 326 g.;2,06
Triángulos de maíz tostados al horno;Doritos Tex-Mex;bolsa de 140 g.;1,78
Nachos tortilla chips;Casa Fiesta;bolsa de 200 g.;1,80
Flour tortillas;Casa Fiesta;paquete de 360 g.;2,40
Tortillas mexicanas de Trigo;Liliana;bolsa de  250 g., 12 unidades;2,56
Tortillas mexicanas de maiz caseras;Paloma;bolsa de 325 g., 12 unidades;4,41
Chili con carne Texicana;Maggi;lata de 425 g.;2,01
Salsa Jalapeña Texicana;Maggi;frasco de 200 g.;1,18
Judías pintas refritas Refried Beans;Old El Paso;lata de 425 g.;2,78
Arroz con chili kit;Old El Paso;caja de 600 g.;4,55
Chili con carne;Old El Paso;lata de 418 g.;3,22
Burrito Kit;Old El Paso;caja de 500 g.;4,50
Enchilada Kit;Old El Paso;caja de 610 g.;2,96
Nachos Kit;Old El Paso;caja de 520 g.;4,50
Fajitas Kit;Old El Paso;caja de 505 g.;4,50
Fajita Seasoning Mix;Old El Paso;sobre de 35 g.;1,17
Taco Kit;Old El Paso;caja de 273 g.;4,51
Taco Seasoning Mix;Old El Paso;sobre de 35 g.;1,17
Taco Shell;Old El Paso;caja de 12 unidades.;3,24
Guacamole Seasoning Mix;Old El Paso;sobre de 20 g.;1,17
Tortas fritas de maíz;Old El Paso;bolsa de 200 g.;3,36
Tortillas de maíz y trigo;Old El Paso;8 unidades, 300 g.;2,99
Flour Tortillas;Old El Paso;paquete de 326 g.;1,65
Tortilla Chip Jalapeño cheese;Old El Paso;bolsa de 100 g.;1,65
Salsa Cooking Sauce para fajitas;Old El Paso;frasco de 430 g.;2,88
Salsa especial para tacos fuerte;Old El Paso;frasco de 235 g.;2,67
Salsa especial para tacos suave;Old El Paso;frasco de 235 g.;2,67
Salsa Ideal para nachos con queso;Old El Paso;frasco de 290 g.;3,15
Salsa Mexicana Chunky Dip;Old El Paso;frasco de 312 g.;3,06
Salsa suave para fajitas y burritos;Old el Paso;frasco de 226 g.;2,67
Salsa fuerte para fajitas y burritos;Old El Paso;frasco de 226 g.;2,67
Ketchup mexican;Heinz;bote de 570 g.;1,84
4 salsas curry, mexicana, tejana y pimienta;Amora;4 frascos, 361 g.;4,24
Pasta oriental sabor curry;Maggi;sobre de 69 g., 1 ración.;0,60
Salsa agridulce;Calvé;frasco de 250 ml.;1,27
Salsa agridulce;Yeo's;frasco de 250 ml.;2,97
Salsa de soja;Kim Ve Wong;botella de 160 g.;2,10
Albóndigas al estilo casero;Carrefour;lata de 430 g. (p.neto).;0,90
"Albóndigas a la jardinera ""Platos caseros""";Carrefour;cazuelita de 410 g.;1,75
Albóndigas en salsa;Hero;lata de 430 g. (p.neto).;1,45
Albóndigas de carne;Louriño;lata de 420 g. (p.neto), 240 g. (p.esc);1,21
Codornices en escabeche;De Nuestra Tierra;lata de 400 g.;3,90
Codornices escabechadas;Collado Hnos.;lata de 400 g. (p.neto).;2,90
Perdiz escabechada;Collado Hnos.;lata de una pieza, 530 g.;12,50
Callos con chorizo;Carrefour;lata de 380 g. (p.neto).;1,75
Callos con garbanzos;Gallina Blanca;cazuelita de 400 g.;2,20
Callos con chorizo;La Tila;lata de 610 g.;3,00
Callos a la madrileña;La Tila;lata de 610 g. (p.neto);2,67
Callos a la madrileña al vacio;Collado Hnos.;lata de 400 g.;3,90
Corned Beef;Hereford;lata de 340 g.;3,65
Estofado de Toro al vino de Rioja;Collado Hnos.;lata de 400 g.;4,06
Manitas de cerdo condimentadas;Collado Hnos.;lata de 400 g.;1,74
Marmitako;Ortiz;lata de 325 g.;2,73
Pollo frito al ajillo con tomate;Collado Hnos.;lata de 400 g.;2,04
Pollo al Chilindrón;Gallina Blanca;cazuelita de 400 g.;2,42
Ensalada californiana de atún;Carrefour;lata de 157 g. (p.neto), 130 g. (p.esc);0,75
Ensalada mediterránea de atún;Carrefour;lata de 157 g. (p.neto), 130 g. (p.esc);0,75
Ensalada milanesa de atún;Carrefour;lata de 157 g. (p.neto), 130 g. (p.esc);0,75
Ensalada provenzal de atún;Carrefour;lata de 157 g. (p.neto), 130 g. (p.esc);0,75
Ensalada rusa de atún;Carrefour;lata de 157 g. (p.neto), 130 g. (p.esc);0,75
Ensalada de atún en salsa de perdíz;Calvo;lata de 150 g.;0,99
Ensaladilla rusa con atún;Calvo;lata de 150 g. (p.neto);0,99
Ensalada milanesa de atún claro;Garavilla;frasco de 170 g.;1,98
Ensalada mediterránea de atún claro;Garavilla;frasco de 225 g.;1,98
Ensalada Campesina;Garavilla;lata de 240 g.;2,14
Ensalada Italiana;Garavilla;lata de 240 g.;2,14
Ensalada Mexicana;Garavilla;lata de 240 g.;2,14
Ensalada californiana;Isabel;lata de 157 g. (p.neto), 130 g. (p.esc);0,93
Ensalada mediterránea de atún claro;Isabel;lata de 157 g. (p.neto), 130 g. (p.esc);0,93
Ensalada milanesa de atún claro;Isabel;lata de 157 g. (p.neto), 130 g. (p.esc);0,93
Ensalada provenzal;Isabel;lata de 157 g. (p.neto), 130 g. (p.esc);0,93
Ensaladissima mediterránea;Rianxeira;lata de 150 g.;0,93
Tortillas mexicanas de Trigo;Liliana;bolsa de  250 g., 12 unidades;2,56
Tortillas mexicanas de maiz caseras;Paloma;bolsa de 325 g., 12 unidades;4,41
Tortillas mexicanas de trigo;Sonora;bolsa de 350 g., 12 unidades;3,11
Ensalada alemana;McSalad;envase de 480 g.;2,99
Ensalada Americana;McSalad;envase de 480 g.;2,99
Ensalada Americana;McSalad;envase de 160 g.;1,17
Ensalada de cangrejo;McSalad;envase de 480 g.;5,09
Ensalada de cangrejo;McSalad;envase de 160 g.;1,71
Ensalada Italiana;McSalad;envase de 480 g.;2,99
Ensalada de patatas con ali-oli;McSalad;envase de 480 g.;2,99
Ensalada rusa con aceitunas;McSalad;envase de 480 g.;2,99
Hojaldre relleno de atún;La Cocinera;paquete de 4 raciones, 450 g.;3,58
Hojaldre relleno de jamón y queso;La Cocinera;paquete de 4 raciones, 450 g.;3,58
Migas;Floristán;paquete de 550 g.;2,85
Merluza en salsa verde;Cocina Aguinaga;225 g.;4,18
Salmón a la Nantesa;Cocina Aguinaga;225 g.;4,18
Ajoblanco;Alvalle;brik de 750 ml.;2,95
Salsa bechamel;Reny Picot;brik de 500 ml.;1,94
Caldo casero de pollo con verduras;La Piara;brik de 1 l.;2,58
Gazpacho;Alvalle;brik de 1 l.;3,25
Gazpacho;Don Simón;brik de 1 l.;2,99
Tortilla Española sin cebolla;Campifood;1 unidad de 500 g.;2,93
Tortilla Española con cebolla;Campifood;1 unidad de 500 g.;2,93
Masa para empanadillas y postres;La Cocinera;paquete de 160 g., 16 obleas.;0,62
Masa para empanadillas y postres;La Cocinera;paquete de 280 g., 16 obleas.;0,99
Masa de hojaldre;La Cocinera;paquete de 230 g.;1,52
Pasta hojaldre;Buitoni;paquete de 230 g.;1,82
Pasta brisa;Buitoni;paquete de 230 g.;1,82
Pasta pizza;Buitoni;paquete de 260 g.;1,79
Fabada asturiana;Carrefour;lata de 440 g. (p.neto);0,80
Fabada asturiana;Carrefour;lata de 765 g. (p.neto);1,60
"Fabada asturiana ""Platos caseros""";Carrefour;cazuelita de 410 g.;1,75
Fabada asturiana;Albo;lata de 425 g. (p.neto);1,37
Fabada asturiana;La Tila;lata de 435 g. (p.neto);1,32
Fabada asturiana;Litoral;lata de 430 g. (p.neto);1,39
Fabada asturiana;Litoral;lata de 875 g. (p.neto);0,48
"Cocido madrileño ""Platos caseros""";Carrefour;cazuelita de 410 g.;1,75
Garbanzos cocidos;Cidacos;frasco de 570 g. (p.neto), 400 g. (p.esc.).;0,60
Garbanzos cocidos;El Hostal;frasco de 570 g. (p.neto), 400 g. (p.esc);0,65
Alubias cocidas;Carrefour;frasco de  570 g. (p.neto), 400 g. (p. esc);0,48
Alubias cocidas;Cidacos;frasco de 570 g. (p.neto), 400 g. (p.esc).;0,60
"Alubias cocidas "" Judiones """;Cidacos;frasco de 540 g. (p.neto), 400 g. (p.esc);0,60
Alubias rojas cocidas;Cidacos;frasco de 570 g. (p.neto), 400 g. (p.esc.).;0,59
Alubias cocidas;El Hostal;frasco de 570 g. (p.neto), 400 g. (p.esc).;0,65
Alubias a la marinera;La Tila;lata de 425 g. (p.neto);1,62
Alubias a la vasca;Litoral;lata de 430 g. (p.neto);1,70
Pochas guisadas;Orlando;lata de 410 g. (p.neto);0,83
Lentejas cocidas;Carrefour;frasco de 570 g. (p.neto), 400 g. (p.esc);0,48
Lentejas a la riojana;Carrefour;lata de 430 g. (p.neto);0,81
"Lentejas a la riojana ""Platos caseros""";Carrefour;cazuelita de 410 g.;1,75
Lentejas cocidas;Cidacos;frasco de 570 g. (p.neto), 400 g. (p.esc.);0,60
Lentejas cocidas;El Hostal;frasco de 570 g. (p.neto), 400 g. (p.esc);0,65
Lentejas a la riojana;Gallina Blanca;cazuelita de 400 g.;1,77
Lentejas a la riojana;Litoral;lata de 430 g. (p.neto);1,37
Lentejas con chorizo;Orlando;lata de 410 g. (p.neto);0,89
Canelones;Hero;lata de 400 g., 6 unidades;2,10
Raviolis en salsa Italiana;Carrefour;lata de 400 g. (p.neto);0,90
Raviolis en salsa Italiana;Carrefour;lata de 800 g. (p.neto);1,01
Tortellini al huevo con carne;Hero;lata de 420 g. (p.neto);1,41
Pimientos del Piquillo extra rellenos de atún;Carrefour;lata de 230 g.(p.neto);1,95
Pimientos del Piquillo rellenos de bacalao y gambas;Carrefour;lata 230 g.(p.neto);1,95
Pimientos del Piquillo extra rellenos de carne;Carrefour;lata 230 g. (p.neto);1,95
Pimientos del Piquillo extra rellenos de marisco;Carrefour;lata 230 g.(p.neto);1,95
Pimientos del Piquillo rellenos de merluza y gambas;Carrefour;lata 230 g. (p.neto);1,95
Pimientos del Piquillo extra rellenos de salmón;Carrefour;lata 230 g. (p.neto);1,95
Pimientos del Piquillo relleno de carne y jamón 4/5;Bajamar;lata 230 g. (p.neto);3,13
Pimientos del Piquillo relleno de merluza y gambas 4/5;Bajamar;lata 230 g.(p.neto);3,13
Pimientos del Piquillo rellenos de bacalao 4/6;Cidacos;lata de 210 g. (p.neto);2,27
Pimientos del Piquillo rellenos de carne 4/6;Cidacos;lata de 210 g. (p.neto);2,27
Pimientos del Piquillo rellenos de merluza y gambas;Cidacos;lata de 210 g.(p.neto);2,27
Pisto;Orlando;lata de 410 g.;1,39
Pisto con aceite de oliva;Ybarra;bote de 410 g.;1,35
Fritada Berciana;De Nuestra Tierra;frasco de 290 g. (p.neto);1,80
Fritada;Hida;lata de 400 g.;1,14
Fritada de tomate del bierzo;Ibsa;frasco de 400 g. (p.neto).;1,18
Pizza cuatro quesos de Italia al horno de leña;Carrefour;caja de 410 g.;3,45
Pizza Royal al horno de leña;Carrefour;caja de 480 g.;3,45
Pizza de queso de cabra al horno de leña;Carrefour;caja de 440 g.;3,62
Pizza caprichosa Forno di Pietra;Buitoni;caja de 410 g.;4,29
Pizza 3 formaggi Forno di Pietra;Buitoni;caja de 410 g.;4,64
Pizza pasta fina queso y jamón;Buitoni;caja de 340 g.;3,75
Pizza pasta fina 3 quesos;Buitoni;caja de 340 g.;2,65
Pizza Carbonara Forno di Pietra;Buitoni;caja de 410 g.;4,55
Pizza artesana atún y bacon;La Cocinera;caja de 375 g.;2,60
Pizza artesana 4 quesos;La Cocinera;caja de 300 g.;2,80
Pizza artesana mozzarella;La Cocinera;caja de 330 g.;2,60
Pizza Mariachi con carne;La Cocinera;caja de 450 g.;2,99
Pizza Americana ranchera con jamon y champiñón;La Cocinera;caja de 440 g.;2,99
Pizza Arizona de carne;La Cocinera;caja de 460 g.;2,99
Base de pizza;Carrefour;bolsa de 3 unidades de 375 g.;0,85
Base de pizza;Carrefour;bolsa de 3 unidades, 450 g.;1,00
Bases para pizza;La Cocinera;bolsa de 5 unidades, 350 g.;1,61
Bases para pizza Pizzanova;Pescanova;bolsa de 5 unidades, 625 g.;1,62
Pizza de atún;Carrefour;caja de 300 g.;1,47
Pizza 4 estaciones;Carrefour;caja de 300 g.;1,47
Pizza frutos de mar;Carrefour;caja de 300 g.;1,47
Pizza romana;Carrefour;caja de 300 g.;1,47
Pizza roquefort mozzarella;Carrefour;caja de 300 g.;1,44
Pizza de atún;La Cocinera;caja de 290 g.;1,95
Pizza Margarita;Carrefour;caja de 275 g.;0,96
Pizza margarita;La Cocinera;caja de 265 g.;1,60
Pizza marinera;La Cocinera;caja de 300 g.;1,95
Pizza Romana;La Cocinera;caja de 290 g.;1,95
Pizza familiar de jamón, queso y champiñones;Carrefour;caja de 600 g.;2,99
Baguettes jamón, bacon y queso;Carrefour;2 unidades, 250 g.;1,19
Baguettes con tomate y mozzarella;Carrefour;2 unidades, 250 g.;1,19
Pannini de Atún;Knorr;2 baguettes, 250 g.;2,09
Pannini de Queso y Champiñones;Frudesa;2 baguettes, 250 g.;2,09
Pannini Tres Quesos;Knorr;2 baguettes, 250 g.;2,09
Pizza clásica Romana;Maggi;caja de 310 g.;1,65
Pizza de atún y bacon;Casa Tarradellas;1 unidad de 425 g.;2,55
Pizza Boloñesa;Casa Tarradellas;1 unidad de 435 g.;2,55
Pizza a la Carbonara;Casa Tarradellas;1 unidad de 425 g.;2,55
Pizza cuatro quesos;Casa Tarradellas;1 unidad de 410 g.;2,55
Pizza Familiar de jamón y queso con champiñones;Casa Tarradellas;1ud. de 650 g.;3,95
Pizza de jamón y queso;Casa Tarradellas;1 unidad de 425 g.;2,55
Pizza Margarita;Casa Tarradellas;1 unidad de 360 g.;2,55
Pizza Mediterránea;Casa Tarradellas;1 unidad de 450 g.;2,55
Pizza pepperoni;Casa Tarradellas;1 unidad de 435 g.;2,55
Pizza a la Romana;Casa Tarradellas;1 unidad de 435 g.;2,55
Pizza atún y bacón;Casa Tarradellas;paquete de 2 unidades, 225 g.la unidad;2,99
Pizza cuatro quesos;Casa Tarradellas;paquete de 2 unidades, 210 g. la unidad;2,99
Pizza de jamón y queso;Casa Tarradellas;paquete de 2 unidades, 225 g.la unidad;2,99
Canelones de atún;La Cocinera;caja de 12 unidades, 1 kg.;4,50
Canelones de atún;La Cocinera;caja de 6 unidades, 530 g.;2,95
Canelones de atún;Maggi;caja de 6 unidades, 525 g.;4,18
Canelones de carne;Carrefour;caja de 6 unidades, 500 g.;1,68
Canelones de carne;La Cocinera;caja de 12 unidades, 1060 g.;4,50
Canelones de carne;La Cocinera;caja de 6 unidades, 530 g.;2,95
Canelones con bechamel gratinados;Maheso;paquete de 300 g.;1,83
Canelones a la Italiana;Maggi;caja de 6 unidades, 525 g.;1,94
Croquetas Artesanas de cazuela de bacalao;La Cocinera;bolsa de 500 g.;1,89
Croquetas Artesanas de cocido;La Cocinera;bolsa de 500 g.;2,24
Croquetas de pollo;La Cocinera;bolsa de 500 g.;2,27
Croquetas Artesanas de estofado de pollo;La Cocinera;bolsa de 500 g.;2,27
Minicroquetas de jamón;La Cocinera;bolsa de 300 g.;1,62
Croquetas de langostino;Pescanova;bolsa de 400 g.;1,60
Croquetas de merluza;Pescanova;bolsa de 20 unidades, 400 g.;1,75
Empanadillas de bonito;La Cocinera;caja de 16 unidades, 500 g.;3,15
Empanadillas Artesanas de pisto y atún;La Cocinera;caja de 8 unidades, 250 g.;1,90
Empanadillas de bonito;Pescanova;caja de 16 unidades, 500 g.;3,47
Mini empanadillas caseras de bonito;Carrefour;bolsa de 400 g.;1,32
Mini empanadillas de atún;La Cocinera;caja de 30 unidades, 500 g.;3,18
Lasaña de atún;Carrefour;caja de 500 g.;1,68
Lasaña de atún;La Cocinera;caja de 1060 g., 2 bandejas.;4,75
Lasaña de atún;La Cocinera;caja de 530 g.;2,95
Lasaña de atún;Maggi;caja de 2 unidades, 520 g.;3,16
Lasaña Boloñesa;Carrefour;caja de 500 g.;1,68
Lasaña a la Boloñesa;La Cocinera;caja de 1060 g.;4,50
Lasaña a la Boloñesa;La Cocinera;caja de 530 g.;2,76
Lasaña a la Boloñesa;Maggi;caja de 2 unidades, 520 g.;4,73
Lasaña marinera con gambas y merluza;La Cocinera;caja de 530 g.;2,95
Lasaña de pollo estofado;La Cocinera;caja de 530 g.;2,88
Lasaña verde de jamón, champiñones y verduras;Maggi;caja de 520 g.;1,05
Patatas prefritas congeladas corte tradicional;Carrefour;bolsa de 2,5 kg.;2,34
Patatas prefritas superfinas;Carrefour;bolsa de 1 kg.;1,15
Patatas prefritas cortadas en dados;Carrefour;bolsa de 1 kg.;1,20
Patatas barbacoa;Carrefour;bolsa de 450 g.;0,86
Patatas Croustine;Findus;caja de 420 g.;2,89
"Patatas prefritas ""Chippers""";McCain;lote 2 bolsas de 750g+REGALO Aros cebolla 400 g.;2,15
Patatas congeladas Country Fries;McCain;lote 2 bolsas de 750g+REGALO Aros cebolla 400g;1,53
Patatas congeladas Tradition;McCain;lote 2 bolsa de 2 kg+REGALO Aros cebolla 400g.;3,31
Patatas congeladas Tradition;McCain;lote 2 bolsas de 750g+REGALO Aros cebolla 400g.;1,35
Patatas congeladas Golden Long;McCain;lote 2 bolsas de 750g+REGALO Aros cebolla 400 g.;1,29
"Patatas congeladas  ""Kid Smile""";McCain;lote 2 bolsas de 600g+REGALO Aros Cebolla 400g;1,66
Bocaditos de patata;Findus;caja de 400 g.;2,06
Fast Menú, aros de cebolla, fingers de pollo, patatas fritas;Maggi;caja de 340 g.;2,79
Aperifritos: bocados marisco,mini-empanadillas de bonito;Pescanova;caja de 450 g.;3,04
Aros de cebolla;Carrefour;bolsa de 300 g.;1,17
Aros de cebolla;McCain;lote de 2 bolsas de 400 g.+REGALO Aros de cebolla 400 g.;1,58
Fast Menú, aros de cebolla, fingers de pollo, patatas fritas;Maggi;caja de 340 g.;2,79
Bocaditos de patata;Findus;caja de 400 g.;2,06
Fideuá Mediterránea;Maggi;caja de 435 g. , 2 raciones + barqueta de salsa Alioli.;3,49
Gazpacho Andalúz;Vitafresh;botella de 1 l.;2,25
Gratén de berenjenas a la Griega;Maggi;caja de 460 g.;2,59
Gratén de patatas a la Parmentier;Maggi;caja de 460 g., 2 raciones.;2,59
Mussaka;Carrefour;caja de 300 g.;1,55
Rollitos de jamón y queso;Maheso;caja de 200 g.;1,97
Rollitos de primavera;Maheso;caja de 200 g.;1,97
Sopa de marisco, pescado y verduras;Frudesa;bolsa de 400 g;2,52
Sopa de pescado Platos de Hoy;Maggi;caja de 500 g.;2,85
Preparado de paella de marisco;Pescanova;bolsa de 4 raciones, 500 g.;3,08
Tapas marineras;Maheso;caja de 450 g.;2,60
Tapas del mesón;Maheso;caja de 450 g.;2,60
Ventresca de merluza a la Andaluza;Pescanova;caja de 350 g.;3,85
"Ventresca de merluza a la Riojana ""A la Mesa""";Pescanova;4 unidades, 300 g.;3,45
"Ventresca de merluza en salsa verde ""A la Mesa""";Pescanova;4 unidades, 300 g.;3,45
Caldo gallego;Gallina Blanca;cazuelita de 335 g.;1,73
Cocido madrileño;Carrefour;lata de 440 g.;1,11
Cocido madrileño;Litoral;lata de 440 g.;1,85
Cocido madrileño;Litoral;lata de 885 g.;3,28
Escudella, cocido Catalán;Gallina Blanca;cazuelita de 335 g.;1,73
Crema de champiñón;Campbell's;lata de 295 g.;1,59
Crema de espárragos;Campbell's;lata de 295 g.;1,74
Crema de pollo;Campbell's;lata de 295 g.;1,59
Crema de tomate;Campbell's;lata de 295 g.;1,59
El caldo de pollo;Gallina Blanca;brik de 1 l.;2,07
La crema de setas;Gallina Blanca;brik de 1 l., 4 raciones.;2,07
El puré de 8 verduras;Gallina Blanca;brik de 1 l., 4 raciones.;2,07
Caldo de cocido;Kaiku;brik de 1 l., 4 raciones.;1,74
Consomé de ave;Kaiku;brik de 1 l., 4 raciones.;1,74
Crema de hongos al aroma de almendra;Kaiku;brik de 1 l., 4 raciones.;2,82
Crema de puerros tiernos al queso;Kaiku;brik de 1 l., 4 raciones.;2,82
Puré de hortalizas La Buena Sopa;Knorr;brik de 1 l., 4 raciones.;1,17
Sopa de ave con fideos;Carrefour;sobre de 80 g., 4 raciones.;0,27
Sopa de ave con fideos;Carrefour;6 sobres de 80 g., 24 raciones.;1,68
Sopa de cocido con carne, pasta y verdura;Carrefour;sobre de 82 g., 4 raciones.;0,57
Sopa de pescadores;Carrefour;sobre de 115 g., 4 raciones.;0,57
Sopa de pollo con fideos finos;Carrefour;sobre de 80 g., 4 raciones.;0,27
Sopa de pollo con fideos finos;Carrefour;6 sobres de 80 g., 24 raciones.;1,68
Sopa de pollo con fideos y albóndigas;Carrefour;sobre de 115 g.;0,57
Sopa jardinera;Carrefour;sobre de 80 g., 4 raciones.;0,27
Sopa jardinera;Carrefour;6 sobres de 80 g., 24 raciones.;1,68
Sopa infantil de pollo con pasta a los 7 huevos;Carrefour;sobre de 62 g, 2 raciones;0,46
Sopa de pollo con fideo fino con más fideos;Carrefour;sobre 85 g., 4 raciones;0,46
Sopa de ave con letras con más pasta;Carrefour;sobe de 85 g., 4 raciones.;0,46
Sopa de ave con arroz con más ingredientes;Carrefour;sobre de 85 g., 4 raciones.;0,46
Puré de verduras con más verdura;Carrefour;sobre de 86 g., 4 raciones;0,46
Potaje casero con garbanzos y fideos;Gallina Blanca;sobre de 96 g., 4 raciones.;1,05
Puré de verduras con Más verduras;Gallina Blanca;sobre de 86 g.;0,63
Sopa de ave con arroz;Gallina Blanca;sobre de 85 g.;0,63
Sopa de ave con fideos;Gallina Blanca;sobre de 81 g.;0,63
Sopa de cebolla con Más cebolla;Gallina Blanca;sobre de 52 g.;0,63
Sopa de cocido;Gallina Blanca;sobre 82 g., 4 raciones.;1,05
Sopa de pescadores con marisco y arroz;Gallina Blanca;sobre 110 g., 4 raciones.;0,98
Sopa de pollo con fideos finos;Gallina blanca;sobre de 72 g.;0,63
Sopa de pollo con fideos y albóndigas;Gallina Blanca;sobre de 116 g., 4 raciones.;1,05
Sopa de pollo con letras con Más pasta;Gallina Blanca;sobre de 84 g.;0,63
Sopa de ternera;Gallina Blanca;sobre de 76 g.;0,63
Sopa jardinera;Gallina Blanca;sobre de 77 g.;0,63
Sopa minestrone;Gallina Blanca;sobre de 82 g., 4 raciones.;0,98
Sopa de pollo con cabello de angel;Knorr;sobre de 73,5 g.;0,44
Sopas del Mundo: China, sopa de marisco;Knorr;sobre de 69 g., 3 raciones.;1,10
Sopas del Mundo: Marruecos, sopa de cordero;Knorr;sobre de 69,5 g., 3 raciones.;1,10
Sopas del Mundo: Mexico, sopa de chili con carne;Knorr;sobre de 88,5 g.,3 raciones;1,10
Sopa de pollo con pasta al huevo, Sopilandia;Maggi;sobre de 50 g. 2 raciones;0,45
Crema de champiñones;Carrefour;sobre de 75 g., 4 raciones.;0,27
Crema de espárragos;Carrefour;sobre de 75 g., 4 raciones.;0,27
Crema de champiñón con más champiñón;Carrefour;sobre de 80 g., 4 raciones;0,46
Crema de espárragos con más ingredientes;Carrefour;sobre de 80 g., 4 raciones;0,46
Crema de marisco;Carrefour;sobre de 75 g., 3 raciones.;0,57
Crema de champiñones;Gallina Blanca;sobre de 70 g.;0,63
Crema de espárragos con Más espárragos;Gallina Blanca;sobre de 81 g.;0,63
Crema de hortalizas;Gallina Blanca;sobre de 81 g., 4 raciones.;0,98
Crema de marisco;Gallina Blanca;sobre de 87 g., 4 raciones.;0,98
Crema de verduras;Gallina Blanca;sobre de 78 g., 4 raciones.;0,98
Crema fría vichyssoise;Gallina Blanca;sobre de 64 g., 4 raciones.;0,98
Crema de champiñones;Knorr;sobre de 70,5 g., 4 raciones.;0,45
Crema de espárragos;Knorr;sobre de 70,5 g., 4 raciones.;0,45
Crema de marisco: Sopas Marineras;Knorr;sobre de 75,5 g., 4 raciones.;0,51
Sopa instantánea de pollo con pasta;Carrefour;3 sobres de 13 g.;0,51
Sopa instantánea de verduras con picatostes;Carrefour;3 sobres de 20 g.;0,51
Consomé al jerez con picatostes Sopinstant;Gallina Blanca;3 sobres de 18 g.;0,98
Crema de champiñones con picatostes Sopinstant;Gallina Blanca;3 sobres de 19 g.;0,98
Crema de espárragos con picatostes Sopinstant;Gallina Blanca;3 sobres de 10 g.;0,98
Crema de marisco con picatostes Sopinstant;Gallina Blanca;3 sobres de 22 g.;0,98
Crema de pollo con picatostes Sopinstant;Gallina Blanca;3 sobres de 21 g.;0,98
Sopa de ajo Sopinstant;Gallina Blanca;3 sobres de 11 g.;0,98
Sopa de pollo con pasta Sopinstant;Gallina Blanca;3 sobres de 12,5 g.;0,98
Sopa de verduras con picatostes Sopinstant;Gallina Blanca;3 sobres de 20 g.;0,98
Sopa de verduras con pasta;Gallina Blanca;cazuelita de 335 g.;1,59
Sopa de pollo con fideos;Gallina Blanca;cazuelita de 335 g.;1,59
Huevo hilado;Emcesa;bandeja de 1000 g. aprox.;3,69
Filete de magro adobado en lonchas;Caysan;bandeja de 8 unidades, 450 g. aprox.;4,48
Filetes de lomo al ajillo Artesano;Caysan;bandeja de 8 unidades, 400 g. aprox.;3,88
Pincho moruno;Caysan;bandeja de 5 unidades, 400 g. aprox.;3,05
Preparado para cocido;La Nuncia;bandeja de 5 unidades, 350 g. aprox.;2,21
Chorizo criollo;La Nuncia;bandeja de 5 unidades, 350 g. aprox.;2,31
Chorizo pincho picante;La Nuncia;bandeja de 16 unidades, 300 g. aprox.;2,09
Morcilla de aperitivo;La Nuncia;bandeja de 12 unidades 400 g. aprox.;1,97
Morcilla de arroz;La Nuncia;bandeja de 4 unidades, 400 g. aprox.;1,84
Morcilla de Burgos;La Nuncia;bandeja de 2 unidades, 600 g. aprox.;2,76
Morcilla de cebolla;La Nuncia;bandeja de 4 unidades, 400 g. aprox.;1,84
Salchicha blanca;La Nuncia;bandeja de 10 unidades, 450 g. aprox.;2,97
Salchicha roja;La Nuncia;bandeja de 10 unidades, 450 g. aprox.;2,97
Huevo hilado;Coren;bandeja de 1 unidad, 1050 g. aprox.;6,80
Conejo troceado al ajillo;Coren;bandeja de 1 unidad, 1050 g. aprox.;7,05
Huevo hilado;Calidad Tradición Carrefour;bandeja de 8 a 14 unidades, 500 g. aprox.;7,43
Chuletas de cordero lechal;Calidad Tradición Carrefour;bandeja de 1 unidad, 1350 g. aprox.;16,29
Pierna de cordero lechal;Calidad Tradición Carrefour;bandeja de 8 a14 ud. 600 g. aprox.;8,06
Paletilla de cordero lechal;Calidad Tradición Carrefour;bandeja de 1 unidad, 1125 g. aprox.;13,58
Pierna de cordero chuleteada;Calidad Tradición Carrefour;bandeja de 5 chuletas, 900 g. aprox.;12,09
Cuartos de cordero lechal;Calidad Tradición Carrefour;bandeja de 1 unidad, 500 g. aprox.;2,68
Garrón de cordero;Calidad Tradición Carrefour;bandeja de 1 a 3 unidades, 450 g. aprox.;2,18
Falda de cordero;Calidad Tradición Carrefour;bandeja de 1 unidad, 525 g. aprox.;2,81
Pecho y cuello de cordero lechal;Coren;1 unidad de 900 g. aprox.;5,42
Picantones;Coren;bandeja de 2 unidades, 1100 g.;4,44
Delicia de Navidad;Coren;bandeja de 1 unidad, 4750 g. aprox.;37,76
Capón relleno;Coren;1 unidad de 4000 g. aprox.;64,24
Coquelet;Coren;bandeja de 1 unidad, 400 g.;3,02
Pato Berberia;Coren;bandeja de 1 unidad, 1300 g. aprox.;8,94
Pato Berberia relleno;Coren;bandeja de 1 unidad, 1500 g. aprox.;25,04
Pato asado entero a la naranja;Coren;1 unidad, 1200 g. aprox.;17,69
Brocheta de pato con frutas;Coren;bandeja de 2 unidades, 260 g. aprox.;5,16
Muslo de pato Berberia;Coren;bandeja de 1 unidad, 350 g. aprox.;2,94
Rotí de pato con frutas;Coren;bandeja de 1 unidad, 600 g. aprox.;8,46
Pavita limpia;Coren; 1 unidad 2750 g. aprox.;10,12
Pavo limpio entero;Coren;1 unidad de, 3700 g. aprox.;11,88
Pavita rellena;Coren;bandeja de 1 unidad, 3625 g. aprox.;30,92
Rotí de pavo;Coren;bandeja de 1 unidad, 900 g.;5,47
Faisán;Coren;bandeja de 1 unidad, 1100 g. aprox.;12,71
Perdiz pelada;Coren;bandeja de 1 unidad, 360 g. aprox.;2,31
Pintada pelada;Coren;bandeja de 1 unidad, 1300 g. aprox.;7,23
Poularda;Coren;bandeja de 1 unidad, 2250 g. aprox.;13,05
Pollo limpio De Corral;Coren;bandeja de 1 unidad, 1675 g. aprox.;6,68
Pollo limpio;Coren;bandeja de 1 unidad, 1675 g. aprox.;4,67
Pechugas de pollo De Corral;Coren;bandeja de 2 unidades, 600 g. aprox.;4,67
Pechuga fileteada de pollo;Coren;bandeja de 4 unidades, 375 g. aprox.;2,60
Pechuga de pollo;Coren;bandeja de 2 unidades, 525 g. aprox.;3,24
Jamoncitos de pollo De Corral;Coren;bandeja de 3 unidades, 525 g. aprox.;2,70
Jamoncitos de pollo;Coren;bandeja de 4 unidades, 525 g. aprox.;1,74
Delicias de contramuslo de pollo;Coren;bandeja de 12 unidades, 875 g. aprox.;2,81
Contramuslos de pollo sin piel;Coren;bandeja de 3 unidades, 475 g. aprox.;1,47
Contramuslos de pollo De Corral;Coren;bandeja de 4 unidades 625 g. aprox.;1,60
Muslos de pollo De Corral;Coren;bandeja de 2 unidades, 700 g. aprox.;3,26
Muslos de pollo;Coren;bandeja de 2 unidades, 650 g. aprox.;1,76
Alas de pollo De Corral;Coren;bandeja de 4 unidades, 550 g. aprox.;2,56
Alas de pollo;Coren;bandeja de 6 unidades, 550 g. aprox.;1,58
Cuartos de gallina;Coren;bandeja de 1 unidad, 335 g. aprox.;0,97
Carcasas de pollo para sopa;Coren;bandeja de 2 unidades, 775 g. aprox.;0,60
Minipaupetón de pollo;Coren;paquete de 2 unidades, 650 g.;7,38
Pollo ahumado;Coren;bandeja de 1 unidad, 1250 g. aprox.;8,70
Jamón de pollo adobado;Saludables de Coren;bandeja de 5 lonchas, 250 g. aprox.;2,28
Pechuga de pollo adobada;Saludables de Coren;bandeja de 5 lonchas, 250 g. aprox.;2,78
Pechuga de pollo ahumada;Saludables de Coren;bandeja de 5 lonchas, 250 g. aprox.;2,78
Pollo relleno;Coren;bandeja de 1 unidad, 2150 g. aprox.;21,22
Rotí de pollo;Coren;1 unidad de 900 g. aprox.;5,42
Nuggets de pollo;Coren;bandeja de 18 unidades, 415 g. aprox.;3,06
Salchicha de pollo blanca;Coren;bandeja de 5 unidades, 270 g. aprox.;1,98
Chuletas de pavo;Coren;bandeja de 4 unidades, 450 g. aprox.;4,16
Filetes de pechuga de pavo;Coren;bandeja de 4 unidades, 400 g. aprox.;6,87
Pierna de pavo;Coren;bandeja de 1 unidad, 675 g. aprox.;2,12
Rotí de pavo;Coren;bandeja de 1 unidad, 900 g.;5,47
Jamoncitos de pavo;Coren;bandeja de 2 unidades, 750 g. aprox.;2,15
Jamón de pavo adobado;Saludables de Coren;bandeja de 5 lonchas, 250 g. aprox.;2,28
Pechuga de pavo adobada;Saludables de Coren;bandeja de 5 lonchas, 250 g. aprox.;2,78
Pechuga de pavo ahumada;Saludables de Coren;bandeja de 5 lonchas, 250 g. aprox.;2,78
Codornices;Coren;bandeja de 4 unidades, 500 g.;4,22
Coquelet;Coren;bandeja de 1 unidad, 400 g.;3,02
Magret de pato;Coren;bandeja de 1 unidad, 355 g. aprox.;6,44
Picantones;Coren;bandeja de 2 unidades, 1100 g.;4,44
Huevo hilado;Calidad Tradición Carrefour;bandeja de 3 unidades, 760 g. aprox.;17,43
Filete 1ªA Novillo Argentino;Calidad Tradición Carrefour;bandeja de 3 a 5 unidades, 400 g. aprox.;6,63
Solomillo de Novillo Argentino;Calidad Tradición Carrefour;bandeja de 1 unidad, 860 g. aprox.;20,05
Aleta rellena;Coren;bandeja de 3 unidades, 225 g.;1,39
Hamburguesas de pollo y pavo;Coren;bandeja de 4 unidades, 360 g.;1,88
Limones;Carrefour;malla de 1 kg.;2,22
Mandarinas;Carrefour;malla de 2 kg.;1,97
Naranjas;Carrefour;malla de 2 kg.;3,64
Pomelo rojo;Navidul;#¿NOMBRE?;39,95
Lote chorizo y salchichón ibérico +Blocs foie grass Delicass;Navidul;#¿NOMBRE?;29,95
Bacon ahumado;Carrefour;sobre de 20 lonchas al vacío, 320 g. aprox.;2,24
Bacon en lonchas;Oscar Mayer;sobre de 200 g.;1,85
Bacon;La Selva;sobre de 280 g. aprox.;2,01
Cintas de bacon;Casa Tarradellas;2 unidades de 100 g.;1,75
Cintas de Bacon;Casa Tarradellas;paquete de 150 g.;1,43
Chopped de pavo;Carrefour;sobre de 12 lonchas, 300 g. aprox.;1,56
Chopped Beef;Carrefour;sobre de 24 lonchas al vacío, 280 g. aprox.;1,34
Chopped Beef;Campofrío;pieza de 400 g.;1,44
Chopped Pork;Carrefour;sobre de 24 lonchas al vacío, 280 g. aprox.;1,34
Chopped Pork;Campofrío;sobre de 24 lonchas al vacío, 280 g. aprox.;1,51
Chopped Pork;Campofrío;pieza de 400 g.;1,44
Chopped de lata;La Selva;sobre de 300 g. aprox.;1,97
Mortadela;Carrefour;sobre de 24 lonchas al vacío, 320 g. aprox.;1,34
Mortadela con aceitunas;Carrefour;sobre de 24 lonchas al vacío, 310 g. aprox.;1,30
Mortadela siciliana con aceitunas;Campofrío;barra de 400 g.;1,26
Mortadela selecta;Carrefour;sobre de 250 g. aprox.;1,36
Mortadela Bolonia;Fiorucci;sobre de 260 g. aprox.;2,34
Mortadela siciliana;Campofrío;pieza de 400 g.;1,35
Mortadela con aceitunas;El Pozo;pieza de 400 g.;1,20
Fuet extra;Carrefour;pieza de 175 g.;1,77
Fuet de Vic;De Nuestra Tierra;pieza de 200 g.;2,65
Espetec extra;Casa Tarradellas;pieza de 185 g. aprox.;1,65
Fuet extra;Casademont;pieza de 175 g. aprox.;1,59
Longaniza Imperial Clásica;El Pozo;pieza de 250 g.;1,95
Longaniza dulce de León;De Nuestra Tierra;pieza de 400 g. aprox.;3,18
Longaniza picante de León;De Nuestra Tierra;pieza de 400 g. aprox.;3,18
Huevo hilado;Carrefour;sobre de 9 lonchas al vacío, 300 g. aprox.;2,70
Jamón cocido sin fosfatos;Aoste;sobre de 9 lonchas al vacío, 310 g. aprox.;3,34
Jamón cocido extra;Campofrío;pieza de 440 g.;4,66
Jamón cocido;Campofrío;sobre de 7 lonchas al vacío, 310 g. aprox.;2,79
Jamón cocido dulce;Frial;sobre de 7 lonchas al vacío, 310 g. aprox.;2,23
Jamón cocido en su jugo;El Pozo;sobre de 300 g. aprox.;2,51
Paleta cocida;Carrefour;sobre de 9 lonchas al vacío, 320 g. aprox.;2,11
Fiambre de York;Campofrío;paquete de 440 g.;2,85
Fiambre de sandwich 11x11;El Pozo;sobre de 16 lonchas al vacío, 330 g. aprox.;1,97
Lacón;Valle;sobre de 7 lonchas al vacío, 300 g. aprox.;2,51
Jamón cocido finíssimas;Campofrío;sobre de 125 g.;1,49
Jamón cocido extra;Casa Tarradellas;sobre de 150 g., 5 lonchas.;1,65
Jamón cocido en lonchas;Casa Tarradellas;sobre de 150 g., 8 lonchas.;1,75
Pack de jamón y queso;Casa Tarradellas;sobre de 6 + 6 lonchas, 232 g.;2,24
Lunchables de jamón cocido;Oscar Mayer;paquete de 100 g.;1,25
Paleta york cocida en su jugo;Revilla;pieza de 1 kg.;6,39
Jamón Ibérico de Bellota D.O. Huelva;De Nuestra Tierra;pieza de 7500 g. aprox.;364,50
Jamón Ibérico de Bellota 5 Encinas;Navidul;pieza de 7300 g. aprox.;277,04
Jamón Ibérico 5 J;Sánchez Romero Carvajal;pieza de 4500 g. aprox.;218,25
Jamón Ibérico de Recebo;Celestino Gómez;pieza de 7250 g. aprox.;170,67
Jamón Ibérico extra;Mafresa;pieza de 7250 g. aprox.;157,69
Jamón Ibérico con FUNDA 3 Encinas;Navidul;pieza de 7300 g. aprox.;167,54
Paleta Ibérica 5 J;Sánchez Romero Carvajal;pieza de 3500 g. aprox.;84,04
Paleta Ibérica con FUNDA 3 Encinas;Navidul;pieza de 4800 g. aprox.;65,23
Afila cuchillos;Carrefour;1 unidad.;9,31
Cuchillo jamonero;Carrefour;1 unidad.;11,11
Jamonero plegable de pino;Inalsa;1 unidad.;13,19
Jamón curado;Carrefour;pieza de 7250 g. aprox.;55,10
Jamón Bodega Camposierra;Campofrío;pieza de 7300 g. aprox.;69,28
Jamón serrano Reserva 4 Estaciones;Navidul;pieza de 7300 g. aprox.;78,48
Jamón serrano Reserva;El Pozo;pieza de 6500 g. aprox.;27,93
Centro de jamón curado;La Cantinera;pieza de un octavo, 700 g. aprox.;13,97
Centro de jamón curado;Argal;pieza de un cuarto, 950 g. aprox.;5,28
Centro de jamón curado;Campofrío;sobre de 14 lonchas al vacío, 220 g. aprox.;3,83
Centro de jamón curado Reserva;Pedro Diego;sobre de 260 g. aprox.;4,68
Centro de paleta serrana;La Dehesa de Hijate;sobre de 150 g. aprox.;2,07
Jamón curado loncheado extrafino;Espuña;sobre de 120 g.;3,75
Jamón curado;Espuña;sobre de 12 lonchas, 250 g.;5,95
Jamón curado en tiras;Carrefour;paquete de 150 g.;2,14
Jamón de pato;De Nuestra Tierra;sobre de 50 g.;2,07
Afila cuchillos;Carrefour;1 unidad.;9,31
Cuchillo jamonero;Carrefour;1 unidad.;11,11
Jamonero plegable de pino;Inalsa;1 unidad.;13,19
Lomo;Embutidos Montblanc;sobre de 33 lonchas al vacío, 180 g. aprox.;3,24
Cabeza de lomo;Neldar;sobre de 24 lonchas, 180 g. aprox.;2,37
Lomo ibérico;Navidul;pieza de 450 g. aprox.;17,08
Lomo extra embuchado;Navidul;un tercio de pieza, 600 g. aprox.;11,69
Lomo Ibérico de  Bellota de Huelva;De Nuestra Tierra;pieza de 300 g. aprox.;11,09
Lomo Ibérico embuchado;Navidul;pieza de 1250 g. aprox.;47,24
Surtido Ibérico;Navidul;sobre de 150 g.;4,50
Paté de corzo;Carrefour;tarro de 180 g.;1,17
Paté del campo;Jean Brunet;tarro de 180 g.;1,59
Paté de jabalí;Carrefour;tarro de 180 g.;1,17
Paté de jabalí;Jean Brunet;tarro de 180 g.;1,98
Paté de jabugo;Sánchez Romero Carvajal;3 latas de 80 g.;2,10
Paté de hígado de cerdo;Carrefour;lata de 125 g.;0,87
Paté hígado de cerdo;Apis;3 latas de 80 g.;1,03
Paté de hígado de cerdo;Apis;3 latas de 80 g.;1,51
Paté de hígado de ave;Carrefour;tarro de 180 g.;1,17
Paté de hígado de cerdo;La Piara;3 latas de 83 g.;1,91
Paté de hígado de cerdo;La Piara;2 latas de 118 g.;2,19
Paté de hígado de cerdo;La Piara;lata de 118 g.;1,08
Paté de hígado de cerdo;La Piara;lata de 83 g.;0,82
Paté de hígado de cerdo bajo en calorías;La Piara;lata de 83 g.;0,98
Paté de hígado de cerdo;Mina;3 latas de 70 g.;0,84
Acelgas;Carrefour;bolsa de 300 g.;1,46
Espinacas;Carrefour;bolsa de 300 g.;1,46
Ajo;Carrefour;malla de 250 g.;1,09
Ajo;Calidad Tradición Carrefour;malla de 500 g.;2,43
Cebolla;Calidad Tradición Carrefour;malla de 1 kg.;0,78
Cebolla;Carrefour;bandeja de 5 unidades, 500 g.;1,74
Puerro;Carrefour;bolsa de 125 g.;1,78
Cogollos;Calidad Tradición Carrefour;bandeja de 3 unidades;1,18
Corazones de cogollos;Calidad Tradición Carrefour;bandeja de 6 unidades.;1,85
Endibias;Carrefour;bandeja de 450 g.;1,35
Escarola rizada;Carrefour;1 unidad.;0,89
Lechuga Romana;Carrefour;bolsa de 1 kg.;0,50
Patata para asar;Carrefour;bolsa de 2 kg.;1,28
Patata para cocer;Calidad Tradición Carrefour;saco de 3 kg.;2,22
Patata para freir;Calidad Tradición Carrefour;bolsa de 3 kg.;0,84
Patata para guisar;Carrefour;bolsa de 2 kg.;1,28
Patata;Carrefour;bolsa de 400 g.;1,53
Variado de verdura para caldo;Carrefour;bolsa de 125 g.;1,78
Ensalada Italiana;Carrefour;bolsa de 250 g.;0,86
Mezcla gourmet;Carrefour;bolsa de 200 g.;1,99
Ensalada alemana;McSalad;envase de 480 g.;2,99
Ensalada Americana;McSalad;envase de 160 g.;1,17
Ensalada Americana;McSalad;envase de 480 g.;2,99
Ensalada de cangrejo;McSalad;envase de 160 g.;1,71
Ensalada de cangrejo;McSalad;envase de 480 g.;5,09
Ensalada Italiana;McSalad;envase de 480 g.;2,99
Ensalada de patatas con ali-oli;McSalad;envase de 480 g.;2,99
Ensalada rusa con aceitunas;McSalad;envase de 480 g.;2,99
Champiñon;Carrefour;bandeja de 250 g.;1,55
Setas;Carrefour;bandeja de 200 g.;1,50
Tomate bola;Carrefour;tarrina de 250 g.;1,55
Tomate ensalada;Carrefour;manojo de 400 g.;1,00
Calabacín;Carrefour;bolsa de 125 g.;1,78
Coles de Bruselas;Carrefour;tarrina de 250 g.;0,89
Remolacha en rodajas;Carrefour;bolsa de 500 g.;1,37
Repollo rizado;Carrefour;sobre de 100 g.;2,70
Salmón Noruego ahumado;Skandia;sobre de 100 g.;3,44
Salmón ahumado noruego precortado;Carrefour;sobre de 250 g.;5,76
Salmón ahumado Noruego;Skandia;sobre de 250 g.;7,65
Salmón ahumado en aceite;Valkiria;lata de 260 g.;4,82
Salmón Marinado al Eneldo;Skandia;sobre de 80 g.;2,95
Tabla de ahumados;Skandia;sobre de 140 g.;5,55
Atún ahumado en lochas;Skandia;sobre de 100 g.;2,75
Mojama de atún de Isla Cristina;De Nuestra Tierra;1 taco de 275 g. 275 g. aprox.;7,12
Bacalao de Islandia ahumado con maderas nobles;Skandia;sobre de 80 g.;3,59
Palometa ahumada en lonchas;Skandia;sobre de 100 g.;2,33
Pez espada ahumado en lonchas;Skandia;sobre de 100 g.;4,59
Trucha Noruega ahumada en lonchas;Skandia;sobre de 100 g.;2,79
Huevas;Mujjól Shikrán;2 tarros de 120 g.+REGALO Caviarera;2,35
Huevas de anchoa;Anchoviar;tarro de 120 g.;4,55
Huevas de arenque Golden;Avruga;tarro de 350 g,(p. neto).;10,95
Huevas de arenque Golden;Avruga;tarro de 120 g.(p. neto).;3,60
Huevas de arenque Golden;Avruga;tarro de 55 g. (p. neto).;2,35
Huevas;Mujjól Shikrán;tarro de 120 g.;3,36
Huevas;Mujól Shikrán;tarro de 55 g.;2,50
Huevas;Mujjól Shikrán;3 tarros de 28 g.;2,59
Huevas bicolor;Mujjól Shikrán;tarro de 300 g.;9,62
Boca pequeña cocida;Cocina Aguinaga;225 g.;4,18
Salmonetes de roca pequeños enteros;Cocina Aguinaga;225 g.;4,18
Pescadilla en rodajas preparada;Carrefour;pieza de 650 g.;6,59
Lomo doblado de bacalao;Dimar;pieza entre 400 y 500 g.;8,35
Lomos supremos de bacalao;Carrefour;paquete de 400 g. de 4/5 raciones.;5,85
Filetes de bacalao seco salado;Dimar;paquete de 400 g.;8,90
Bacalao desmigado;Carrefour;bandeja de 300 g.;3,55
Bacalao desmigado de Islandia;Dimar;bandeja de 250 g.;4,79
Palitos de bacalao de Islandia;Dimar;paquete de 150 g.;3,29
Mojama de atún de Isla Cristina;De Nuestra Tierra;1 taco de 275 g. 275 g. aprox.;7,12
Anilla de calamar;Aguinaga;bandeja de 200 g.+REGALO Libro de recetas;1,90
Colas del Océano;Krissia;paquete de 2 unidades, 150 g.;2,55
Surimi fresco rallado;Krissia;bolsa de 150 g.;2,24
Boquerones en vinagre;De Nuestra Tierra;bote de 120 g. (p.esc);3,78
Pechuga de pavo;Carrefour;sobre de 12 lonchas al vacío, 290 g. aprox.;2,99
Pechuga de pavo;El Pozo;sobre de 9 lonchas, 270 g. aprox.;2,16
Pechuga de pavo finíssimas Pavofrío;Campofrío;sobre de 125 g.;3,12
Pechuga de pavo con finas hierbas Pavofrío;Campofrío;pieza de 440 g.;3,49
Pechuga de pavo con setas Pavofrío;Campofrío;pieza de 440 g.;3,49
Pechuga de pavo Sanissimo;Campofrío;pieza de 440 g.;3,54
Jamón de pavo;Carrefour;sobre de 12 lonchas, 300 g. aprox.;2,48
Jamón de pavo cocido Pavofrío;Campofrío;pieza de 440 g.;2,52
Chopped de pavo;Carrefour;sobre de 12 lonchas, 300 g. aprox.;1,56
Chopped de pavo Pavofrío;Campofrío;pieza de 440 g.;2,31
Suprema de pollo;Campofrío;sobre de 9 lonchas al vacío, 290 g. aprox.;2,75
Trufado de pollo;Campofrío;sobre de 9 lonchas al vacío, 270 g. aprox.;2,15
Pechuga suprema de pollo;Campofrío;pieza de 440 g.;3,13
Salami;Carrefour;sobre de 28 lonchas al vacío, 290 g. aprox.;1,91
Salami a las finas hierbas;Acueducto;sobre de 39 lonchas, 300 g. aprox.;2,51
Sobrasada de Mallorca;Carrefour;tarrina de 200 g.;1,30
Sobrasada de Mallorca de cerdo negro;De Nuestra Tierra;pieza de 338 g. aprox.;4,66
Sobrasada de Mallorca etiqueta negra;El Zagal;tarrina de 200 g.;1,64
Sobrasada de Mallorca;El Zagal;tarrina de 200 g.;1,35
Sobrasada de Ibérico;El Pozo;tarrina de 200 g.;1,17
Butifarra blanca;De Nuestra Tierra;pieza de 200 g. aprox.;1,84
Butifarra catalana;De Nuestra Tierra;pieza de 350 g. aprox.;3,11
Butifarra negra;De Nuestra Tierra;1 unidad. 250 g. aprox.;2,35
Cabeza de cerdo;Frial;sobre de 230 g. aprox.;1,38
Chicharrón frito;Valle;sobre de 10 lonchas al vacío, 290 g. aprox.;2,08
Delisandwich de cangrejo;Serrano;sobre de 16 lonchas al vacio, 280 g. aprox.;2,18
Delisandwich de langosta;Serrano;sobre de 16 lonchas al vacío, 280 g. aprox.;2,18
Compango Asturiano;De Nuestra Tierra;paquete de 4 raciones, 700 g.;10,07
Preparado fabada asturiana;De Nuestra Tierra;paquete de 950 g.;16,80
Fiambre de Luxe;Argal;sobre de 10 lonchas al vacío, 230 g. aprox.;1,79
Morcilla Asturiana;De Nuestra Tierra;paquete de 400 g.;3,88
Morcilla de Burgos de arroz;De Nuestra Tierra;pieza de 300 g. aprox.;1,29
Tabla de Ibéricos;De Nuestra Tierra;sobre de 150 g. aprox.;3,88
Morcón Ibérico de Huelva;Cantiberi;sobre de 21 lonchas al vacío, 100 g. aprox.;2,10
Surtido Ibérico;Navidul;sobre de 150 g.;4,50
Compango Asturiano;De Nuestra Tierra;paquete de 4 raciones, 700 g.;10,07
Preparado fabada asturiana;De Nuestra Tierra;paquete de 950 g.;16,80
Queso Roquefort de Francia;Carrefour;cuña de 100 g.;1,65
Queso Roquefort Francia;Societé;cuña de 100 g.;1,99
Queso Roquefort;Societé;4 cuñas de 25 g.;2,29
Queso fundido graso de oveja Crème;Societé;#¿NOMBRE?;1,95
Queso azul tradicional;Bergader;paquete de 100 g.;1,02
Queso Bleu d´Auvergne de Valmont;Président;cuña de 100 g.;0,87
Queso;Babybel Maxi;pieza de 400 g.;3,79
Queso mini con Maasdam;Babybel;bolsa 6 unidades, 120 g.;1,85
Queso mini;Babybel;bolsa 6 unidades, 120 g.;1,85
Queso graso de cabra Sante Maure;Président;paquete de 200 g.;1,99
Queso de cabra Bellay;Besnier;paquete de 113 g.;1,35
Queso Camembert de Normandía;Carrefour;caja de 250 g.;1,57
Queso Camembert de Normandía;Président;caja de 250 g.;2,25
Queso Camembert de Normandía;Président;caja de 8 porciones, 250 g.;2,25
Queso fundido graso para untar Crème de Camembert;Président;tarrina de 125 g.;1,29
Queso Camembert Caprice des Dieux;Arias;caja de 200 g.;2,59
Queso Camembert Chamois D´or;Arias;caja de 200 g.;2,55
Queso Brie;Carrefour;cuña de 200 g.;1,49
Queso Brie;Président;cuña de 200 g.;1,84
Queso Emmental Francés;Carrefour;paquete de 250 g. aprox.;1,62
Queso Emmental en lonchas;Président;paquete de 200 g.;1,86
Queso Emmental;Président;paquete de 250 g.;2,21
Queso fundido graso para untar Crème d' Emmental;Président;tarrina de 125 g.;1,37
Queso Fondue Suizo;Fromalp;paquete de 400 g.;3,25
Fondue classic;Tiger;paquete de 400 g.;3,75
Queso blanco de vaca natural;Burgo de Arias;2 ud. 250 g.;3,09
Queso blanco pasterizado de vaca natural;Burgo de Arias;tarrina de 250 g.;1,77
Queso blanco pasterizado de vaca natural;Burgo de Arias;3 tarrinas de 75 g.;1,84
Queso fresco 0% materia grasa;Burgo de Arias;3 tarrinas de 75 g.;1,98
Queso blanco pasterizado enriquecido en Calcio;Burgo de Arias;3 tarrinas de  75 g.;1,90
Queso fresco de Burgos;Mama Luise;tarrina de 250 g.;1,69
Queso fresco graso de Burgos;Mama Luise;4 tarrinas de 62,5 g.;1,85
Queso fresco calcio;Mama Luise;4 tarrinas de 62,5 g.;2,09
Queso fresco graso de Burgos sin sal;Mama Luise;tarrina de 250 g.;1,69
Queso fresco semigraso;Quark de Danone;tarrina de 250 g.;1,14
Mascarpone Italiano;Galbani;tarrina de 250 g.;2,45
Mozzarella di Bufala campana;Galbani;tarrina 220 g.(p. n), 125 g.(p.esc);2,15
Queso fresco Mozzarella Italiana;Santa Lucia de Galbani;bolsa de 195 g. (p.neto).;1,55
Queso fresco Mozzarella Italiana;Santa Lucia de Galbani;tarrina de 160 g. (p.neto);1,59
Queso fresco Ricotta Italiana, Finetta de;Galbani;tarrina de 250 g.;1,69
Queso;Babybel Maxi;pieza de 400 g.;3,79
Queso mini;Babybel;bolsa 6 unidades, 120 g.;1,85
Queso Feta;Dodoni;paquete de 200 g.;2,59
Queso de pasta dura Grana Padano;Galbani;punta de 200 g.;4,59
Mascarpone Italiano;Galbani;tarrina de 250 g.;2,45
Queso fresco Ricotta Italiana, Finetta de;Galbani;tarrina de 250 g.;1,69
Queso Tartare blanco pasterizado con ajo y finas hierbas;Arias;tarrina de 100 g.;1,42
Queso fundido;Carrefour;caja de 16 porciones, 250 g.;1,03
Queso fundido semigraso para extender;Carrefour;paquete de 24 lonchas, 400 g.;1,89
Queso fundido semidesnatado para extender light;Carrefour;paquete de 16 lonchas,300g;1,41
Queso fundido semigraso para extender;Carrefour;paquete de 16 lonchas, 300 g.;1,25
Queso fundido graso para extender Tranchettes;Kraft;paquete de 24 lonchas, 450 g.;2,34
Queso fundido graso para extender Tranchettes;Kraft;paquete de 16 lonchas, 300 g.;1,58
Queso fundido graso para extender Tranchettes;Kraft;paquete de 8 lonchas, 150 g.;0,81
Queso fundido graso para extender;El Caserío;paquete de 16 lonchas, 375 g.;0,89
Queso fundido graso para extender Sabanitas;Hochland;paquete de 50 lonchas, 800 g.;3,59
Queso fundido graso para extender Sabanitas de Cheddar;Hochland;paquete 12 lonchas, 250 g.;1,49
Queso semicurado en lonchas;Campobello;bandeja de 200 g.;2,35
Queso tierno en lonchas;El Ventero;bandeja de 200 g.;2,09
Queso Cheddar en lonchas;T.G.T.;paquete de 200 g. 10 lonchas;1,79
Queso Gouda en lonchas;T.G.T;paquete de 200 g., 9 lonchas;1,79
Queso Mozzarella en lonchas;T.G.T;paquete de 200 g., 10 lonchas;1,79
Queso Arzúa-Ulloa;De Nuestra Tierra;pieza de 1000 g. aprox.;7,48
Queso cabra de Las Alpujarras;De Nuestra Tierra;pieza de 550 g. aprox.;7,12
Queso cabrales;De Nuestra Tierra;pieza de 1000 g. aprox.;14,57
Queso oveja Idiazábal;De Nuestra Tierra;pieza de 600 g. aprox.;7,90
Quesuco vaca de Liébana;De Nuestra Tierra;pieza de 500 g. aprox.;5,40
Queso de Mahón;De Nuestra Tierra;pieza de 700 g. aprox.;7,39
Queso cabra Majorero;De Nuestra Tierra;pieza de 1500 g. aprox.;21,59
Queso de Cantabria;De Nuestra Tierra;pieza de 1000 g. aprox.;7,81
Queso de Murcia al vino;De Nuestra Tierra;pieza de 250 g. 250 g. aprox.;3,23
Queso oveja del Roncal;De Nuestra Tierra;pieza de 1000 g. aprox.;13,67
Queso oveja del Roncal;De Nuestra Tierra;pieza de 600 g. aprox.;8,62
Queso curado graso Serrat;De Nuestra Tierra;pieza de 900 g. aprox.;9,98
Queso curado graso Serrat;De Nuestra Tierra;pieza de 600 g. aprox.;7,48
Queso Tetilla de vaca;De Nuestra Tierra;pieza de 1000 g. aprox.;7,48
Queso Tetilla;Central Lechera Asturiana;por pieza. 850 g. aprox.;6,45
Tabla de quesos: Tetilla, Mahón, Cabra, Zamorano y Roncal;De Nuestra Tierra;500 g;9,58
Tabla quesos: Majorero, Mancha, Idiazabal, Cantabro, Liébana;De Nuestra Tierra;500 g;9,58
Queso Tupí;De Nuestra Tierra;tarro de 160 g.;4,14
Queso tortita Extremeña;De Nuestra Tierra;pieza de 900 g. aprox.;12,84
Queso curado Zamorano;De Nuestra Tierra;cuña de 380 g. aprox.;5,00
Quesitos;El Caserío;caja de 24 porciones, 375 g.;2,12
Queso fundido graso;El Caserío;caja de 16 porciones, 250 g.;1,45
Queso fundido graso;La Vaca que ríe;caja de 16 porciones, 250 g.;1,59
Queso fundido semigraso;Santé de Kraft;caja de 16 porciones, 250 g.;1,55
Queso fundido semigraso Light;La Vaca que ríe;caja de 16 porciones, 250 g.;1,58
"Quesitos "" Petit fresa """;El Caserío;caja de 8 porciones, 100 g.;0,85
Daditos de queso picar Apericubo;La Vaca que ríe;paquete de 24 unidades, 125 g.;1,49
Mezcla de 4 quesos rallados;El Caserío;bolsa de 140 g.;1,35
Queso rallado emmental;El Caserío;bolsa de 140 g.;1,53
Queso rallado Emmental Francés;Président;bolsa de 100 g.;0,91
Queso rallado en polvo;El Caserío;bolsa de 90 g.;0,92
Queso rallado Filatto;El Caserío;bolsa de 900 g.;7,69
Queso rallado Filatto;El Caserío;bolsa de 90 g.;0,92
Queso rallado Mozzarella Danesa;MD de T.G.T;bolsa de 200 g.;1,99
Queso rallado Parmesano;Kraft;bolsa de 40 g.;0,79
Tabla quesos: Majorero, Mancha, Idiazabal, Cantabro, Liébana;De Nuestra Tierra;500 g;9,58
Tabla de quesos: Tetilla, Mahón, Cabra, Zamorano y Roncal;De Nuestra Tierra;500 g;9,58
Queso para untar natural;Carrefour;tarrina de 200 g.;0,96
Queso para untar Light;Carrefour;tarrina de 200 g.;0,96
Queso para untar;Philadelphia;tarrina de 300 g.;2,19
Queso para untar;Philadelphia;tarrina de 200 g.;1,45
Queso para untar Light;Philadelphia;tarrina de 200 g.;1,49
Queso para untar con finas hierbas;Philadelphia;tarrina de 150 g.;1,41
Queso para untar con queso azul;Philadelphia;tarrina de 150 g.;1,41
Queso para untar con salmón;Philadelphia;tarrina de 150 g.;1,41
Queso para untar con queso azul de montaña;San Millán de Arias;tarrina de 125 g.;1,17
Queso para untar con trocitos de salmón ahumado;San Millán de Arias;tarrina 125 g.;1,17
Queso fundido graso de oveja Crème;Societé;#¿NOMBRE?;1,95
Queso fundido graso para untar Crème de Camembert;Président;tarrina de 125 g.;1,29
Queso fundido graso para untar Crème d' Emmental;Président;tarrina de 125 g.;1,37
"Crema de queso azul "" Peña Santa """;Central Lechera Asturiana;tarro de 220 g.;3,49
Queso fundido graso y bastoncitos Pik y Croq;La Vaca que ríe;4 tarrinas de 35 g.;1,59
Mantecadas de Astorga;De Nuestra Tierra;caja de 300 g.;2,34
Pan de Cádiz;De Nuestra Tierra;caja de 300 g.;3,95
Quesada Pasiega;De Nuestra Tierra;450 g.;2,33
Sobaos pasiegos;De Nuestra Tierra;paquete de 650 g.;3,16
Tejas y Cigarrillos de Tolosa;De Nuestra Tierra;caja de 200 g.;3,52
Tejas de Tolosa;De Nuestra Tierra;caja de 125 g.;2,17
Ochitos con aceite de oliva;De Nuestra Tierra;paquete de 110 g.;0,66
Picos con aceite de oliva;De Nuestra Tierra;bolsa de 110 g.;0,66
Picos integrales con aceite de oliva;De Nuestra Tierra;bolsa de 110 g.;0,66
Piquitos;De Nuestra Tierra;bolsa de 220 g.;0,75
Piquitos con ajonjolí con aceite de oliva;De Nuestra Tierra;bolsa de 220 g.;0,75
Regañás con ajonjolí con aceite de oliva;De Nuestra Tierra;bolsa de 110 g.;0,66
Rosquillas con aceite de oliva;De Nuestra Tierra;bolsa de 110 g.;0,66
Miel del bosque de Galicia;De Nuestra Tierra;frasco de 500 g.;3,94
Miel de la Alcarria multifloral;De Nuestra Tierra;frasco de 500 g.;3,94
Árbol de navidad sin decorar Alta Gama;Ménestrel;bolsa de12 ud., 150 g.;3,79
Figuras de chocolate con leche;"Tom &amp; Jerry";6 bolas para colgar + 1 Papá Noel chocolate + 1 sorpresa.;4,15
Trineo con bolas de chocolate para colgar del árbol;Ménestrel;1 unidad, 100 g.;3,79
Plantillas con siluetas navideñas para spray de nieve;Pegaso 2000;15 unidades de 28 cm.;2,49
Gorros de cumpleaños Decorata Party;Mickey for Kids;6 unidades.;2,69
Globos moldeables;PegasoKid;20 unidades de 160 cm.;3,15
Inflador de globos doble acción;MiniPump;1 unidad.;5,69
Tarjetas de navidad surtidas con sobre;Hallmark;paquete de 4 unidades.;1,23
Tarjetas de navidad surtidas con sobre;Hallmark;paquete de 10 unidades.;2,05
Tarjetas de navidas surtidas con sobre;Ayuda en Acción;paquete de 6 unidades.;3,32
Tarjetas con cordón para personalizar regalos;Hallmark;5 unidades.;2,52
Cámara de fotos desechable;Kodak Ultra;con film de 27 + 12 exposiciones.;6,95
Cámara de fotos desechable con flash;Kodak Ultra;con film de 27 + 12 exposiciones.;11,85
Carrete fotográfico A.P.S.;Kodak Advantix;film de 25 exposiciones.;5,29
Carrete fotográfico;Kodak Gold Ultra;2 film de 24 + 12 exposiciones.;9,18
Avión a fricción con luz y sonido;ABCD;1 unidad.;10,19
Carrusel acuático;ABCD;1 unidad.;10,79
Burbuja musical inflable;ABCD;1 unidad.;7,79
Gimnasio musical;ABCD;1 unidad.;20,99
Peluche;ABCD;1 unidad.;11,99
Proyector musical;ABCD;1 unidad.;20,99
Tarjetas con cordón para personalizar regalos;Hallmark;5 unidades.;2,52
Muñeca Cloe;Bratz de Bandai;1 unidad.;25,84
Muñeca Jade;Bratz de Bandai;1 unidad.;25,84
Muñeca Sasha;Bratz de Bandai;1 unidad.;25,84
Papel de regalo clásico;Ambar;rollo de 2 pliegos de 100*70 cm.;1,05
Papel de regalo Disney;Ambar;rollo de 2 pliegos de 200*70 cm.;1,05
Papel de regalo Disney navideño;Ambar;rollo de 2 pliegos de 200*70 cm.;1,05
Papel de regalo Kraft;Ambar;rollo de 2 pliegos de 100*70 cm.;1,05
Tarjetas con cordón para personalizar regalos;Hallmark;5 unidades.;2,52
Lote Vajilla desechable Interlude;Carrefour;sobre de 100 g.;2,70
Salmón Noruego ahumado;Skandia;sobre de 100 g.;3,44
Salmón ahumado noruego precortado;Carrefour;sobre de 250 g.;5,76
Salmón ahumado Noruego;Skandia;sobre de 250 g.;7,65
Salmón ahumado en aceite;Valkiria;lata de 260 g.;4,82
Salmón Marinado al Eneldo;Skandia;sobre de 80 g.;2,95
Tabla de ahumados;Skandia;sobre de 140 g.;5,55
Atún ahumado en lochas;Skandia;sobre de 100 g.;2,75
Mojama de atún de Isla Cristina;De Nuestra Tierra;1 taco de 275 g. 275 g. aprox.;7,12
Bacalao de Islandia ahumado con maderas nobles;Skandia;sobre de 80 g.;3,59
Palometa ahumada en lonchas;Skandia;sobre de 100 g.;2,33
Pez espada ahumado en lonchas;Skandia;sobre de 100 g.;4,59
Trucha Noruega ahumada en lonchas;Skandia;sobre de 100 g.;2,79
Huevas;Mujjól Shikrán;2 tarros de 120 g.+REGALO Caviarera;2,35
Huevas de anchoa;Anchoviar;tarro de 120 g.;4,55
Huevas de arenque Golden;Avruga;tarro de 350 g,(p. neto).;10,95
Huevas de arenque Golden;Avruga;tarro de 120 g.(p. neto).;3,60
Huevas de arenque Golden;Avruga;tarro de 55 g. (p. neto).;2,35
Huevas;Mujjól Shikrán;tarro de 120 g.;3,36
Huevas;Mujól Shikrán;tarro de 55 g.;2,50
Huevas;Mujjól Shikrán;3 tarros de 28 g.;2,59
Huevas bicolor;Mujjól Shikrán;tarro de 300 g.;9,62
Huevo hilado;Coren;bandeja de 1 unidad, 4750 g. aprox.;37,76
Capón relleno;Coren;1 unidad de 4000 g. aprox.;64,24
Pollo relleno;Coren;bandeja de 1 unidad, 2150 g. aprox.;21,22
Rotí de pollo;Coren;1 unidad de 900 g. aprox.;5,42
Picantones;Coren;bandeja de 2 unidades, 1100 g.;4,44
Coquelet;Coren;bandeja de 1 unidad, 400 g.;3,02
Pato Berberia;Coren;bandeja de 1 unidad, 1300 g. aprox.;8,94
Pato Berberia relleno;Coren;bandeja de 1 unidad, 1500 g. aprox.;25,04
Pato asado entero a la naranja;Coren;1 unidad, 1200 g. aprox.;17,69
Brocheta de pato con frutas;Coren;bandeja de 2 unidades, 260 g. aprox.;5,16
Muslo de pato Berberia;Coren;bandeja de 1 unidad, 350 g. aprox.;2,94
Rotí de pato con frutas;Coren;bandeja de 1 unidad, 600 g. aprox.;8,46
Pavita limpia;Coren; 1 unidad 2750 g. aprox.;10,12
Pavo limpio entero;Coren;1 unidad de, 3700 g. aprox.;11,88
Pavita rellena;Coren;bandeja de 1 unidad, 3625 g. aprox.;30,92
Rotí de pavo;Coren;bandeja de 1 unidad, 900 g.;5,47
Faisán;Coren;bandeja de 1 unidad, 1100 g. aprox.;12,71
Perdiz pelada;Coren;bandeja de 1 unidad, 360 g. aprox.;2,31
Pintada pelada;Coren;bandeja de 1 unidad, 1300 g. aprox.;7,23
Poularda;Coren;bandeja de 1 unidad, 2250 g. aprox.;13,05
Huevo hilado;Calidad Tradición Carrefour;bandeja de 1 unidad, 1350 g. aprox.;16,29
Pierna de cordero lechal;Calidad Tradición Carrefour;bandeja de 1 unidad, 1125 g. aprox.;13,58
Paletilla de cordero lechal;Calidad Tradición Carrefour;bandeja de 8 a 14 unidades, 500 g. aprox.;7,43
Huevo hilado;Calidad Tradición Carrefour;bandeja de 3 a 4 ud., 425 g. aprox.;11,41
Solomillo de ternera;Calidad Tradición Carrefour;bandeja de 1 unidad, 975 g. aprox.;26,17
Solomillo de ternera lechal;Calidad Tradición Carrefour;bandeja de 1 unidad, 860 g. aprox.;20,05
Entrecot de ternera;Calidad Tradición Carrefour;bandeja de 2 a 5 unidades, 500;9,86
Entrecot de ternera gallega;Calidad Tradición Carrefour;bandeja de 3 unidades, 760 g. aprox.;17,43
Entrecot de añojo;Calidad Tradición Carrefour;bandeja de 1 unidad, 475 g. aprox.;8,75
Chuletón de ternera gallega;Calidad Tradición Carrefour;bandeja de 1 unidad, 1250 g. aprox.;16,95
Rotí de ternera;Calidad Tradición Carrefour;bandeja de 1 unidad, 900 g. aprox.;11,59
Redondo de ternera lechal;Ménestrel;caja de 500 g.;4,78
Láminas de crema de menta recubiertas de chocolate;After Eight;caja de 200 g.;2,99
Bombones extrafinos;Doña Jimena;caja de 375 g.;4,65
Bombones;Ferrero Rocher;caja 5 unidades.;1,50
Bombones;Ferrero Rocher;caja de 200 g., 16 unidades.;3,50
Bombones;Ferrero Rocher;caja de 300 g., 24 unidades.;5,36
Bombones;Ferrero Rocher;caja de 375 g., 30 unidades.;6,99
Bombones;Ferrero Prestige;caja de 295 g.;6,99
Laminas de chocolate con leche;Lindt;caja de 125 g.;3,06
Laminas de chocolate con leche con aroma de naranja;Lindt;caja de 125 g.;3,06
Bombones;Mon Chéri;caja de 150 g., 15 unidades.;3,30
Bombones;Mon Chéri;caja de 168 g., 16 unidades.;4,11
Surtido de bombones de relleno cremoso;Lindor de Lindt;caja de 275 g.;7,51
Bombones de chocolate con leche y relleno cremoso;Lindt;caja de 275 g.;7,95
Bombón de chocolate blanco con relleno cremoso;Lindt;caja de 215 g.;5,45
Pralinés;Toblerone;caja de 400 g.;8,00
Bombones rellenos de cereza al brandy;Weinbrand Kirschen;caja de 300 g.;3,72
Bombones;Mon Chéri;caja de 150 g., 15 unidades.;3,30
Bombones;Mon Chéri;caja de 168 g., 16 unidades.;6,99
Bombones rellenos de licor;Weinbrand-Bohnen;caja de 400 g.;3,60
Pralines de avellana sin azúcar sin fructosa;Doña Jimena;caja de 85 g.;1,59
Pralines de café sin azúcar sin fructosa;Doña Jimena;caja de 85 g.;1,59
Pralines de  mousse sin azúcar sin fructosa;Doña Jimena;caja de 85 g.;1,59
Bombón surtido Gran Selection;Menestrel;caja de 195 g.;2,55
Bombón surtido Gran Selection;Menestrel;caja de 385 g.;4,78
Bombón surtido Gran Selection;Menestrel;caja de 250 g.;3,16
Bombón surtido Gran Selection;Menestrel;caja de 500 g.;5,86
Bombón surtido Gran Selection;Menestrel;caja de 770 g.;8,26
Bombón surtido Selection;Ménestrel;caja de 250 g.;2,99
Bombón surtido Selection;Ménestrel;caja de 500 g.;5,86
Surtido de chocolates Belgas;Ménestrel;caja de 250 g.;3,28
Bombones Milk Tray;Cadbury;caja de 225 g.;4,73
Surtido de chocolates y bombones;Doña Jimena;caja de 500 g.;6,15
Bombones;Ferrero Prestige;caja de 295 g.;6,99
Bombones surtidos de chocolate Caja Roja;Nestlé;caja de 200 g.;4,30
Bombones surtidos de chocolate Caja Roja;Nestlé;caja de 400 g.;7,40
Bombones surtidos de chocolate Caja Roja;Nestlé;caja de 800 g.;14,39
Bombones surtidos de chocolate Caja Roja;Nestlé;lata de 250 g.;6,99
Bombones surtidos de chocolate Caja Roja;Nestlé;lata de 400 g.;8,86
Bombones surtidos de chocolate Caja Roja;Nestlé;lata de 500 g.;11,00
Bombones surtidos de chocolate Caja Roja 2003;Nestlé;lata de 750 g.;13,37
Bombones surtidos de chocolate Caja Roja;Nestlé;pirámide de 200 g.;4,25
Bombones surtidos de chocolate negro Serie Noir;Nestlé;caja de 200 g.;4,60
"Bombones cortados ""Uña""";Lacasa;caja de 180 g.;3,50
Bombones minicortados Uña;Lacasa;caja de  200 g.;3,15
Minipralinés Uña;Lacasa;caja de 200 g.;3,15
Bombones surtidos de chocolate;Lindt;caja de 350 g.;7,18
Bombones surtidos Champs-Élysées;Lindt;lata de 395 g.;11,37
Bombones surtidos Champs - Élysées;Lindt;caja de 445 g.;8,50
Bombones surtidos Champs - Élysées;Lindt;caja de 1 kg.;17,40
Bombones surtidos;Valor;caja de 63 g.;1,61
Bombones Chocolatissimo;Valor;caja de 165 g.;3,26
Bombones Surtidos;Valor;bombonera huevo de 315 g.;6,15
Bombones surtidos Chocolatissimo;Valor;lata de 350 g.;7,48
Bombones Selección de oro;Valor;caja de 275 g.;6,35
Bombones selección de Oro Gold Seletion;Valor;caja de 400 g.;7,48
Calendario de Navidad;Zahor;1 unidad de 50 g.;1,29
Bombón de almendra;Carrefour;caja de 175 g.;2,00
Bombón de almendra sabor café;Carrefour;caja de 175 g.;2,00
Mix chocolateado;Carrefour;bandeja de 300 g.;2,28
Bombones de frutos secos;Carrefour;caja de 335 g.;3,55
Surtido chocolateado Galatea nº 8;Capo;estuche de 275 g.;4,18
Surtido de Navidad Asteria,  nº 6;Capo;estuche de 290 g.;4,20
Grajeas de chocolate Feme, nº 46;Capo;estuche de 300 g.;4,60
Grajeas de chocolate Pluto, nº 48;Capo;estuche de 250 g.;3,29
"Bombón de crocanti ""Divinos""";Lacasa;bote de 225 g.;2,40
"Bombón de avellana ""Divinos""";Lacasa;bote de 200 g.;2,40
"Almendra con chocolate blanco ""Divinos""";Lacasa;bote de 200 g.;2,40
Bombón de pistacho cubierto de chocolate con leche, Divinos;Lacasa;1 unidad de 200g;2,40
"Bombón de almendra  ""Divinos""";Lacasa;bote de  200 g.;2,40
Grajeas de chocolate;Lacasitos;bote de 250 g.;2,28
Cacahuete suizo Divinos;Lacasa;bolsa de 500 g.;2,50
Figuras de chocolate con leche;"Tom &amp; Jerry";6 bolas para colgar + 1 Papá Noel chocolate + 1 sorpresa.;4,15
Trineo con bolas de chocolate para colgar del árbol;Ménestrel;1 unidad, 100 g.;3,79
Bolas de Navidad de chocolate con leche Mr. Bean;Ménestrel;bolsa de12 ud., 150 g.;3,79
Reyes Magos de chocolate con leche;Ménestrel;3 unidades, 180 g.;2,25
Huevos sorpresa de chocolate con leche;Carrefour;1 caja de 3 unidades;1,13
Chocolate relleno;Bombón Sport;tableta de 150 g.;0,75
Huevo sorpresa Action Man;Cadbury;caja de 3 unidades de 22 g.;1,89
Huevos sorpresa Barbie;Cadbury;caja de 3 unidades de 22 g.;1,94
Rana de chocolate;Harry Potter;1 unidad de 40 g.;1,17
Choco;Conguitos;blancos tableta de 100 g.;0,79
Choco;Conguitos;tableta de 100 g.;0,79
Choco;Lacasitos;tableta de 100 g.;0,79
Choco;Lacasitos;tableta de 125 g.;0,75
Chocolate Jungly con galletas;Nestlé;tableta de 125 g.;0,99
Trufas;Ménestrel;caja de 250 g.;2,27
Trufas;Menestrel;caja de 500 g.;3,76
Cava Brut Zero Reserva;Castellblanch;estuche 2 botellas de 75 cl. + copa vela.;10,30
Cava Brut Reserva Anna;Codorníu;estuche metálico 3 botellas de 75 cl.;27,50
Cava Brut Jaume;Codorníu;estuche 1 botella de 75 cl.;25,00
Cava Brut;Gran Codorníu;estuche 3 botellas de 75 cl.;51,30
Cava Brut De Fiesta;Delapierre;estuche 2 botellas de 75 cl.+ 2 copas.;6,83
Cava Brut Prestige;Delapierre Glacé;estuche 2 botellas de 75 cl + 2 copas.;6,90
Cava Brut Cordón Negro;Freixenet;estuche 2 botellas de 75 cl + 2 copas.;11,70
Cava Brut Barroco Reserva;Freixenet;estuche 2 botellas de 75 cl.;22,95
Cava Brut Vintage;Segura Viudas;estuche 3 botellas de 75 cl + 3 copas.;34,99
"Cava Brut Nature Reserva "" Dos Lustros """;Castellblanch;estuche 3 botellas de 75 cl;28,50
Cava Brut Nature Cuvée Raventós;Codorníu;estuche metálico 1 botella de 75 cl.;12,00
Cava Brut Nature Vintage 1998;Freixenet;estuche 2 botellas de 75 cl.;15,95
Cava Brut Nature Gran Reserva de la Familia;Juvé y Camps;estuche 3 botellas 75 cl.;33,03
Cava Brut Nature;Raimat;estuche 3 botellas de 75 cl.;22,21
Cava Brut Nature Lavit;Segura Viudas;estuche 2 botellas de 75 cl. + 2 copas.;12,25
Cava Brut Gran Reserva Heredad;Segura Viudas;estuche 1 botella de 75 cl.;16,68
Cava semi seco Cordón Negro;Freixenet;estuche 2 botellas 75 cl + 2 Copas de regalo;11,70
Copas de cava desechables;Nupik;8 unidades.;2,85
Cava Brut;Castell del Llac;botella de 75 cl.;2,39
Cava Brut Reserva;Castell del Llac;botella de 75 cl.;4,06
Cava Brut Reserva Anna;Codorníu;botella de 75 cl.;7,45
Cava Brut Reserva Anna;Codorníu;2 botellas de 75 cl.+REGALO Cubitera;14,50
Cava Brut Reserva Anna;Codorníu;2 botellas magnum de 1,5 l.+REGALO Cubitera;27,50
Cava Brut;"Canals &amp; Nubiola";botella de 75 cl.;3,30
Cava Brut Zero Reserva;Castellblanch;botella de 75 cl.;5,05
Cava Brut Zero Reserva;Castellblanch;estuche 2 botellas de 75 cl. + copa vela.;10,30
Cava Extra Brut;Codorníu;2 botellas de 75 cl.+REGALO Cubitera;4,85
Cava Brut Grant Cremant;Codorníu;2 botellas de 75 cl.+REGALO Cubitera;4,49
Cava Brut Jaume;Codorníu;2 estuches de 1 botella de 75 cl.+REGALO Cubitera;25,00
Cava Brut Non Plus Ultra;Codorníu;2 botellas de 75 cl.+REGALO Cubitera;9,21
Cava Brut Non Plus Ultra Cuveé Mª Cristina;Codorníu;2 botellas de 75 cl+REGALO Cubitera;12,99
Cava Brut;Gran Codorníu;estuche 3 botellas de 75 cl.;51,30
Cava Brut De Fiesta;Delapierre;estuche 2 botellas de 75 cl.+ 2 copas.;6,83
Cava Brut Prestige;Delapierre Glacé;estuche 2 botellas de 75 cl + 2 copas.;6,90
Cava Brut;De Nuestra Tierra;botella de 75 cl.;6,46
Cava Brut Barroco Reserva;Freixenet;botella de 75 cl.;9,59
Cava Brut Barroco Reserva;Freixenet;estuche 2 botellas de 75 cl.;22,95
Cava Brut Carta Nevada;Freixenet;botella de 75 cl.;4,25
Cava Brut Cordón Negro;Freixenet;botella de 75 cl.;5,15
Cava Brut Cordón Negro;Freixenet;3 botellas de 20 cl.;4,79
Cava Brut Cordón Negro;Freixenet;estuche 2 botellas de 75 cl + 2 copas.;11,70
Cava Brut Reserva;Segura Viudas;botella de 75 cl.;5,58
Cava Brut Gran Reserva Heredad;Segura Viudas;estuche 1 botella de 75 cl.;16,68
Cava Brut Vintage;Segura Viudas;estuche 3 botellas de 75 cl + 3 copas.;34,99
Copas de cava desechables;Nupik;8 unidades.;2,85
Cava Brut Nature;Castell del Llac;botella de 75 cl.;2,98
"Cava Brut Nature Reserva "" Dos Lustros """;Castellblanch;estuche 3 botellas de 75 cl;28,50
Cava Brut Nature Cuvée Raventós;Codorníu;2 botellas de 75 cl.+REGALO Cubitera;12,00
Cava Brut Nature;De Nuestra Tierra;botella de 75 cl.;8,53
Cava Brut Nature;Chandon;botella de 75 cl.;9,39
Cava Brut Nature;Conde de Caralt;botella de 75 cl.;3,55
Cava Brut Nature;Freixenet;botella de 75 cl.;7,18
Cava Brut Nature Vintage 1998;Freixenet;estuche 2 botellas de 75 cl.;15,95
Cava Brut Nature Reserva de la Familia;Juvé y Camps;botella de 75 cl.;12,95
Cava Brut Nature Gran Reserva de la Familia;Juvé y Camps;estuche 3 botellas 75 cl.;33,03
Cava Brut Nature;Raimat;2 botellas 75 cl.+REGALO Cubitera;5,40
Cava Brut Nature;Raimat;estuche 3 botellas de 75 cl.;22,21
Cava Brut Nature Lavit;Segura Viudas;botella de 75 cl.;5,99
Cava Brut Nature Lavit;Segura Viudas;estuche 2 botellas de 75 cl. + 2 copas.;12,25
Copas de cava desechables;Nupik;8 unidades.;2,85
Cava dulce rosado;Castellblanch;botella de 75 cl.;3,30
Cava Brut rosado Pinot Noir;Codorníu;2 botellas de 75 cl.+REGALO Cubitera;10,00
Cava Brut rosé Reserva;Codorníu;2 botellas de 75 cl.+REGALO Cubitera;5,35
Cava semi-seco Rosé;Rondel;botella de 75 cl.;2,45
Cava semi-seco Rosé;Rondel;2 botellas de 75 cl.+REGALO Cubitera;2,85
Cava semi seco;"Canals &amp; Nubiola";botella de 75 cl.;2,78
Cava semi seco extra Cristal;Castellblanch;botella de 75 cl.;3,25
Cava semi seco Grand Cremant;Castellblanch;botella de 75 cl.;2,98
Cava semi seco;Castell del Llac;botella de 75 cl.;2,45
Cava semi seco Extra;Codorníu;2 botellas de 75 cl.+REGALO Cubitera;4,99
Cava semi seco Grant Cremant;Codorníu;botella de 75 cl.;4,49
Cava semi seco Carta Nevada;Freixenet;botella de 75 cl.;4,20
Cava semi seco Mini Nevada;Freixenet;3 botellas de 20 cl.;3,91
Cava semi seco Cordon Negro;Freixenet;botella de 75 cl.;5,29
Cava semi seco Cordón Negro;Freixenet;estuche 2 botellas 75 cl + 2 Copas de regalo;11,70
Cava semi seco;Rondel Oro;botella de 75 cl.;2,59
Cava semi seco;Rondel Oro;2 botellas de 75 cl.+REGALO Cubitera;2,85
Champagne Brut Cordon Rouge;Mumm;botella de 750 ml.;23,99
Champagne Brut Imperial;"Moët &amp; Chandon";botella de 37,5 cl.;13,90
Champagne Brut Imperial;"Moët &amp; Chandon";botella de 75 cl.;24,95
"Champagne Brut "" Carte Jaune """;Veuve Clicquot;botella de 75 cl.;26,50
Copas de cava desechables;Nupik;8 unidades.;2,85
Sidra Asturiana;Carrefour;6 botellas de 25 cl.;1,79
Sidra Asturiana;Carrefour;botella de 75 cl.;0,81
Sidra Natural de Asturias;De Nuestra Tierra;botella de 70 cl.;1,99
Sidra Vasca;De Nuestra Tierra;botella de 75 cl.;1,99
Sidra Asturiana;Escanciador;6 botellas de 25 cl.;1,90
Sidra Asturiana Extra;Escanciador;botella de 70 cl.;1,08
Sidra;El Gaitero;botella de 70 cl.;1,26
Sidra Extra;El Gaitero;botella de 75 cl.;1,65
Sidra Natural Asturiana;Riera;botella de 70 cl.;1,39
Estuche para regalo;Agua de Luna;#¿NOMBRE?;12,82
Estuche para regalo;Anouk;#¿NOMBRE?;9,37
Estuche para regalo;Depende Azul;#¿NOMBRE?;11,08
Estuche para regalo;Depende Verde;#¿NOMBRE?;14,77
Estuche para regalo;Don Algodón;#¿NOMBRE?;15,88
Estuche para regalo;Eau D´ Été;#¿NOMBRE?;8,17
Estuche para regalo;Eau Jeune Senteurs Fraiches;#¿NOMBRE?;8,41
Estuche para regalo;Fleur de Jour;#¿NOMBRE?;11,42
Estuche para regalo;Flor de Agatha Ruíz;#¿NOMBRE?;14,42
Estuche para regalo;Prêt à Porter;#¿NOMBRE?;15,56
Estuche para regalo;Promesa;#¿NOMBRE?;17,04
Estuche para regalo;Zinnia;#¿NOMBRE?;13,64
Estuche para regalo;Acqua di Titto;#¿NOMBRE?;13,62
Estuche para regalo;Adidas Ice Dive for Men;#¿NOMBRE?;13,99
Estuche para regalo;Adidas Team Force for Men;#¿NOMBRE?;13,99
Estuche para regalo;Agua Brava;#¿NOMBRE?;18,74
Neceser para regalo;Boston Man;#¿NOMBRE?;12,75
Estuche para regalo;Brummel;#¿NOMBRE?;10,17
Estuche para regalo;Crossmen;#¿NOMBRE?;9,46
Estuche para regalo;Don Algodón Hombre;#¿NOMBRE?;12,13
Estuche para regalo;Dutti Sport de Massimo Dutti;#¿NOMBRE?;19,74
Estuche para regalo;Impacto;#¿NOMBRE?;5,95
Estuche para regalo;Massimo Dutti;#¿NOMBRE?;17,94
Estuche para regalo;Mediterráneo;#¿NOMBRE?;17,11
Neceser para regalo;Springfield;#¿NOMBRE?;11,74
Estuche para regalo;Yacht Man Blue;#¿NOMBRE?;18,26
Estuche infantil para regalo;Barbie Modelo;#¿NOMBRE?;8,99
Estuche infantil para regalo;Barbie Sirena;#¿NOMBRE?;8,99
Estuche infantil para regalo;The Simpsons;#¿NOMBRE?;10,80
Estuche infantil para regalo;Tweenies;#¿NOMBRE?;10,80
Eau de toilette;212 de Carolina Herrera;vaporizador de 60 ml.;42,04
Eau de parfum;5th avenue de Elizabeth Arden;vaporizador de 75 ml.;43,27
Eau de toilette natural;"Abril de Victorio &amp; Lucchino";vaporizador de 100 ml.;33,21
Eau de toilette Agua Fresca de Rosas;Adolfo Dominguez;vaporizador de 120 ml.;29,95
Eau de toilette natural;Aire de Loewe;vaporizador de 75 ml.;38,85
Eau de toilette;Amarige de Givenchy;vaporizador de 50 ml.;43,81
Eau de toilette;Anaïs Anaïs de Cacharel;vaporizador de 50 ml.;37,50
Eau de toilette;"Carmen de Victorio &amp; Lucchino";vaporizador de 100 ml.;31,99
Eau de toilette natural;"Dolce &amp; Gabbana Femme";vaporizador de 50 ml.;36,90
Eau de toilette;Duende de Cacharel;vaporizador de 50 ml.;24,01
Eau de toilette;Eau de Rochas;vaporizador de 100 ml.;34,99
Eau de toilette;Envy de Gucci;vaporizador de 50 ml.;41,56
Eau de parfum;Eternity de Calvin Klein;vaporizador de 50 ml.;49,50
Eau de toilette;Halloween de Jesús del Pozo;vaporizador de 50 ml.;23,50
Eau de toilette natural;Hugo Woman de Hugo Boss;vaporizador de 75 ml.;41,50
Eau de toilette natural;L´Air du Temps de Nina Ricci;vaporizador de 30 ml.;19,99
Eau de toilette natural;Lancaster;vaporizador de 75 ml.;25,36
Eau de toilette;Massimo Dutti Woman;vaporizador de 100 ml.;27,43
Eau de toilette;Noa de Cacharel;vaporizador de 100 ml.;61,12
Eau de toilette;Ô de Lancôme;vaporizador de 75 ml.;34,83
Eau de toilette;Samsara;vaporizador de 50 ml.;45,98
Eau de toilette;Vandervilt;vaporizador de 100 ml.;36,03
Eau de toilette Agua Fresca;Adolfo Dominguez;vaporizador de 120 ml.;27,90
Eau de toilette;Armani;vaporizador de 50 ml.;40,99
Eau de toilette;Boss de Hugo Boss;vaporizador de 100 ml.;47,48
Eau de toilette natural;Cacharel pour Homme;vaporizador de 100 ml.;48,65
Eau de toilette;Cool Water;vaporizador de 75 ml.;34,99
Eau de toilette natural;"Dolce &amp; Gabbana Homme";vaporizador de 75 ml.;34,99
Eau de toilette;Essencia de Loewe;vaporizador de 100 ml.;61,74
Eau de toilette natural;Hugo de Hugo Boss;vaporizador de 100 ml.;38,80
Eau de toilette;Lacoste;vaporizador de 100 ml.;34,11
Eau de toilette;Paco Rabanne pour Homme;vaporizador de 50 ml.;20,95
Eau de toilette;Eau de Rochas Homme;vaporizador de 100 ml.;34,90
Eau de cologne natural;Tabac original;vaporizador de 100 ml.;17,90
Eau de toilette natural;Vetiver de Adolfo Dominguez;vaporizador de 120 ml.;28,99
Eau de toilette;XS de Paco Rabanne;vaporizador de 100 ml.;43,95
Eau de toilette;Calvin Klein Be;vaporizador de 100 ml.;36,99
Eau de toilette;Calvin Klein One;vaporizador de 100 ml.;34,45
Eau de toilette;Paco de Paco Rabanne;vaporizador de 100 ml.;28,04
Eau de toilette;Samsara;vaporizador de 50 ml.;45,98
Almendras de Navidad;E.Moreno;bolsa de 250 g.;1,65
Almendras rellenas de chocolate;E.Moreno;bolsa de 250 g.;1,89
Barquillos rellenos de chocolate;Antiu Xixona;lata de 300 g.;3,30
Barquillos de turrón al chocolate;Antiu Xixona;lata de 300 g.;3,30
Bolitas de coco;La Estepeña;caja de 400 g.;2,31
Huesos de Santo de Sonseca - Toledo;Donaire;caja de 200 g.;2,79
Pasteles de Gloria;Delaviuda;caja de 300 g.;3,35
Pasteles de yema;Delaviuda;caja de 300 g.;3,55
Pasteles de yema de Sonseca - Toledo;Donaire;caja de 200 g.;2,59
Roscos finos de vino y almendra;La Estepeña;caja de 375 g.;3,25
Roscos de vino;E.Moreno;caja de 300 g.;1,75
Gran Bandeja Gala de Navidad;Doña Jimena;caja de 400 g.;6,15
"Surtido Sano &amp; Natural";Doña Jimena Ligera;caja de 400 g.;4,19
"Surtido Los más ""Pequeñitos""";E.Moreno;bolsa de 300 g.;2,69
Surtido tradicional Los Exquisitos;E.Moreno;caja de 400 g.;5,75
Selección de Especialidades;El Mesias;caja de 1800 g.;6,89
Confiteria y pasteleria, surtido;La Estepeña;caja de 500 g.;5,19
Surtido de polvorones;La Estepeña;caja de 800 g.;6,19
Pastas artesanas surtidas;Reglero;lata de 1000 g.;4,79
Pralines de avellana sin azúcar sin fructosa;Doña Jimena;caja de 85 g.;1,59
Pralines de café sin azúcar sin fructosa;Doña Jimena;caja de 85 g.;1,59
Pralines de  mousse sin azúcar sin fructosa;Doña Jimena;caja de 85 g.;1,59
Polvorón tradicional sin azúcar;La Estepeña;caja de 350 g.;2,45
Turrón Imperial sin azúcar;El Almendro;tableta de 200 g.;2,99
Turrón de chocolate crujiente sin azúcar;Bio Century;tableta de 200 g.;2,31
Turrón trufado a la naranja con efecto bífido;Bio Century;tableta de 200 g.;2,70
Turrón de yema quemada;Bio Century;tableta de 200 g.;3,15
Turrón al yogurt con frambruesa con efecto bífido;Bio Century;tableta de 200 g.;3,10
Aguacate Hass;Carrefour;bolsa de 250 g.;1,38
Ciruela sin hueso;Carrefour;bolsa de 250 g.;1,68
Ciruelas con hueso;Carrefour;bolsa de 500 g.;2,58
Ciruelas sin hueso;Carrefour;bolsa de 500 g.;3,24
Cruelas con hueso;Carrefour;bandeja de 400 g.;2,21
Ciruelas sin hueso;Carrefour;bandeja de 400 g.;2,21
Ciruelas de California con hueso;Borges;caja de 250 g.;2,20
Ciruelas de California sin hueso;Borges;caja de 250 g.;2,40
Ciruelas con hueso de California;Borges;caja de 500 g.;3,48
Ciruelas sin hueso de California;Borges;caja de 500 g.;3,93
Ciruelas pasas con hueso Ulises, nº 16;Capo;estuche de 320 g.;2,40
Ciruela pasas sin hueso Prometeo, nº 22;Capo;estuche de 320 g.;3,86
Pasas moscatel;Carrefour;bolsa de 250 g.;1,38
Pasas moscatel sin pepitas;Carrefour;bolsa de 250 g.;1,35
Pasas Moscatel;Carrefour;bandeja de 370 g.;2,21
Pasas Moscatel sin pepitas;Carrefour;bandeja de 370 g.;2,21
Pasas moscatel;Carrefour;bolsa de 500 g.;2,64
Pasas sultanas;Carrefour;bolsa de 250 g.;0,96
Pasas Sultanas;Carrefour;bandeja de 370 g.;2,21
Pasas sultanas;Carrefour;bolsa de 500 g.;1,77
Pasas moscatel;Borges;caja de 150 g.;1,19
Pasas de California sin pepitas;Borges;caja de 150 g.;1,28
Pasas moscatel de Málaga;Borges;caja de 150 g.;1,90
Uvas pasas de Chile;Borges;bolsa de 200 g.;1,80
Pasas moscatel  sin hueso Nereidas nº 18;Capo;estuche de 265 g.;2,67
Pasas sultanas sin hueso Japeto, nº 19;Capo;estuche de 300 g.;1,96
Pasas de Corinto;Vahiné;bolsa de 100 g.;1,08
Dátiles deglet nour sin hueso;Carrefour;bandeja de 250 g.;1,50
Datil Deglet Nour;Carrefour;bandeja de 250 g.;1,17
Datil Deglet Nour;Carrefour;bandeja de 500 g.;2,28
Dátiles Tâmaras Deglet Nour de Túnez;Borges;caja de 250 g.;2,28
Dátiles Deglet Nour de Túnez con hueso;Borges;caja de 500 g.;2,98
Dátiles sin hueso Urano nº 21;Capo;estuche de 320 g.;3,86
Dátiles Hera nº 28;Capo;estuche de 320 g.;2,40
Dátiles en rama Titán;Capo;bandeja de 650 g.;6,80
Pan de dátil;Carrefour;1 unidad de 250 g.;1,15
Pan de dátil;Capo;1 unidad de 400 g.;3,95
Mix Especialidades;Carrefour;bandeja de 375 g.;2,16
Bandeja tradicional de frutas desecadas y frutos secos;Carrefour;1 unidad de 240 g;2,50
Bandeja de frutas desecadas tropicales;Carrefour;1 unidad de 240 g.;2,50
Surtido de frutas desecadas Cofre Nº 1;Borges;estuche de 385 g.;5,42
Surtido de frutas desecadas Nº 2;Borges;estuche de 315 g.;4,08
Surtido de frutas desecadas y frutos secos Cesta Nº 3;Borges;estuche de 300 g.;4,08
Surtido de frutas desecadas Electra nº 2;Capo;estuche de 590 g.;6,32
Surtido de frutas desecadas Selena, nº 34;Capo;estuche de 800 g.;7,78
Surtido de frutas desecadas Zeus, nº 35;Capo;estuche de 700 g.;6,60
Surtido de frutas desecadas y frutos secos Gea, nº 39;Capo;estuche de 420 g.;5,85
Surtido de frutas desecadas Panacea, nº 41;Capo;estuche de 380 g.;4,25
Surtido de frutas desecadas y frutos secos Mix, nº 50;Capo;estuche de 700 g.;6,50
Higos País Extra;Carrefour;bandeja de 275 g.;1,32
Higos del País;Carrefour;bolsa de 1 kg.;2,70
Higos secos;Borges;paquete de 250 g.;2,68
Higos secos;Borges;estuche de 250 g.;1,97
Higos Turcos;Carrefour;bandeja de 400 g.;2,58
Higos secos;Capo;bandeja de 850 g.;4,42
Higos nacionales;Capo;bolsa de 1 kg.;2,00
Pan de Higo;Carrefour;cuña de 300 g.;1,74
Pan de higo con almendras;Capo;torta de 300 g.;2,76
Pan de higo con almendras;Capo;cuña de 400 g.;2,18
Torta de higo con almendras y obleas;Capo;cuña de 250 g.;1,59
Orejones de Albaricoque;Carrefour;bolsa de 250 g.;1,99
Orejones de Albaricoque;Carrefour;bandeja de 300 g.;2,55
Orejones de albaricoque;Carrefour;bandeja de 400 g.;3,00
Orejones de Albaricoque;Borges;estuche de 150 g.;1,80
Albaricoques desecados de Turquía;Borges;bolsa de 200 g.;2,61
Orejones de albaricoque Prometeo, nº 17;Capo;estuche de 320 g.;3,50
Papaya;Carrefour;bolsa de 250 g.;1,86
Plátano desecado;Carrefour;bolsa de 250 g.;1,41
Piña desecada;Carrefour;bolsa de 250 g.;1,86
Frutas Tropicales desecadas de Thailandia;Borges;bolsa de 200 g.;2,43
Mix Exótico;Carrefour;bandeja de 250 g.;1,98
Mix Tropical;Carrefour;bolsa de 250 g.;1,75
Ciruelas con hueso de California;Borges;caja de 500 g.;3,48
Almendras largueta tostadas con sal;Carrefour;bolsa de 100 g.;0,81
Almendras marcona repeladas fritas;Carrefour;bolsa de 100 g.;1,15
Bombón de almendra;Carrefour;caja de 175 g.;2,00
Bombón de almendra sabor café;Carrefour;caja de 175 g.;2,00
Almendras marcona fritas y saladas;Borges;bolsa de 250 g.;1,14
Almendras marcona;Eagle;bolsa de 100 g.;1,53
Tambo de almendra;Capo;bandeja de 175 g.;2,40
Almendra garrapiñada;Carrefour;caja de 150 g.;2,00
Garrapiñada natural de almendra;Capo;bolsa de 200 g.;2,25
Garrapiñadas de almendras naturales;Capo;bolsa de 250 g.;2,27
Almendras garrapiñadas Deimo, nº 45;Capo;estuche de 225 g.;3,64
Almendras garrapiñadas;Rey;bolsa de 300 g.;2,13
Almendras de Navidad;E.Moreno;bolsa de 250 g.;1,65
Almendras rellenas de chocolate;E.Moreno;bolsa de 250 g.;1,89
Anacardos fritos;Carrefour;bolsa de 125 g.;1,80
Anacardos fritos;Carrefour;bolsa de 250 g.;3,50
Anacardos fritos con miel;Eagle;bolsa de 75 g.;1,30
Avellana cáscara;Carrefour;bolsa de 400 g.;2,31
Avellanas tostadas;Carrefour;bolsa de 100 g.;0,81
Avellanas tostadas;Borges;bolsa de 250 g.;3,07
Cacahuetes con cáscara tostados con sal;Carrefour;bolsa de 250 g.;0,78
Cacahuetes con cáscara tostados con sal;Carrefour;bolsa de 500 g.;1,44
Cacahuetes con cáscara tostados naturales;Carrefour;bolsa de 250 g.;0,90
Cacahuetes con cáscara tostados naturales;Carrefour;bolsa de 500 g.;1,65
Cacahuete frito piel;Carrefour;bolsa de 125 g.;0,53
Cacahuetes mondados fritos con piel;Carrefour;bolsa de 500 g.;1,59
Cacahuetes repelados fritos;Carrefour;bolsa de 250 g.;0,93
Cacahuetes repelados fritos;Carrefour;bolsa de 500 g.;1,74
Cacahuete garrapiñado;Carrefour;caja de 150 g.;2,00
Cacahuetes fritos y salados;Borges;bolsa de 100 g.;0,80
Cacahuete frito y salado;Borges;bolsa de 400 g.;0,53
Cacahuetes con miel;Borges;bolsa de 100 g.;0,85
Cacahuetes con cáscara tostados;Borges;bolsa de 500 g.;1,71
Garrapiñadas de cacahuete;Capo;bolsa de 250 g.;1,59
Cacahuetes de Virginia;Eagle;lata de 311 g.;2,58
Cacahuetes de Virginia salados;Eagle;bolsa de 100 g.;0,90
Cacahuetes fritos con miel;Eagle;lata de 311 g.;0,98
Lote Cacahuetes fritos con miel + Musik;Eagle;lata de 311 g. + lata de 311 g.;5,85
Ciruela con hueso;Carrefour;bolsa de 250 g.;1,38
Ciruela sin hueso;Carrefour;bolsa de 250 g.;1,68
Ciruelas con hueso;Carrefour;bolsa de 500 g.;2,58
Ciruelas sin hueso;Carrefour;bolsa de 500 g.;3,24
Cruelas con hueso;Carrefour;bandeja de 400 g.;2,21
Ciruelas sin hueso;Carrefour;bandeja de 400 g.;2,21
Ciruelas de California con hueso;Borges;caja de 250 g.;2,20
Ciruelas de California sin hueso;Borges;caja de 250 g.;2,40
Ciruelas con hueso de California;Borges;caja de 500 g.;3,48
Ciruelas sin hueso de California;Borges;caja de 500 g.;3,93
Ciruelas pasas con hueso Ulises, nº 16;Capo;estuche de 320 g.;2,40
Ciruela pasas sin hueso Prometeo, nº 22;Capo;estuche de 320 g.;3,86
Pasas moscatel;Carrefour;bolsa de 250 g.;1,38
Pasas moscatel sin pepitas;Carrefour;bolsa de 250 g.;1,35
Pasas Moscatel;Carrefour;bandeja de 370 g.;2,21
Pasas Moscatel sin pepitas;Carrefour;bandeja de 370 g.;2,21
Pasas moscatel;Carrefour;bolsa de 500 g.;2,64
Pasas sultanas;Carrefour;bolsa de 250 g.;0,96
Pasas Sultanas;Carrefour;bandeja de 370 g.;2,21
Pasas sultanas;Carrefour;bolsa de 500 g.;1,77
Pasas moscatel;Borges;caja de 150 g.;1,19
Pasas de California sin pepitas;Borges;caja de 150 g.;1,28
Pasas moscatel de Málaga;Borges;caja de 150 g.;1,90
Uvas pasas de Chile;Borges;bolsa de 200 g.;1,80
Pasas moscatel  sin hueso Nereidas nº 18;Capo;estuche de 265 g.;2,67
Pasas sultanas sin hueso Japeto, nº 19;Capo;estuche de 300 g.;1,96
Pasas de Corinto;Vahiné;bolsa de 100 g.;1,08
Bombón de almendra;Carrefour;caja de 175 g.;2,00
Bombón de almendra sabor café;Carrefour;caja de 175 g.;2,00
Mix chocolateado;Carrefour;bandeja de 300 g.;2,28
Bombones de frutos secos;Carrefour;caja de 335 g.;3,55
Surtido de Navidad Asteria,  nº 6;Capo;estuche de 290 g.;4,20
Surtido chocolateado Galatea nº 8;Capo;estuche de 275 g.;4,18
Grajeas de chocolate Feme, nº 46;Capo;estuche de 300 g.;4,60
Grajeas de chocolate Pluto, nº 48;Capo;estuche de 250 g.;3,29
"Bombón de crocanti ""Divinos""";Lacasa;bote de 225 g.;2,40
"Bombón de avellana ""Divinos""";Lacasa;bote de 200 g.;2,40
"Almendra con chocolate blanco ""Divinos""";Lacasa;bote de 200 g.;2,40
Bombón de pistacho cubierto de chocolate con leche, Divinos;Lacasa;1 unidad de 200g;2,40
"Bombón de almendra  ""Divinos""";Lacasa;bote de  200 g.;2,40
Grajeas de chocolate;Lacasitos;bote de 250 g.;2,28
Cacahuete suizo Divinos;Lacasa;bolsa de 500 g.;2,50
Bandeja tradicional de frutas desecadas y frutos secos;Carrefour;1 unidad de 240 g;2,50
Mix chocolateado;Carrefour;bandeja de 300 g.;2,28
Bombones de frutos secos;Carrefour;caja de 335 g.;3,55
Surtido de frutas desecadas y frutos secos Cesta Nº 3;Borges;estuche de 300 g.;4,08
Crocanti de almendra Hades,  nº 5;Capo;estuche de 200 g.;4,12
Surtido de Navidad Asteria,  nº 6;Capo;estuche de 290 g.;4,20
Surtido chocolateado Galatea nº 8;Capo;estuche de 275 g.;4,18
Surtido de frutas desecadas y frutos secos Gea, nº 39;Capo;estuche de 420 g.;5,85
Surtido de crocanti de frutos secos Temis, nº 42;Capo;estuche de 240 g.;5,10
Grajeas de chocolate Feme, nº 46;Capo;estuche de 300 g.;4,60
Grajeas de chocolate Pluto, nº 48;Capo;estuche de 250 g.;3,29
Surtido de frutos secos Anteros, nº 49;Capo;estuche de 580 g.;6,50
Mix Exótico;Carrefour;bandeja de 250 g.;1,98
Cocktail de frutos secos normal;Carrefour;bolsa de 100 g.;0,90
Cocktail de frutos secos rebozados;Carrefour;bolsa de 100 g.;0,75
Cocktail de frutos secos;Carrefour;bolsa de 250 g.;0,87
Mix Tropical;Carrefour;bolsa de 250 g.;1,75
Mix Especialidades;Carrefour;bandeja de 375 g.;2,16
Cocktail de cáscara;Carrefour;bolsa de 400 g.;2,01
Cocktail de frutos secos;Carrefour;bolsa de 250 g.;1,59
Mezcla surtida de frutos secos;Borges;bolsa de 500 g.;1,79
Mix de luxe;Eagle;lata de 298 g.;3,66
Lote Cacahuetes fritos con miel + Musik;Eagle;lata de 311 g. + lata de 311 g.;5,85
Núez mondada;Carrefour;bolsa de 250 g.;3,58
"Nueces Iberica ""Pata Negra""";Pizarro de Borges;bolsa de 700 g.;4,31
Nueces de California;Borges;bolsa de 750 g.;3,40
Nuez mondada Iris, nº 20;Capo;estuche de 180 g.;3,86
Maíz frito;Carrefour;bolsa de 70 g.;0,39
Maíz frito;Carrefour;bolsa de 100 g.;0,39
Maíz frito y salado;Borges;bolsa de 500 g.;1,50
Maíz frito;Grefusa Mister Corn;bolsa de 140 g.;0,78
Pipas tostadas con sal;Carrefour;bolsa de 70 g.;0,39
Pipas de girasol gigantes tostadas con sal.;Carrefour;bolsa 70 g.;0,45
Pipas de girasol tostadas con sal;Carrefour;bolsa de 250 g.;0,72
Pipas de girasol tostadas con sal;Carrefour;bolsa de 500 g.;1,32
Pipas de girasol peladas fritas;Carrefour;bolsa de 250 g.;0,93
Pipas gigantes tostadas aguasal;Carrefour;bolsa de 250 g.;1,32
Pipas de girasol gigantes tostadas con sal;Carrefour;bolsa de 250 g.;1,17
Pipas de girasol gigantes tostadas con sal;Carrefour;bolsa de 500 g.;2,07
Pipas de girasol tostadas aguasal;Borges;bolsa de 500 g.;1,61
Piponazo Deluxe;Grefusa;bolsa de 90 g.;0,69
Piponazo Deluxe;Grefusa;bolsa de 150 g.;1,11
Pipas de calabaza;Carrefour;bolsa de 70 g.;0,39
Pipas de calabaza;Carrefour;bolsa de 250 g.;1,41
Pistachos tostados;Carrefour;bolsa de 100 g.;0,95
Pistachos tostados;Carrefour;bolsa de 250 g.;2,40
Pistachos tostados;Carrefour;bolsa de 500 g.;4,66
Pistachos tostados y salados;Borges;bolsa de 250 g.;3,04
Pistacho tostado y salado;Borges;bolsa de 400 g.;5,05
Pistachos de Irán;Eagle;bolsa de 100 g.;1,27
Pistachos de Irán;Eagle;lata de 250 g.;1,89
Cacahuetes fritos y salados;Borges;bolsa de 100 g.;0,80
Cacahuetes con miel;Borges;bolsa de 100 g.;0,85
Ciruelas con hueso de California;Borges;caja de 500 g.;3,48
Chorizo Ibérico de Bellota de Guijuelo;De Nuestra Tierra;pieza de 400 g. aprox.;8,38
Chorizo Asturiano;De Nuestra Tierra;3 unidades 290 g.;4,95
Chorizo Ibérico de Huelva;Zainca;sobre de 21 lonchas al vacío, 100 g. aprox.;1,92
Chorizo Ibérico;Navidul;sobre de 20-24 lonchas,  100 g.;2,10
Chorizo Ibérico vela extra;Navidul;pieza de 280 g.;3,36
Chorizo Ibérico extra cular;Mafresa;pieza de 1000 g. aprox.;12,17
Chorizo Ibérico cular;Aromas del Encinar;pieza de 1000 g. aprox.;6,85
Chorizo Ibérico sarta;Aromas del Encinar;pieza de 250 g.;1,41
Surtido Ibérico;Navidul;sobre de 150 g.;4,50
Chorizo Ibérico de pueblo vela extra;Revilla;pieza de 265 g.;3,40
Lote de Ibéricos (chorizo+salchichón);Navidul;#¿NOMBRE?;39,95
Lote chorizo y salchichón ibérico +Blocs foie grass Delicass;Navidul;#¿NOMBRE?;29,95
Jamón Ibérico de Bellota D.O. Huelva;De Nuestra Tierra;pieza de 7500 g. aprox.;364,50
Jamón Ibérico de Bellota 5 Encinas;Navidul;pieza de 7300 g. aprox.;277,04
Jamón Ibérico 5 J;Sánchez Romero Carvajal;pieza de 4500 g. aprox.;218,25
Jamón Ibérico de Recebo;Celestino Gómez;pieza de 7250 g. aprox.;170,67
Jamón Ibérico extra;Mafresa;pieza de 7250 g. aprox.;157,69
Jamón Ibérico con FUNDA 3 Encinas;Navidul;pieza de 7300 g. aprox.;167,54
Paleta Ibérica 5 J;Sánchez Romero Carvajal;pieza de 3500 g. aprox.;84,04
Paleta Ibérica con FUNDA 3 Encinas;Navidul;pieza de 4800 g. aprox.;65,23
Afila cuchillos;Carrefour;1 unidad.;9,31
Cuchillo jamonero;Carrefour;1 unidad.;11,11
Jamonero plegable de pino;Inalsa;1 unidad.;13,19
Lomo Ibérico de  Bellota de Huelva;De Nuestra Tierra;pieza de 300 g. aprox.;11,09
Lomo ibérico;Navidul;pieza de 450 g. aprox.;17,08
Lomo Ibérico embuchado;Navidul;pieza de 1250 g. aprox.;47,24
Surtido Ibérico;Navidul;sobre de 150 g.;4,50
Hígado entero de pato;De Nuestra Tierra;tarro de 130 g.;8,38
Hígado entero de pato;De Nuestra Tierra;2 latas de 70 g.;8,08
Hígado entero de pato;De Nuestra Tierra;paquete de 90 g.;5,49
Hígado entero de pato;De Nuestra Tierra;lata de 130 g.;7,48
Foie gras de oca con trozos;Labeyrie;paquete de 200 g.;14,78
Foie gras de pato con trozos;Labeyrie;paquete de 200 g.;9,73
Foie gras de oca Duo;Labeyrie;sobre de 80 g.;5,32
Foie gras de pato Duo;Labeyrie;sobre de 80 g.;5,02
Paté de pato;Carrefour;tarro de 125 g.;0,72
Paté de pato;Carrefour;tarro de 180 g.;1,17
Paté de foie;Casa Tarradellas;tarro de 125 g.;0,72
Paté de pato;Casa Tarradellas;tarro de 125 g.;0,77
Hígado graso de pato;Delicass;lata de 130 g.;7,30
Hígado graso de oca;Delicass;lata de 130 g.;8,77
Paté de pato;Delicass;tarro de 130 g.;1,40
Paté de hígado de oca;Delicass;tarro de 130 g.;1,52
Paté de hígado de oca trufado;Delicass;tarro de 130 g.;1,69
Paté hígado de pato;Delicass;tarro de 130 g.;1,32
Paté de pato;Jean Brunet;tarro de 180 g.;1,90
Paté de hígado de pato;La Piara;tarro de 100 g.;1,02
Salchichón Ibérico de Bellota de Guijuelo;De Nuestra Tierra;pieza de 400 g. aprox.;9,40
Salchichón Ibérico de Huelva;Zainca;sobre de 21 lonchas al vacío, 100 g. aprox.;1,92
Salchichón Ibérico cular;Aromas del Encinar;pieza de 1000 g. aprox.;6,85
Salchichón Ibérico casero;Aromas del Encinar;pieza de 250 g.;1,41
Salchichón Ibérico;Navidul;sobre de 20-24 lonchas, 100 g.;2,10
Salchichón Ibérico vela;Navidul;pieza de 280 g.;3,43
Surtido Ibérico;Navidul;sobre de 150 g.;4,50
Buick 8, un coche perverso;Stephen King;1 unidad.;19,90
Con buena letra;Joaquín Sabina;1 unidad.;22,10
El Amuleto;Barbara Wood;1 unidad.;20,50
El Huerto de mi amada;Alfredo Bryce Echenique;1 unidad.;19,00
Hoy por Hoy: Los Años Difíciles;Carlos Elordi;1 unidad.;16,31
La Ciudad de las Bestias;Isabel Allende;1 unidad.;19,90
La Reina del Sur;Arturo Pérez Reverte;1 unidad.;20,75
Maktub;Paulo Coelho;1 unidad.;10,52
Vivir para contarla;Gabriel García Márquez;1 unidad.;25,50
Harry Potter y el Cáliz de Fuego;J.K. Rowling;1 unidad.;17,36
Harry Potter y el Prisionero de Azkaban;J.K. Rowlin;1 unidad.;13,15
Harry Potter y la Cámara Secreta;J.K. Rowling;1 unidad.;12,10
Harry Potter y la Piedra Filosofal;J.K. Rowling;1 unidad.;11,57
La Ciudad de las Bestias (edición juvenil);Isabel Allende;1 unidad.;15,68
Manolito Gafotas: Manolito tiene un secreto;Elvira Lindo;1 unidad.;10,10
El Señor de los Anillos I: La Comunidad del Anillo;J.R.R.Tolkien;1 ud.(Edicción bolsillo);8,95
El Señor de los Anillos II: Las Dos Torres;J.R.R. Tolkien;1 ud.(Edición bolsillo).;8,95
El Señor de los Anillos III: El Retorno del Rey;J.R.R. Tolkien;1 ud(Edición bolsillo);8,95
El Señor de los Anillos I: La Comunidad del Anillo;J.R.R. Tolkien;1 unidad.;18,42
El Señor de los Anillos II: Las Dos Torres;J.R.R. Tolkien;1 unidad.;18,42
El Señor de los Anillos III: El Retorno del Rey;J.R.R. Tolkien;1 unidad.;18,42
El Señor de los Anillos (Obra completa ilustrada);J.R.R. Tolkien;1 unidad.;53,50
"Película DVD "" El Señor de los Anillos """;Carrefour;bolsa de 220 g.;2,19
Gamba a la gabardina;Pescanova;caja de 200 g.;2,94
Gambas cocidas;D'Agustin;caja de 400 g. 56-72 piezas;4,66
Gamba cocida;Delfín;caja de 750 g. 90 -120 piezas;14,71
Gamba plancha;Delfín;bandeja de 500 g.;9,75
Gamba pelada;Delfín;bolsa de 200 g;2,70
Gamba pelada;Delfín;caja de 800 g.;8,82
"Gambas al ajillo ""A la Mesa""";Pescanova;caja de 200 g.;4,25
Langostinos;Carrefour;caja entre 45 y 60 ud, 750 g.;10,01
Langostino real crudos, marfil-cola azul;Carrefour;caja de 800 g. 16-24 piezas;19,95
Langostino cocido;Delfín;caja de 750 g.;14,95
Langostino crudo;Delfín;caja de 800 g. 50-80 piezas;22,81
Langostino crudo;Delfín;caja de 700 g. 20-35 piezas;22,00
Langostino del Mediterráneo;Delfín;caja de 400 g.,;7,27
Langostino;Delfín;caja de 1.500 g. 30-50 piezas;19,38
Langostino crudo pequeño 48-64;Pescanova;caja de 800 g.;9,99
Langostino crudo;Defín;caja de 700 g. 35-45 piezas;16,00
Langostino Banana gigante;Pescanova;caja de 700 g. 10-18 piezas;19,82
Langostinos crudo Marfil;Pescanova;caja de 725 g. 14-18 piezas;19,82
Langostino Banana grande;Pescanova;caja de 800 g. 16-32 piezas;19,50
Langostino crudos Austral Grande;Pescanova;caja de 825 g. 24-31 piezas;14,24
Langostino crudo Austral mediano;Pescanova;caja de 825 g. 32-48 piezas;12,99
Langostino crudo austral 30/40;Pescanova;caja de 2 kg.;32,50
Langostino salvaje mediano;Pescanova;caja de 800 g. 33-48 piezas;17,75
Bocaditos de marisco;Pescanova;caja de 250 g.;2,34
Buey de Mar cocido;Pescanova;1 unidad de 1 kg. aprox.;8,29
Cigalas al natural;Carrefour;caja de 800 g.16-20 piezas;13,95
Cigalas grandes;Pescanova;caja de 800 g. 13-16 piezas;21,25
Cigalas crudas;Delfín;caja de 1.000 g., 17-20 piezas;12,92
Langosta cocida;Delfín;caja de 700 g. 1 unidad;22,35
Nécora cocida;Delfín;caja de 800 g. 6-8 piezas;13,85
Salpicón de marisco;Delfín;paquete de 400 g.;4,99
Supremas Aguinaga;Carrefour;caja de 200 g.;3,59
Supremas aguinaga al ajillo;Carrefour;caja de 125 g.;3,30
La Gula del Norte al ajillo;Aguinaga;caja de 125 g.+REGALO Libro recetas;3,16
Colas del mar sabor langosta;Pescanova;caja de 250 g.;3,85
Muslitos de mar sabor cangrejo;Frudesa;caja de 250 g., 8 unidades.;2,94
Tronquitos de Alaska sabor cangrejo;Frudesa;paquete de 450 g.;3,59
Boca pequeña cocida;Aguinaga;bandeja de 200 g.+REGALO Libro de recetas;1,90
Colas del Océano;Krissia;paquete de 2 unidades, 150 g.;2,55
Surimi fresco rallado;Krissia;bolsa de 150 g.;2,24
Figuritas de mazapán;La Bruja;caja de 150 g.;1,46
Figuritas de mazapán;Delaviuda;caja de 400 g.;3,65
Mazapán de Soto de Sonseca - Toledo;Donaire;caja de 400 g.;3,99
Mazapanes de convento;Doña Jimena;caja de 300 g.;3,32
Pan de Cádiz;De Nuestra Tierra;caja de 300 g.;3,95
Pan de Cádiz;La Bruja;caja de 300 g.;3,10
Alfajores de almendra;E.Moreno;caja de 300 g.;3,45
Gran Bandeja Gala de Navidad;Doña Jimena;caja de 400 g.;6,15
"Surtido Sano &amp; Natural";Doña Jimena Ligera;caja de 400 g.;4,19
"Surtido de mantecados y polvorones ""El Ruiseñor""";E.Moreno;caja de 600 g.;2,15
"Surtido Los más ""Pequeñitos""";E.Moreno;bolsa de 300 g.;2,69
Surtido tradicional Los Exquisitos;E.Moreno;caja de 400 g.;5,75
Selección de Especialidades;El Mesias;caja de 1800 g.;6,89
Confiteria y pasteleria, surtido;La Estepeña;caja de 500 g.;5,19
Surtido de polvorones;La Estepeña;caja de 800 g.;6,19
Marquesas;Delaviuda;caja de 12 unidades, 250 g.;2,75
Polvorón;El Mesías;bolsa de 300 g.;1,35
Polvorón tradicional;La Estepeña;caja de 800 g.;3,35
Polvorón tradicional sin azúcar;La Estepeña;caja de 350 g.;6,19
Turrón de Alicante;Carrefour;tableta de 300 g.;2,18
Turrón Imperial sin azúcar;El Almendro;tableta de 200 g.;2,99
Turrón de Alicante;Antiu Xixona;2 tabletas, 300 g.;2,75
Turrón de Alicante;La Fama;tableta de 200 g.;1,59
Turrón de chocolate crujiente;Carrefour;tableta de 300 g.;0,99
Turrón chocolate crujiente sin azúcar;El Almendro;tableta de 200 g.;2,45
Turrón crocanti con chocolate;El Almendro;tableta de 200 g.;2,82
Turrón de chocolate;La Bruja;tableta de 200 g.;0,99
Turrón de chocolate crujiente sin azúcar;Bio Century;tableta de 200 g.;2,31
Turrón de chocolate blanco con almendras;Delaviuda;tableta de 200 g.;2,37
Turrón  de chocolate con almendras;Delaviuda;tableta de 300 g.;2,79
Turrón de chocolate con barquillo;Delaviuda;tableta de 300 g.;1,86
Turrón de chocolate con Smacks de Kellogg's;Delaviuda;tableta de 200 g.;2,55
Turrón dos chocolates con choco-krispies de Kellogg´s;Delaviuda;tableta de 300 g.;2,79
Turrón de chocolate;Delaviuda;tableta de 300 g.;1,32
Turrón de chocolate crujiente;Lacasa;tableta de 300 g.;2,45
Turrón de chocolate con conguitos;Lacasa;tableta de 200 g.;2,64
Turrón de chocolate con almendras enteras;Suchard;tableta de 300 g.;2,69
Turrón al caramelo;El Almendro;barra de 150 g.;2,34
Turrón crocanti con chocolate;El Almendro;tableta de 200 g.;2,82
Turrón de Jijona;De Nuestra Tierra;tableta de 300 g.;4,50
Turrón a la Piedra;De Nuestra Tierra;tableta de 300 g.;3,85
Turrón de Jijona;El Almendro;tableta de 300 g.;2,95
Turrón de Jijona;Antiu Xixona;tableta de 300 g.;2,75
Turrón de Jijona;La Fama;tableta de 200 g.;1,59
Turrón nata nuez;El Almendro;tableta de 300 g.;3,35
Turrón de bombón;Delaviuda;tableta de 300 g.;2,75
Praliné de chocolate y almendras;Lacasa;tableta de 300 g.;3,49
Praliné de chocolate y frutos secos precortado;Lacasa;tableta de 200 g.;2,64
Turrón al yogurt con frambruesa con efecto bífido;Bio Century;tableta de 200 g.;3,10
Turrón trufado a la naranja con efecto bífido;Bio Century;tableta de 200 g.;2,70
Praliné de queso con arándanos;Lacasa;tableta de 300 g.;3,19
Turrón de nata y fresa;Lacasa;tableta de 300 g.;3,45
Praliné bombón de licor;Lacasa;tableta de 300 g.;3,45
Praliné de piñones y pasas al ron;Lacasa;tableta de 300 g.;3,10
Selección de Turrones;Lacasa;caja de 300 g.;3,45
Praliné turrón de trufa blanca con toffe;Lacasa;tableta de 300 g.;2,99
Turrón al yogurt con frambruesa con efecto bífido;Bio Century;tableta de 200 g.;3,10
Turrón trufado a la naranja con efecto bífido;Bio Century;tableta de 200 g.;2,70
Turrón tarta de Santiago;Delaviuda;tableta de 200 g.;2,64
Praliné de chocolate - Coctel Caipirinha;Doña Jimena;caja de 200 g.;2,45
Praliné de chocolate - Coctel de piña colada;Doña Jimena;caja de 200 g.;2,69
Praliné de queso con arándanos;Lacasa;tableta de 300 g.;3,19
Praliné turrón de trufa blanca con toffe;Lacasa;tableta de 300 g.;2,99
Turrón de arroz con leche;Lacasa;tableta de 200 g.;2,64
Turrón de café;Lacasa;tableta de 300 g.;2,70
Turrón de crema Catalana;Lacasa;tableta de 300 g.;2,70
Turrón de nata y chocolate;Lacasa;tableta de 300 g.;2,99
Turrón de nata y fresa;Lacasa;tableta de 300 g.;3,45
Turrón de Tiramisú;Lacasa;tableta de 200 g.;2,64
Turrón yema tostada;El Almendro;tableta de 300 g.;3,05
Turrón de yema quemada;Bio Century;tableta de 200 g.;3,15
Turrón yema tostada;La Bruja;tableta de 200 g.;1,55
Torta de turrón de Alicante;El Almendro;caja de 200 g.;2,99
Torta de turrón de Alicante;El Almendro;lata de 3 unidades, 600 g. (p.neto);9,29
Torta de chocolate blanco con frutos secos;Delaviuda;caja de 200 g.;2,91
Torta de chocolate con leche y frutos secos;Delaviuda;caja de 200 g.;2,91
Selección de tortas de praliné 3 chocolates con frutos secos;Lacasa;caja de 200 g.;2,65
Vino blanco D.O. Ribeiro;Viña Leiriña;estuche 6 botellas de 75 cl.;26,09
Vino tinto D.O. Catalunya Joven;Sangre de Toro;estuche de 3 botellas de 75 cl.;30,02
Vino tinto D.O. Navarra Crianza 1999;Alex;estuche 4 botellas de 75 cl.;18,21
Vino tinto D.O. Ribera de Duero Reserva 1997;Matarromera;estuche de 3 botellas 75 cl;65,36
Vino tinto D.O. Ribera del Duero Crianza 1998;Vega Vieja;estuche 3 botellas 75 cl.;32,95
Vino tinto D.O.C. Rioja Crianza 1998;Antigua Usanza;estuche 3 botellas de 75 cl.;24,95
Vino tinto D.O.C. Rioja Crianza 1998;Montecillo;estuche 6 botellas de 75 cl.;29,95
Vino tinto D.O.C. Rioja Crianza;Viña Espolón;estuche 3 botellas de 75 cl.;21,68
Vino tinto D.O. La Mancha Reserva 1997;Vega Cedrón;estuche 3 botellas de 75 cl.;12,99
Vino tinto D.O. Navarra Reserva 1996;Alex;estuche 3 botellas de 75 cl.;19,95
Vino tinto D.O.C. Rioja Reserva 1997;Lan;estuche 3 botellas de 75 cl.;36,36
Vino tinto D.O.C. Rioja Reserva 1994;Marqués de Cáceres;estuche 3 botellas de 75 cl;40,82
Vino tinto D.O.C. Rioja Reserva 1995;Viña Arana;estuche 3 botellas 75 cl.;54,29
Vino tinto D.O.C. Rioja Reserva 1.997;Viña Pomal;botella magnum de 1,5 l.;27,17
Vino tinto de la Tierra de Castilla;Barón de Sabas;estuche 3 botellas de 75 cl.;9,73
Brandy de Jerez Solera Gran Reserva;De Nuestra Tierra;botella de 70 cl.;18,50
Brandy de Jerez Solera Gran Reserva;Carlos I;botella de 70 cl.;22,50
Brandy de Jerez Solera Reserva;Carlos III;botella de 70 cl.;9,50
Brandy de Jerez Solera Gran Reserva;Gran Duque de Alba;botella de 70 cl.;26,99
Brandy de Jerez Solera Gran Reserva;Independencia;botella de 70 cl.;13,50
Brandy de Jerez Solera Reserva;Magno;botella de 70 cl.;9,99
Imperial Brandy Solera Selecta Reserva 5 años;Torres;botella de 70 cl.;8,25
Imperial Brandy Gran Reserva 10 años;Torres;botella de 70 cl.;10,45
Fine de Cognac;Hennesy;botella de 70 cl.;28,50
Armagnac;Marquis de Montesquiou;botella de 70 cl.;22,50
Fine cognac VS;Martell;botella de 70 cl.;19,45
Fine Champagne Cognac;Rémy Martin;botella de 70 cl.;28,85
Aguardiente de hierbas;De Nuestra Tierra;botella de 50 cl.;11,69
Aguardiente de Orujo;De Nuestra Tierra;botella de 50 cl.;11,69
Chinchón dulce;De Nuestra Tierra;botella de 1 l.;6,35
Brandy de Jerez Solera Gran Reserva;De Nuestra Tierra;botella de 70 cl.;18,50
Cava Brut;De Nuestra Tierra;botella de 75 cl.;6,46
Cava Brut Nature;De Nuestra Tierra;botella de 75 cl.;8,53
Manzanilla Pasada D.O. Sanlúcar de Barrameda;De Nuestra Tierra;botella de 75 cl.;6,91
Pacharán Navarro;De Nuestra Tierra;botella de 70 cl.;11,96
Sidra Natural de Asturias;De Nuestra Tierra;botella de 70 cl.;1,99
Sidra Vasca;De Nuestra Tierra;botella de 75 cl.;1,99
Vino amontillado D.O. Montilla-Moriles;De Nuestra Tierra;botella de 75 cl.;8,08
Vino Fino muy seco D.O. Jerez;De Nuestra Tierra;botella de 75 cl.;5,35
Vino Oloroso D.O. Montilla Moriles;De Nuestra Tierra;botella de 75 cl.;7,72
Vino Pedro Ximénez dulce D.O. Montilla-Moriles;De Nuestra Tierra;botella de 75 cl;6,88
Vino blanco Albariño D.O. Rías Baixas;De Nuestra Tierra;botella de 75 cl.;8,99
Ron añejo Superior 5 años;Bacardí;botella de 70 cl.;11,95
Ron Reserva Superior 8 años;Bacardí;botella de 70 cl.;16,25
Ron Añejo Extra Reserva;Cacique 500;botella de 70 cl.;14,72
Ron Añejo Oro;Havana Club;botella de 70 cl.;10,69
Ron añejo 7 años;Havana Club;botella de 70 cl.;16,95
Ron Añejo Reserva;Havana Club;botella de 70 cl.;12,45
Ron Old Reserve 8 años;Negrita;botella de 70 cl.;9,95
Ron añejo 5 años;Varadero;botella de 70 cl.;11,45
Ron añejo 7 años;Varadero;botella de 70 cl.;12,89
Special Reserve Scotch Whisky de 12 años;Ballantine's Gold Seal;botella de 70 cl.;20,75
Premiun Scotch Whisky de 12 años;Chivas Regal;botella de 70 cl.;19,95
Old Scotch Whisky reserva de 15 años;"J &amp; B";botella de 70 cl.;20,45
Old Scotch Whisky;Johnnie Walker Black label;botella de 70 cl.;17,65
Single malt Scotch Whisky;Cardhu;botella de 70 cl.;21,99
Special reserve single malt Scotch Whisky 12 años;Glenfiddich;botella de 70 cl.;21,90
Lowland Single malt Scotch Whisky de 10 años;Glenkinchie;botella de 70 cl.;30,02
Pure malt Scotch Whisky de 15 años;Johnnie Walker;botella de 70 cl.;25,95
Single Islay malt Scotch Whisky de 16 años;Lagavulin;botella de 70 cl.;30,95
Single malt Scotch Whisky de 14 años;Oban;botella de 70 cl.;30,02
Single malt Scoth Whisky de 10 años;Talisker;botella de 70 cl.;31,95
Boules au praliné;Ménestrel;caja de 500 g.;4,78
Bombón de almendra;Carrefour;caja de 175 g.;2,00
Bombón de almendra sabor café;Carrefour;caja de 175 g.;2,00
"Almendra con chocolate blanco ""Divinos""";Lacasa;bote de 200 g.;2,40
Bombones;Mon Chéri;caja de 168 g., 16 unidades.;2,40
"Bombón de avellana ""Divinos""";Lacasa;bote de 200 g.;2,40
"Bombón de crocanti ""Divinos""";Lacasa;bote de 225 g.;2,40
Bombones surtidos de chocolate Caja Roja;Nestlé;caja de 200 g.;4,30
Bombones surtidos Champs - Élysées;Lindt;caja de 445 g.;8,50
Bombones surtidos Chocolatissimo;Valor;lata de 350 g.;7,48
Surtido de chocolates Belgas;Ménestrel;caja de 250 g.;3,28
Bombón surtido Selection;Ménestrel;caja de 250 g.;2,99
Bombón surtido Gran Selection;Menestrel;caja de 250 g.;3,16
Bombón surtido Selection;Ménestrel;caja de 500 g.;5,86
Bombón surtido Gran Selection;Menestrel;caja de 500 g.;5,86
Bombón de pistacho cubierto de chocolate con leche, Divinos;Lacasa;1 unidad de 200g;2,40
Trufas;Ménestrel;caja de 250 g.;2,27
Trufas;Menestrel;caja de 500 g.;3,76
Cava Extra Brut;Codorníu;2 botellas de 75 cl.+REGALO Cubitera;1,15
Pan de higo oblea;Carrefour;1 unidad de 200 g.;2,00
Pan de Higo;Carrefour;cuña de 300 g.;1,74
Pan de Cádiz;De Nuestra Tierra;caja de 300 g.;3,95
Almendradas;Reglero;caja de 500 g.;1,05
Papel de regalo Disney;Ambar;rollo de 2 pliegos de 200*70 cm.;1,05
Papel de regalo Disney navideño;Ambar;rollo de 2 pliegos de 200*70 cm.;1,05
Papel de regalo Kraft;Ambar;rollo de 2 pliegos de 100*70 cm.;1,05
Tarjetas con cordón para personalizar regalos;Hallmark;5 unidades.;2,52
Polvorón tradicional sin azúcar;La Estepeña;caja de 350 g.;4,95
Bebida refrescante de cola;Pepsi;24 latas de 33 cl.;2,22
1;Carrefour;paquete de 1 kg.;0,18
1;Carrefour;malla de 250 g.;1,09
1;Carrefour;lata de 350 g. (p.neto), 200 g. (p.esc);0,63
1;Carrefour;paquete de 1 kg.;0,18
1;Helios;frasco de 160 g. (p.neto), 90 g. (p.esc).;0,89
3;Carrefour;frasco de 345 g. (p.neto), 205 g.(p.esc);1,95
1;Carrefour;botella de 1 l.;2,22
1;Carrefour;bolsa de 500 g.;0,40
1;Carrefour;frasco de 50 g.;0,54
1;Coren;cartón de 6 unidades.;0,98
1;Carrefour;brik de 1 l.;0,62
1;Carrefour;bolsa de 300 g.;1,46
1;Carrefour;lata de 200 g. (p.neto);0,39
1;Coren;cartón de 12 unidades.;1,46
1;Carrefour;sobre de 9 lonchas al vacío, 300 g. aprox.;1,26
1;Carrefour;botella de 1 l.;2,22
1;Viña Espolón;botella de 75 cl.;0,54
1;Carrefour;paquete de 1 kg.;0,18
1;Carrefour;malla de 1 kg.;1,55
1;Carrefour;malla de 250 g.;1,09
1;Carrefour;botella de 1 l.;2,22
1;Carrefour;frasco de 50 g.;0,54
1;Carrefour;frasco de 45 g.;0,54
1;Carrefour;paquete de 1 kg.;0,18
1;Avecrem de Gallina Blanca;12 pastillas.;1,11
1;Carrefour;malla de 250 g.;1,09
1;Carrefour;botella de 1 l.;2,22
1;Carrefour;frasco de 7 g.;0,54
1;Carrefour;frasco de 50 g.;0,54
1;Carrefour;paquete de 1 kg.;0,18
1;Carrefour;frasco de 50 g.;0,54
1;Carrefour;paquete de 1 kg.;0,18
1;MD de T.G.T;bolsa de 200 g.;1,99
1;Coren;cartón de 6 unidades.;0,98
1;Carrefour;brik de 1 l.;0,62
Zumo de melocotón y uva con Calcio;Don Simón;brik de 1 l.;1,45
Bio leche +frutas Mediterráneo con fibra y vitaminas A,C y E;Don Simon;3 brik 33 cl;1,55
Bio leche + frutas Multifrutas con fibra y vitaminas A,C y E;Don Simon;3 brik 33 cl;1,45
Bio leche +frutas tropical con fibra y vitaminas A,C y E;Don Simon;3 brik 33 cl;1,55
Danao de melocotón y albaricoque;Danone;brik de 1 l.;2,13
Danao de naranja y piña;Danone;brik de 1 l.;2,13
Bio Frutas Mediterráneo con fibra y vitaminas A, C y E;Pascual;3 brik de 33 cl.;1,35
Bio Frutas Pacífico con vitaminas A, C y E;Pascual;3 brik de 33 cl.;1,35
Bio Frutas Tropical con vitaminas A, C y E;Pascual;3 brik de 33 cl.;1,35
Yosport de melocotón y mango;Pascual;brik de 25 cl.;0,47
Yosport naranja-limón;Pascual;brik de 25 cl.;0,47
Bebida refrescante mixta zumo de frutas y leche desnatada;Sonfil;botella de 1 l.;1,20
Zumo de manzana exprimida;Carrefour Eco;botella de 750 ml.;1,78
Zumo de naranja exprimida;Carrefour Eco;botella de 750 ml.;1,78
Zumo de tomate exprimido;Carrefour Eco;botella 750 ml.;1,78
Zumo de frutas variadas;Hero Baby;2 botellas de 130 ml.;0,78
Zumo de manzana;Nestlé;botella de 200 ml.;0,78
Zumo de zanahorias;Nestlé;botella de 200 ml.;0,78
Limonada sin azúcar añadido;Disfruta de Juver;brik de 2 l.;1,49
Vino amontillado D.O. Montilla-Moriles;De Nuestra Tierra;botella de 75 cl.;8,08
Vino Cream dulce D.O. Jerez;Canasta;botella de 1 l.;6,25
Vino Pale Cream D.O. Málaga;Cartojal;botella de 75 cl.;5,49
Vino Fino natural muy seco D.O. Montilla-Moriles;C.B.;botella de 70 cl.;3,35
Vino Fino muy seco D.O. Jerez;De Nuestra Tierra;botella de 75 cl.;5,35
Vino Fino D.O. Jerez;Fino Quinta;botella de 75 cl.;5,50
Vino Fino D.O. Jerez;La Ina;botella de 75 cl.;5,39
Vino Fino D.O. Jerez;Tío Pepe;botella de 75 cl.;5,95
Vino Kina dulce;San Clemente;botella de 1 l.;3,82
Vino dulce;Málaga Virgen;botella de 75 cl.;5,49
Manzanilla Pasada D.O. Sanlúcar de Barrameda;De Nuestra Tierra;botella de 75 cl.;6,91
Manzanilla D.O. Sanlúcar de Barrameda;La Gitana;botella de 70 cl.;4,98
Manzanilla D.O. Sanlúcar de Barrameda;Muy Fina;botella de 75 cl.;3,18
Vino Oloroso D.O. Montilla Moriles;De Nuestra Tierra;botella de 75 cl.;7,72
Vino Oloroso D.O. Jerez;Dry Sack;botella de 75 cl.;5,75
Vino Oporto Original Rubí Port;Osborne;botella de 75 cl.;6,85
Vino Oporto Tawny;Porto Cruz;botella de 75 cl.;6,25
Vino Pedro Ximénez dulce D.O. Montilla-Moriles;De Nuestra Tierra;botella de 75 cl;6,88
Sacacorchos cremallera;Menaje Colección;1 unidad.;3,96
Sacacorchos camarero;Menaje Colección;1 unidad.;2,58
Sacacorchos Family Line;Leifheit;1 unidad.;9,01
Vino blanco de Australia Vintage;Jacob's Creek;botella de 75 cl.;6,95
Vino blanco de Francia;Monovarietal Chardornnay;botella de 75 cl.;3,55
Vino blanco de Francia;Monovarietal Sauvignon;botella de 75 cl.;3,25
Vino blanco de Francia Riesling D´Alsace;Jean Marie Strubbler;botella de 75 cl.;3,95
Vino blanco de Francia Sauternes;Château Guiteronde;botella de 75 cl.;15,49
Vino blanco de Grecia;Acropolis;botella de 75 cl.;3,68
Vino blanco de Nueva Zelanda Sauvignon blanc;Hawke's Bay;botella de 75 cl.;9,25
Vino blanco de Portugal;Mateus;botella de 75 cl.;3,85
Vino blanco de Portugal Vinho Verde;Casal Mendes;botella de 75 cl.;3,54
Vino blanco de Sudafrica;Bay View;botella de 75 cl.;6,25
Vino rosado de Italia dulce espumoso Lambrusco;Medici Ermete;botella de 75 cl.;3,16
Vino rosado de Marruecos;Gris du Maroc;botella de 75 cl.;3,10
Vino rosado con aguja natural de Portugal;Lancers;botella de 75 cl.;4,25
Vino rosado de Aguja de Portugal;Casal Mendes;botella de 75 cl.;3,24
Vino rosado de Portugal;Mateus;botella de 75 cl.;3,85
Vino tinto de Argentina;Bonarda;botella de 75 cl.;5,65
Vino tinto de Bulgaria Cabernet Sauvignon;Boyas Seletíon;botella de 75 cl.;3,89
Vino tinto de California;Deer Valley;botella de 75 cl.;6,20
Vino tinto de Chile Cabernet Sauvignon;Antares;botella de 75 cl.;5,55
Vino tinto de Francia Beaujolais-Villages;Colline Saint-Vincent;botella de 75 cl.;5,45
Vino tinto de Francia Château Bordeaux;Mayne Cabanot;botella de 75 cl.;4,42
Vino tinto de Francia Mâcon;Les Moliniéres;botella de 75 cl.;4,55
Vino tinto de Francia Monovarietal;Cabernet Sauvignon;botella de 75 cl.;3,25
Vino tinto de Francia Monovarietal;Merlot;botella de 75 cl.;2,99
Vino tinto de Italia Chianti Classico;Straccli;botella de 75 cl.;8,85
Vino tinto de Italia seco espumoso;Lambrusco di Sorbara;botella de 75 cl.;3,85
Vino tinto de Italia dulce espumoso D.O.C Reggiano Lambrusco;Medici Ermete;botella 75 cl;3,16
Vino tinto de Italia seco espumoso D.O.C Reggiano Lambrusco;Medici Ermete;botella 75 cl;3,16
Vino tinto de Italia semi-seco espumoso;Lambrusco di Castelvetro;botella de 75 cl.;3,85
Vino tinto de Italia Valpolicella;Pasqua;botella de 75 cl.;4,95
Vino Oporto Original Rubí Port;Osborne;botella de 75 cl.;6,85
Vino Oporto Tawny;Porto Cruz;botella de 75 cl.;6,25
Sacacorchos cremallera;Menaje Colección;1 unidad.;3,96
Sacacorchos camarero;Menaje Colección;1 unidad.;2,58
Sacacorchos Family Line;Leifheit;1 unidad.;9,01
Vino blanco D.O. Ribeiro;Viña Leiriña;estuche 6 botellas de 75 cl.;26,09
Vino tinto D.O. Catalunya Joven;Sangre de Toro;estuche de 3 botellas de 75 cl.;30,02
Vino tinto D.O. Navarra Crianza 1999;Alex;estuche 4 botellas de 75 cl.;18,21
Vino tinto D.O. Ribera de Duero Reserva 1997;Matarromera;estuche de 3 botellas 75 cl;65,36
Vino tinto D.O. Ribera del Duero Crianza 1998;Vega Vieja;estuche 3 botellas 75 cl.;32,95
Vino tinto D.O.C. Rioja Crianza 1998;Antigua Usanza;estuche 3 botellas de 75 cl.;24,95
Vino tinto D.O.C. Rioja Crianza 1998;Montecillo;estuche 6 botellas de 75 cl.;29,95
Vino tinto D.O.C. Rioja Crianza;Viña Espolón;estuche 3 botellas de 75 cl.;21,68
Vino tinto D.O. La Mancha Reserva 1997;Vega Cedrón;estuche 3 botellas de 75 cl.;12,99
Vino tinto D.O. Navarra Reserva 1996;Alex;estuche 3 botellas de 75 cl.;19,95
Vino tinto D.O.C. Rioja Reserva 1997;Lan;estuche 3 botellas de 75 cl.;36,36
Vino tinto D.O.C. Rioja Reserva 1994;Marqués de Cáceres;estuche 3 botellas de 75 cl;40,82
Vino tinto D.O.C. Rioja Reserva 1995;Viña Arana;estuche 3 botellas 75 cl.;54,29
Vino tinto D.O.C. Rioja Reserva 1.997;Viña Pomal;botella magnum de 1,5 l.;27,17
Vino tinto de la Tierra de Castilla;Barón de Sabas;estuche 3 botellas de 75 cl.;9,73
Sacacorchos cremallera;Menaje Colección;1 unidad.;3,96
Sacacorchos camarero;Menaje Colección;1 unidad.;2,58
Sacacorchos Family Line;Leifheit;1 unidad.;9,01
Vino tinto D.O. Alicante Crianza;Marqués de Alicante;botella de 75 cl.;4,18
Vino tinto de la Tierra de Extremadura Joven;El Hayedo;botella de 75 cl.;1,80
Vino tinto de la Tierra de Extremadura Joven;Marqués de Badajoz;botella de 75 cl;5,86
Vino tinto de la Tierra de Extremadura Crianza;Jaloco Zafra;botella de 75 cl.;3,42
Vino tinto D.O. Ribeiro Joven;O¨Ventosela;botella de 75 cl.;2,79
Vino tinto D.O. Madrid Joven;Puerta del Ángel;botella de 75 cl.;2,40
Vino tinto D.O. Madrid Joven;Puerta de Hierro;botella de 75 cl.;1,50
Vino tinto Cabernet Sauvignon D.O. Madrid Joven;Puerta del Sol;botella de 75 cl.;5,56
Vino tinto Tempranillo D.O. Madrid Crianza;Puerta de Alcalá;botella de 75 cl.;3,58
Vino tinto D.O. Jumilla Joven;Castillo San Simón;botella de 75 cl.;1,45
Vino tinto Monastrell D.O. Jumilla Joven;Señorío del Condestable;botella de 75 cl.;1,45
Vino tinto D.O. Jumilla Joven;Mayoral;botella de 75 cl.;2,59
Vino tinto D.O. Jumilla Joven;Peñarrubia;botella de 75 cl.;2,40
Vino tinto D.O. Jumilla Crianza;Mayoral;botella de 75 cl.;4,02
Vino tinto D.O. Jumilla Crianza;Peñarrubia;botella de 75 cl.;3,22
Vino tinto D.O. Jumilla Reserva 1996;Mayoral;botella 75 cl.;5,25
Vino tinto D.O. Jumilla Reserva 1996;Señorío del Condestable;botella de 75 cl.;3,15
Vino tinto D.O. Navarra Crianza;Castillo de Olite;botella de 75 cl.;3,76
Vino tinto D.O. Navarra Joven;Monte Esquinza;botella de 75 cl.;1,89
Vino tinto Cabernet Sauvignon D.O. Navarra Joven;Monte Esquinza;botella de 75 cl;3,75
Vino tinto D.O. Navarra Joven;Príncipe de la Paz;botella de 75 cl.;18,21
Vino tinto D.O. Navarra Crianza;Gran Feudo;botella de 75 cl.;4,54
Vino tinto D.O. Navarra Crianza;Gran Irache;botella de 75 cl.;4,18
Vino tinto D.O. Navarra Crianza;Monte Esquinza;botella de 75 cl.;3,55
Vino tinto D.O. Navarra Crianza;Príncipe de la Paz;botella de 75 cl.;2,15
Vino tinto D.O. Navarra Reserva 1996;Alex;estuche 3 botellas de 75 cl.;19,95
Vino tinto D.O. Navarra Reserva 1996;Castillo de Irache;botella de 75 cl.;6,61
Vino tinto D.O. Navarra Reserva 1996;Gran Feudo;botella de 75 cl.;6,52
Vino tinto D.O. Navarra Reserva 1996;Príncipe de la Paz;botella de 75 cl.;4,10
Vino blanco D.O. Alicante Joven;Marina Alta;botella de 75 cl.;4,06
Vino blanco D.O. Jumilla Joven;Castillo San Simón;botella de 75 cl.;1,45
Vino blanco D.O. Jumilla;Peñarrubia;botella de 75 cl.;2,40
Vino blanco Moscatel dulce D.O. Navarra;Gran Feudo;botella de 50 cl.;8,13
Vino blanco D.O. Navarra;Principe de la Paz;botella de 75 cl.;1,45
Vino blanco Chardonnay D.O. Navarra;Príncipe de Viana;botella de 75 cl.;5,99
Vino blanco D.O.C. Rioja;Campo Viejo;botella de 75 cl.;3,45
Vino blanco semi-dulce D.O.C. Rioja;Diamante;botella de 75 cl.;3,99
Vino blanco seco D.O.C. Rioja;El Coto;botella de 75 cl.;3,46
Vino blanco D.O.C. Rioja;Faustino VII;botella de 75 cl.;4,12
Vino blanco seco D.O.C. Rioja Reserva 1997;El Dorado de Murrieta;botella de 75 cl.;9,39
Vino blanco seco D.O.C. Rioja;Monopole;botella de 75 cl.;4,75
Vino blanco semi-dulce D.O.C. Rioja  Joven;Viña Albina;botella de 75 cl.;5,68
Vino blanco D.O.C. Rioja Joven;Viña Espolón;botella de 75 cl.;3,96
Sacacorchos camarero;Menaje Colección;1 unidad.;2,58
Sacacorchos Family Line;Leifheit;1 unidad.;9,01
Vino rosado D.O. Campo de Borja;Viña Tito;botella de 75 cl.;2,10
Vino rosado D.O. Valdepeñas;Los Molinos;botella de 75 cl.;1,65
Vino rosado D.O. Valdepeñas Joven;Señorío de Ojailén;botella de 75 cl.;1,50
Vino rosado Tempranillo D.O. Valdepeñas Joven;Viña Albali;botella de 75 cl.;2,22
Vino rosado de Aguja semi-seco;Peñascal;botella de 75 cl.;3,25
Vino rosado D.O. Cigales;Barbaldos;botella de 75 cl.;2,49
Vino rosado D.O. Cigales;Viña Calderona;botella de 75 cl.;2,98
Vino rosado D.O. Costers del Segre Joven;Raimat;botella de 75 cl.;3,66
Vino rosado de Aguja;Pinord;botella de 75 cl.;3,35
Vino rosado D.O. Penedés Joven;Conde de Caralt;botella de 75 cl.;2,55
Vino rosado D.O. Penedés;René Barbier;botella de 75 cl.;3,10
Vino rosado D.O. Penedés Joven;Viña del Mar;botella de 75 cl.;1,80
Vino rosado de Aguja natural;Cresta Rosa;botella de 75 cl.;3,35
Vino rosado Joven;De Casta;botella de 75 cl.;3,70
Vino rosado de mesa Clásico;El Tío de la Bota;botella de 75 cl.;1,10
Vino rosado D.O.C. Rioja;Campo Viejo;botella de 75 cl.;3,45
Vino rosado D.O.C. Rioja;El Coto;botella de 75 cl.;3,46
Vino rosado D.O.C. Rioja;Faustino VII;botella de 75 cl.;4,12
Vino rosado D.O.C. Rioja;Marqués de Riscal;botella de 75 cl.;4,95
Vino rosado D.O.C Rioja;Castillo San Asensio;botella de 75 cl.;2,98
Vino rosado D.O.C. Rioja Joven;Viña Espolón;botella de 75 cl.;2,73
Vino rosado D.O. Navarra;Castillo de Olite;botella de 75 cl.;2,31
Vino rosado D.O. Navarra Joven;Gran Feudo;botella de 75 cl.;3,45
Vino rosado D.O. Navarra;Monte Esquinza;botella de 75 cl.;1,85
Sacacorchos cremallera;Menaje Colección;1 unidad.;3,96
Sacacorchos camarero;Menaje Colección;1 unidad.;2,58
Sacacorchos Family Line;Leifheit;1 unidad.;9,01
Vino blanco de mesa;Carrefour;brik de 1 l.;0,72
Vino blanco de mesa;Cumbre de Gredos;brik de 1 l.;0,95
Vino blanco de mesa;Don Simón;brik de 1 l.;0,99
Vino rosado de mesa;Carrefour;brik de 1 l.;0,72
Vino rosado de mesa;Cumbre de Gredos;brik de 1 l.;0,95
Vino rosado de mesa;Don Simón;brik de 1 l.;0,99
Vino tinto de mesa;Carrefour;brik de 1 l.;0,72
Vino tinto de mesa;Cumbre de Gredos;brik de 1 l.;0,95
Vino tinto de mesa;Don Simón;brik de 1 l.;0,99
Vino blanco de mesa;Carrefour;botella de 1 l.;0,99
Vino blanco de mesa Joven 5º;Carrefour;botella de 75 cl.;1,23
Vino blanco de mesa Selección de Oro;Berberana;botella de 75 cl.;2,55
Vino rosado de mesa;Carrefour;botella de 1 l.;0,99
Vino rosado de mesa Joven 5º;Carrefour;botella de 75 cl.;1,20
Vino tinto de mesa;Carrefour;botella de 1 l.;0,99
Vino tinto de mesa Selección Oro;Berberana;botella de 75 cl.;2,50
Vino blanco semi-seco D.O. Campo de Borja;Viña Tito;botella de 75 cl.;2,25
Vino blanco Macabeo D.O. La Mancha;Lablanca;botella de 75 cl.;2,39
Vino blanco D.O. Valdepeñas;Los Molinos;botella de 75 cl.;1,65
Vino blanco D.O. Valdepeñas;Señorío de Ojailén;botella de 75 cl.;1,50
Vino blanco Airen semi-dulce  D.O. Valdepeñas;Viña Albali;botella de 75 cl.;2,22
Vino blanco Macabeo D.O. Valdepeñas;Viña Albali;botella de 75 cl.;2,88
Vino blanco de la Tierra de Castilla;Marinada;botella de 75 cl.;1,65
Refresco California Style sabor naranja suave;Sunny Delight;botella de 1,5 l.;0,81
Refresco California Style sabor naranja suave;Sunny Delight;8 botellas de 200 ml.;2,79
Refresco Caribbean sabor tropical;Sunny Delight;botella de 1,5 l.;0,81
Refresco Florida Style sabor cítricos;Sunny Delight;8 botellas de 200 ml.;2,79
Refresco  Lemon Style sabor a granizado de limón;Sunny Delight;botella de 500 ml.;0,81
Refresco  Lemon Style sabor a granizado de limón;Sunny Delight;botella de 1,5 l.;0,81
Tónica;Carrefour;6 botellas de 20 cl.;1,15
Tónica;Carrefour;botella de 1,5 l.;0,60
Tónica;Nordic Mist;lata de 25 cl.;0,45
Tónica;Nordic Mist;6 botellas de 20 cl.;2,55
Tónica;Schweppes;lata de 33 cl.;0,42
Tónica light;Schweppes;lata de 33 cl.;0,42
Tónica limón;Schweppes;lata de 33 cl.;0,41
Tónica;Schweppes;6 botellas de 20 cl.;2,39
Tónica limón;Schweppes;6 botellas de 20 cl.;2,39
Tónica;Schweppes;botella de 1 l.;1,05
Ginger Ale;Schweppes;6 botellas de 20 cl.;2,39
Soda;Schweppes;6 botellas de 20 cl.;2,45
Bitter;Carrefour;pack de 6 botellas de 20cl.;1,32
Bitter;Kas;6 botellas de 20 cl.;2,45
Sangría;Carrefour;brick de 1 l.;0,93
Sangría;Don Simón;brik de 1 l.;1,08
Vino blanco de Aguja seco natural;Blanc Pescador;botella de 75 cl.;3,35
Vino blanco de Aguja semi-seco;Peñascal;botella de 75 cl.;3,25
Vino blanco de Aguja D.O. Penedés;Pinord Reynal;botella de 75 cl.;3,49
Vino rosado de Aguja de Portugal;Casal Mendes;botella de 75 cl.;3,24
Vino rosado de Aguja natural;Cresta Rosa;botella de 75 cl.;3,35
Vino rosado con aguja natural de Portugal;Lancers;botella de 75 cl.;4,25
Vino rosado de Aguja semi-seco;Peñascal;botella de 75 cl.;3,25
Vino rosado de Aguja;Pinord;botella de 75 cl.;3,35
Vino tinto de Aguja Joven;Peñascal;botella de 75 cl.;3,25
Cerveza negra Special Export Stout;Guinness;botella de 33 cl.;1,69
Cerveza negra;Guinness;lata de 44 cl.;1,39
Cerveza negra;Leffe;botella de 33 cl.;1,29
Cerveza negra;Mahou;botella de 33 cl.;0,54
Cerveza negra;Modelo;botella de 33 cl.;0,99
Cerveza sin alcohol;Carrefour;lata de 33 cl.;0,27
Cerveza sin alcohol;Carrefour;6 botellas de 25 cl.;1,25
Cerveza sin alcohol;Buckler;6 botellas de 25 cl.;1,82
Cerveza sin alcohol;Buckler;10 botellas de 25 cl.;2,95
Cerveza sin alcohol;Buckler;lata de 33 cl.;0,46
Cerveza Shandy;Cruzcampo;6 botellas de 25 cl.;2,05
Cerveza sin alcohol;Laiker;6 botellas de 25 cl.;1,79
Cerveza sin alcohol;Laiker;lata de 33 cl.;0,43
Cerveza sin alcohol 0,0%;San Miguel;6 botellas de 25 cl.;1,79
Cerveza sin alcohol 0,0%;San Miguel;lata de 33 cl.;3,95
Bebida refrescante concentrada de zumo de granadina;Rives;botella de 1 l.;3,69
Bebida refrescante concentrada de zumo de kiwi;Rives;botella de 1 l.;3,69
Bebida refrescante concentrada de zumo de lima;Rives;botella de 1 l.;3,69
Bebida refrescante concentrada de zumo de maracuyá;Rives;botella de 1 l.;3,69
Concentrado de limón sin azúcar;Pulco;botella de 70 cl.;2,55
Licor de chocolate;Mozart;botella de 70 cl.;11,95
Licor de café;Kahlúa;botella de 70 cl.;10,45
Licor de café y crema de vainilla;Sheridan's;botella de 46.7 cl. + 23.3 cl.;11,47
Licor de café;Tia Maria;botella de 70 cl.;11,57
Crema Catalana;Melody;botella de 70 cl.;6,65
Crema Catalana;Mont Joui;botella de 70 cl.;4,62
Crema de Whisky;Baileys;botella de 70 cl.;9,65
Licor Amaretto;Disaronno Originale;botella de 70 cl.;10,35
Licor de avellana;Frangelico;botella de 70 cl.;10,45
Licor de avellana;Loch Castle;botella de 70 cl.;3,65
Licor de peppermint;Marie Brizard;botella de 70 cl.;5,50
Licor de manzana verde;Granpomier;botella 70 cl.;5,75
Licor de manzana verde;Loch Castle;botella de 70 cl.;3,18
Licor de melocotón;Granpecher;botella de 70 cl.;5,75
Licor de fresa;Marie Brizard;botella de 70 cl.;6,25
Sorbete de limón;Limonetto;botella de 70 cl.;6,75
Licor de melón;Marie Brizard;botella de 70 cl.;5,95
Licor de mora;Marie Brizard;botella de 70 cl.;6,25
Licor de avellana sin alcohol;Rives;botella de 70 cl.;3,29
Licor de manzana verde sin alcohol;Loch Castle;botella de 70 cl.;1,99
Licor de manzana verde sin alcohol;Rives;botella de 70 cl.;3,29
Licor de mora sin alcohol;Rives;botella de 70 cl.;3,29
Licor;43;botella de 70 cl.;11,25
Licor;Cointreau;botella de 70 cl.;12,65
Licor Kirsch;Bardinet;botella de 70 cl.;6,58
Mosto blanco;Carrefour;botella de 1 l.;0,78
Mosto blanco;Greip;botella de 1 l.;0,95
Mosto tinto;Carrefour;botella de 1 l.;0,78
Mosto tinto;Greip;botella de 1 l.;0,95
Bebida refrescante de cola light;Gold de Carrefour;lata de 33 cl.;0,21
Bebida refrescante de cola light;Coca-Cola;lata de 33 cl.;0,36
Bebida refrescante de cola light;Coca-Cola;24 latas de 33 cl.;8,32
Bebida refrescante de cola light;Pepsi;lata de 33 cl.;0,32
Bebida refrescante de cola light;Pepsi Max;lata de 33 cl.;0,32
Bebida refrescante de cola light;Pepsi;12 latas de 33 cl.;3,69
Bebida refrescante de cola light;Coca-Cola;botella de 2 l.;1,16
Bebida refrescante de cola light;Coca-Cola;4 botellas de 2 l.;4,95
Bebida refrescante de cola light;Pepsi;botella de 2 l.;1,00
Bebida refrescante de cola light;Pepsi Max;botella de 2 l.;1,00
Bebida refrescante de cola light sin cafeína;Gold de Carrefour;lata de 33 cl.;0,21
Bebida refrescante de cola light sin cafeína;Coca-Cola;lata de 33 cl.;0,36
Bebida refrescante de cola light sin cafeína;Pepsi;lata de 33 cl.;0,32
Bebida refrescante de cola light sin cafeína;Coca-Cola;botella de 2 l.;1,16
Bebida refrescante de cola light sin cafeína;Pepsi;botella de 2 l.;1,00
Bebida refrescante de cola;Gold de Carrefour;lata de 33 cl.;0,21
Bebida refrescante de cola;Coca-Cola;lata de 33 cl.;0,35
Bebida refrescante de cola;Coca-Cola;24 latas de 33 cl.;8,08
Bebida refrescante de cola;Pepsi;lata de 33 cl.;0,32
Bebida refrescante de cola con un toque de limón;Pepsi Twist;lata de 33 cl.;0,32
Bebida refrescante de cola;Coca-Cola;6 botellas de 20 cl.;2,50
Bebida refrescante de cola;Coca-Cola;botella de 2 l.;1,10
Bebida refrescante de cola;Coca-Cola;4 botellas de 2 l.;1,00
Bebida refrescante de cola con un toque de limón;Pepsi Twist;botella de 2 l.;1,00
Bebida refrescante de cola;Pepsi;4 botellas de 2 l.;3,90
Bebida refrescante de cola sin cafeína;Gold de Carrefour;lata de 33 cl.;0,21
Bebida refrescante de cola sin cafeína;Coca-Cola;lata de 33 cl.;0,36
Bebida refrescante de cola sin cafeína;Pepsi Boom;lata de 33 cl.;0,32
Bebida refrescante de cola sin cafeína;Pepsi Boom;12 latas de 33 cl.;3,69
Bebida refrescante de cola sin cafeína;Coca-Cola;botella de 2 l.;1,10
Bebida refrescante de cola sin cafeína;Pepsi Boom;botella de 2 l.;1,00
Gaseosa;Carrefour;botella de 50 cl.;0,25
Gaseosa;Carrefour;botella de 1,5 l.;0,28
Gaseosa;La Casera;botella de 50 cl.;0,39
Gaseosa;La Casera;botella de 1,5 l.;0,58
Gaseosa;La Casera;4 botellas de 1,5 l.;2,25
Bebida refrescante de naranja con vitaminas;Las Aventuras de Mickey;4 botellas 25 cl;2,36
Bebida refrescante de piña con vitaminas;Las Aventuras de Mickey;4 botellas 25 cl.;2,36
"Combinado alcohólico a base de Ron y Cola ""Cuba Libre""";Bacardí;lata de 35 cl.;1,45
Combinado alcohólico de Scotch Whisky  y Cítricos;"J &amp; B Twist";botella de 27.5 cl.;1,26
London Dry Gin;Beefeater;botella de 70 cl.+REGALO 2 miniaturas Tia Lusso;9,75
London Dry Gin;Bombay;botella de 70 cl.;9,45
London Dry Gin;Bombay Sapphire;botella de 70 cl.;14,42
London Dry Gin;Gordon's;botella de 70 cl.;7,75
London Dry Gin;Larios;botella de 1 l.;7,99
London Dry Gin;Rives;botella de 1l.;7,55
London Dry Gin;Tanqueray;botella de 70 cl.;9,65
London Dry Gin;Vigilant;botella de 1 l.;5,29
Aguardiente de hierbas;De Nuestra Tierra;botella de 50 cl.;11,69
Aguardiente de Orujo;De Nuestra Tierra;botella de 50 cl.;11,69
Aguardiente de hierbas;La Gallega;botella de 70 cl.;7,30
Licor de orujo de hierbas;Pazo;botella de 70 cl.;8,95
Aguardiente de orujo;Ruavieja;botella de 70 cl.;8,39
Licor de hierbas;Ruavieja;botella de 70 cl.;5,98
Tequila especial;José Cuervo;botella de 70 cl.;11,35
Tequila cocktail Margarita;Mexica;botella de 70 cl.;5,85
Tequila Blanco;Sauza;botella de 70 cl.;10,37
Bitter;Campari;botella de 1 l.;11,87
Vermouth Bianco;Cinzano;botella de 1 l.;4,11
Vermouth Rosso;Cinzano;botella de 1 l.;4,11
Vermouth Bianco;Martini;botella de 1 l.;5,35
Vermouth Extra Dry;Martini;botella de 1 l.;5,35
Vermouth Rosso;Martini;botella de 1 l.;5,35
Vodka;Veruchska;botella de 70 cl.;4,60
Vodka;Absolut;botella de 70 cl.;10,85
"Vodka ""Citron""";Absolut;botella de 70 cl.;11,25
Vodka;Eristoff;botella de 70 cl.;6,49
Vodka;Moskovskaya;botella de 70 cl.;7,20
Vodka;Smirnoff;botella de 70 cl.;7,65
Vodka;Stolichnaya;botella de 70 cl.;7,29
Cava Brut Zero Reserva;Castellblanch;estuche 2 botellas de 75 cl. + copa vela.;10,30
Cava Brut Reserva Anna;Codorníu;estuche metálico 3 botellas de 75 cl.;27,50
Cava Brut Jaume;Codorníu;estuche 1 botella de 75 cl.;25,00
Cava Brut;Gran Codorníu;estuche 3 botellas de 75 cl.;51,30
Cava Brut De Fiesta;Delapierre;estuche 2 botellas de 75 cl.+ 2 copas.;6,83
Cava Brut Prestige;Delapierre Glacé;estuche 2 botellas de 75 cl + 2 copas.;6,90
Cava Brut Cordón Negro;Freixenet;estuche 2 botellas de 75 cl + 2 copas.;11,70
Cava Brut Barroco Reserva;Freixenet;estuche 2 botellas de 75 cl.;22,95
Cava Brut Vintage;Segura Viudas;estuche 3 botellas de 75 cl + 3 copas.;34,99
"Cava Brut Nature Reserva "" Dos Lustros """;Castellblanch;estuche 3 botellas de 75 cl;28,50
Cava Brut Nature Cuvée Raventós;Codorníu;estuche metálico 1 botella de 75 cl.;12,00
Cava Brut Nature Vintage 1998;Freixenet;estuche 2 botellas de 75 cl.;15,95
Cava Brut Nature Gran Reserva de la Familia;Juvé y Camps;estuche 3 botellas 75 cl.;33,03
Cava Brut Nature;Raimat;estuche 3 botellas de 75 cl.;22,21
Cava Brut Nature Lavit;Segura Viudas;estuche 2 botellas de 75 cl. + 2 copas.;12,25
Cava Brut Gran Reserva Heredad;Segura Viudas;estuche 1 botella de 75 cl.;16,68
Cava semi seco Cordón Negro;Freixenet;estuche 2 botellas 75 cl + 2 Copas de regalo;11,70
Copas de cava desechables;Nupik;8 unidades.;2,85
Cava Brut;Castell del Llac;botella de 75 cl.;2,39
Cava Brut Reserva;Castell del Llac;botella de 75 cl.;4,06
Cava Brut Reserva Anna;Codorníu;botella de 75 cl.;7,45
Cava Brut Reserva Anna;Codorníu;2 botellas de 75 cl.+REGALO Cubitera;14,50
Cava Brut Reserva Anna;Codorníu;2 botellas magnum de 1,5 l.+REGALO Cubitera;27,50
Cava Brut;"Canals &amp; Nubiola";botella de 75 cl.;3,30
Cava Brut Zero Reserva;Castellblanch;botella de 75 cl.;5,05
Cava Brut Zero Reserva;Castellblanch;estuche 2 botellas de 75 cl. + copa vela.;10,30
Cava Extra Brut;Codorníu;2 botellas de 75 cl.+REGALO Cubitera;4,85
Cava Brut Grant Cremant;Codorníu;2 botellas de 75 cl.+REGALO Cubitera;4,49
Cava Brut Jaume;Codorníu;2 estuches de 1 botella de 75 cl.+REGALO Cubitera;25,00
Cava Brut Non Plus Ultra;Codorníu;2 botellas de 75 cl.+REGALO Cubitera;9,21
Cava Brut Non Plus Ultra Cuveé Mª Cristina;Codorníu;2 botellas de 75 cl+REGALO Cubitera;12,99
Cava Brut;Gran Codorníu;estuche 3 botellas de 75 cl.;51,30
Cava Brut De Fiesta;Delapierre;estuche 2 botellas de 75 cl.+ 2 copas.;6,83
Cava Brut Prestige;Delapierre Glacé;estuche 2 botellas de 75 cl + 2 copas.;6,90
Cava Brut;De Nuestra Tierra;botella de 75 cl.;6,46
Cava Brut Barroco Reserva;Freixenet;botella de 75 cl.;9,59
Cava Brut Barroco Reserva;Freixenet;estuche 2 botellas de 75 cl.;22,95
Cava Brut Carta Nevada;Freixenet;botella de 75 cl.;4,25
Cava Brut Cordón Negro;Freixenet;botella de 75 cl.;5,15
Cava Brut Cordón Negro;Freixenet;3 botellas de 20 cl.;4,79
Cava Brut Cordón Negro;Freixenet;estuche 2 botellas de 75 cl + 2 copas.;11,70
Cava Brut Reserva;Segura Viudas;botella de 75 cl.;5,58
Cava Brut Gran Reserva Heredad;Segura Viudas;estuche 1 botella de 75 cl.;16,68
Cava Brut Vintage;Segura Viudas;estuche 3 botellas de 75 cl + 3 copas.;34,99
Copas de cava desechables;Nupik;8 unidades.;2,85
Cava Brut Nature;Castell del Llac;botella de 75 cl.;2,98
"Cava Brut Nature Reserva "" Dos Lustros """;Castellblanch;estuche 3 botellas de 75 cl;28,50
Cava Brut Nature Cuvée Raventós;Codorníu;2 botellas de 75 cl.+REGALO Cubitera;12,00
Cava Brut Nature;De Nuestra Tierra;botella de 75 cl.;8,53
Cava Brut Nature;Chandon;botella de 75 cl.;9,39
Cava Brut Nature;Conde de Caralt;botella de 75 cl.;3,55
Cava Brut Nature;Freixenet;botella de 75 cl.;7,18
Cava Brut Nature Vintage 1998;Freixenet;estuche 2 botellas de 75 cl.;15,95
Cava Brut Nature Reserva de la Familia;Juvé y Camps;botella de 75 cl.;12,95
Cava Brut Nature Gran Reserva de la Familia;Juvé y Camps;estuche 3 botellas 75 cl.;33,03
Cava Brut Nature;Raimat;2 botellas 75 cl.+REGALO Cubitera;5,40
Cava Brut Nature;Raimat;estuche 3 botellas de 75 cl.;22,21
Cava Brut Nature Lavit;Segura Viudas;botella de 75 cl.;5,99
Cava Brut Nature Lavit;Segura Viudas;estuche 2 botellas de 75 cl. + 2 copas.;12,25
Copas de cava desechables;Nupik;8 unidades.;2,85
Cava dulce rosado;Castellblanch;botella de 75 cl.;3,30
Cava Brut rosado Pinot Noir;Codorníu;2 botellas de 75 cl.+REGALO Cubitera;10,00
Cava Brut rosé Reserva;Codorníu;2 botellas de 75 cl.+REGALO Cubitera;5,35
Cava semi-seco Rosé;Rondel;botella de 75 cl.;2,45
Cava semi-seco Rosé;Rondel;2 botellas de 75 cl.+REGALO Cubitera;2,85
Cava semi seco;"Canals &amp; Nubiola";botella de 75 cl.;2,78
Cava semi seco extra Cristal;Castellblanch;botella de 75 cl.;3,25
Cava semi seco Grand Cremant;Castellblanch;botella de 75 cl.;2,98
Cava semi seco;Castell del Llac;botella de 75 cl.;2,45
Cava semi seco Extra;Codorníu;2 botellas de 75 cl.+REGALO Cubitera;4,99
Cava semi seco Grant Cremant;Codorníu;botella de 75 cl.;4,49
Cava semi seco Carta Nevada;Freixenet;botella de 75 cl.;4,20
Cava semi seco Mini Nevada;Freixenet;3 botellas de 20 cl.;3,91
Cava semi seco Cordon Negro;Freixenet;botella de 75 cl.;5,29
Cava semi seco Cordón Negro;Freixenet;estuche 2 botellas 75 cl + 2 Copas de regalo;11,70
Cava semi seco;Rondel Oro;botella de 75 cl.;2,59
Cava semi seco;Rondel Oro;2 botellas de 75 cl.+REGALO Cubitera;2,85
Champagne Brut Cordon Rouge;Mumm;botella de 750 ml.;23,99
Champagne Brut Imperial;"Moët &amp; Chandon";botella de 37,5 cl.;13,90
Champagne Brut Imperial;"Moët &amp; Chandon";botella de 75 cl.;24,95
"Champagne Brut "" Carte Jaune """;Veuve Clicquot;botella de 75 cl.;26,50
Copas de cava desechables;Nupik;8 unidades.;2,85
Sidra Asturiana;Carrefour;6 botellas de 25 cl.;1,79
Sidra Asturiana;Carrefour;botella de 75 cl.;0,81
Sidra Natural de Asturias;De Nuestra Tierra;botella de 70 cl.;1,99
Sidra Vasca;De Nuestra Tierra;botella de 75 cl.;1,99
Sidra Asturiana;Escanciador;6 botellas de 25 cl.;1,90
Sidra Asturiana Extra;Escanciador;botella de 70 cl.;1,08
Sidra;El Gaitero;botella de 70 cl.;1,26
Sidra Extra;El Gaitero;botella de 75 cl.;1,65
Sidra Natural Asturiana;Riera;botella de 70 cl.;1,39
Cerveza rubia de importación Alemana;Carrefour;lata de 33 cl.;0,27
Cerveza holandesa;Carrefour;lata de 50 cl.;0,36
Cerveza rubia de importación Holandesa;Carrefour;10 botellas de 25 cl.;2,25
Cerveza rubia de importación Holandesa;Carrefour;lata de 33 cl.;0,27
Cerveza rubia de importación;Bass;botella de 33 cl.;0,99
Cerveza rubia de importación;Beck's;lata de 33 cl.;0,81
Cerveza rubia de importación;Budweiser;botella de 33 cl.;0,89
Cerveza rubia de importación;Budweiser;6 botellas de 25 cl.;3,55
Cerveza rubia de importación;Budweiser;lata de 33 cl.;0,65
Cerveza rubia de importación;Carlsberg;6 botellas de 25 cl.;2,45
Cerveza rubia de importación;Carlsberg;lata de 33 cl.;0,53
Cerveza rubia de importación con cáñamo;Cannabia;botella de 33 cl.;1,57
Cerveza rubia de importación;Coronita;botella de 33 cl.;0,90
Cerveza rubia de importación con Tequila;Desperados;botella de 33 cl.;1,07
Cerveza rubia de importación;Foster's Lager;botella de 33 cl.;0,84
Cerveza rubia de importación;Franziskaner;4 botellas de 50 cl.;5,15
Cerveza rubia de importación especial;Grimbergen Blond;botella de 33 cl.;1,23
Cerveza rubia de importación especial extra;Grimbergen Doble;botella de 33 cl.;1,23
Cerveza rubia de importación especial;Grimbergen Triple;botella de 33 cl.;1,23
Cerveza rubia de importación especial;Grimbergen Optimo Bruno;botella de 33 cl.;1,23
Cerveza rubia de importación especial;Grimbergen Cuvée de L'Ermitage;botella 33 cl;1,23
Cerveza rubia de importación;Heineken;6 botellas de 25 cl.;2,75
Cerveza rubia de importación;Heineken;lata de 33 cl.;1,19
Cerveza rubia de importación;Kronenbourg;lata de 33 cl.;0,53
Cerveza rubia de importación;Leffe;botella de 33 cl.;1,26
Cerveza Lambic aromatizada con frambuesa;Mort Subite;botella de 25 cl.;1,23
Cerveza rubia de importación Argentina;Quilmes;botella de 33 cl.;0,90
Cerveza rubia de importación México;Sol;botella de 33 cl.;0,85
Cerveza rubia de importación de Bélgica;Stella Artois;botella de 33 cl.;0,95
Cerveza Premium Verum;Warsteiner;lata de 50 cl.;0,89
Mi Primer Danone Petit con leche adaptada;Danone;6 unidades de 50 g.;2,01
Mi Primer Danone con leche adaptada Cereales sin gluten;Danone;4 unidades de 125 g.;2,69
Mi Primer Danone natural azucarado con leche adaptada;Danone;4 ud. de 125 g.;2,69
Mi Primer Danone fresa-plátano con leche adaptada;Danone;4 unidades;2,69
Yoco con frutas sin trozos, fresa y plátano;Nestlé;6 unidades de 100 g.;1,90
Yoco con frutas sin trozos;Nestlé;6 unidades de 100 g.;1,90
Bebida refrescante de naranja con vitaminas;Las Aventuras de Mickey;4 botellas 25 cl;2,36
Bebida refrescante de piña con vitaminas;Las Aventuras de Mickey;4 botellas 25 cl.;2,36
Zumo de frutas variadas;Hero Baby;2 botellas de 130 ml.;0,78
Zumo de manzana;Nestlé;botella de 200 ml.;0,78
Zumo de zanahorias;Nestlé;botella de 200 ml.;0,78
Aceite bebé con extracto de almendra dulce;Carrefour;bote de 250 ml.;1,59
Aceite corporal;Carrefour;bote de 400 ml.;3,19
Aceite corporal;Johnson's Baby Aloe Vera;bote de 500 ml.;3,19
Aceite corporal;Johnson's Baby Camomila;bote de 500 ml.;3,25
Aceite-gel corporal;Johnson's Baby Camomila;bote de 200 ml.;3,19
Aceite corporal hidratante;Natural Honey;bote de 400 ml.;2,69
Loción hidratante Baby Line;Natural Honey;bote de 400 ml.;3,64
Bastoncillos infantiles;Carrefour;bote de 50 unidades.;1,59
Leche solar especial niños Factor 30;Carrefour;bote de 200 ml.;4,80
Leche solar niños Factor Protección Extrema 60;Ambre Solaire;bote de 200 ml.;12,91
Leche solar niños Factor 15;Delial;bote de 200 ml.;8,05
Leche solar niños Factor 30;Nenuco;bote de 200 ml.;7,25
Emulsión solar en spray niños con color Factor 20;Nivea Sun;bote de 200 ml.;11,84
Champú bebé con extracto de Almendra dulce;Carrefour;bote de 500 ml.;1,59
Champú infantil;Carrefour;bote de 750 ml.;1,38
Champú Junior perfume de Manzana verde;Carrefour;bote de 200 ml.;1,47
Champú Suave niños cabellos sensibles;Geniol;bote de 750 ml.;1,41
Champú Camomila;Jonhson's Baby;bote de 500 ml.;2,65
Champú Miel;Johnson's Baby;bote de 500 ml;2,65
Champú;Johnson's Baby;bote de 500 ml.;2,65
Champú 2 en 1 sin tirones;Johnson's Baby;bote de 500 ml.;2,65
Champú Germen de Trigo;Johnson's Baby;bote de 500 ml.;2,65
Champú 2-en-1 cabello fino Tope de Pera;L´Oréal Kids;bote de 250 ml.;3,50
Champú Suave;Nenuco;bote de 750 ml.;2,79
Champú + acondicionador de Albaricoque;Ultra Suave Niños;bote de 300 ml.;2,70
Colonia familiar fresca;Carrefour;bote de 750 ml.;1,80
"Agua de colonia suave ""para mi bebé""";Gal;botella de 750 ml.;3,10
Colonia infantil suave;Denenes;bote de 750 ml;2,97
Colonia infantil baja en alcohol;Johnson's Baby;bote de 200 ml.;3,36
Colonia infantil baja en alcohol;Johnson's Baby;bote de 750 ml.;4,20
Colonia infantil;Nenuco;bote de 750 ml.;2,79
Colonia familiar;Nenuco Siempre Fresca;bote de 750 ml.;2,85
Agua de colonia bebé;Petit Cheri;bote de 200 ml.;5,26
Colonia infantil;Petit Cheri;bote de 750 ml.;2,98
Esponja de baño bebé;Carrefour;1 unidad.;8,79
Bolsa canastilla bebé;Nenuco;surtido de 7 und.;34,95
Mochila bebé;Nenuco;5 productos: Leche,champú, jabón, colonia, crema protectora;11,95
Estuche infantil para regalo;Barbie Modelo;#¿NOMBRE?;8,99
Estuche infantil para regalo;Barbie Sirena;#¿NOMBRE?;8,99
Estuche infantil para regalo;The Simpsons;#¿NOMBRE?;10,80
Estuche infantil para regalo;Tweenies;#¿NOMBRE?;10,80
Jabón líquido infantil neutro;Carrefour;bote de 750 ml.;1,39
Jabón líquido suave;Denenes;bote de 750 ml.;2,97
"Jabón líquido neutro ""para mi bebé""";Gal;botella de 750 ml.;2,85
Jabón líquido dermoprotector;Johnson's Baby;bote de 750 ml.;1,89
Jabón líquido dermohidratante;Johnson's Baby;bote de 750 ml.;1,89
Jabón líquido hidratante con aceite;Johnson's Baby;bote de 750 ml.;2,64
Gel de baño bebé 2 en 1;Carrefour;bote de 500 ml.;1,59
Gel de ducha y baño Junior perfume fresa;Carrefour;bote de 300 ml.;1,50
Gel de ducha hidratante con leche de almendras;Nenuco Sensitive;bote de 750 ml.;2,25
Crema protectora contra irritaciones;Johnson's Baby;tubo de 100 ml.;3,16
Loción hidratante body milk;Johnson's Baby;bote de 500 ml.;3,35
Loción hidratante Baby Line;Natural Honey;bote de 400 ml.;3,64
Leche corporal;Nenuco;bote de 200 ml.;3,06
Champú + loción antipiojos;Orion;2 frascos de 150 ml.;3,43
Antiparasitaria capilar;ZZ;bote de 100 ml.;1,11
Discos protege-mamas;Carrefour;caja de 30 unidades.;3,50
Talco infantil perfumado;Carrefour;bote de 200 g.;0,84
Talco;Ausonia;bote de 200 g.;1,19
Talco;Calber;bote de 200 g.;1,11
Toallitas frescas;Carrefour;petaca de 40 unidades.;0,99
Toallitas húmedas bebé sin alcohol;Carrefour;caja de 80 unidades.;5,39
Toallitas húmedas bebé sin alcohol;Carrefour;recambio de 24 unidades.;2,42
Toallitas bebé;Dodot Dermo Active;caja de 72 unidades.;3,40
Toallitas bebé;Dodot Dermo Active;recambio de 24 unidades.;1,50
Toallitas bebé;Dodot Dermo Active;recambio de 72 unidades.;2,90
Toallitas bebé;Dodot Dermo Active;recambio de 100 unidades + 44 GRATIS.;3,60
Toallitas bebé;Dodot Sensitive;recambio de 63 unidades;2,93
Toallitas bebé;Dodot Sensitive;2 recambios de 63 unidades.;4,80
Toallitas bebé;Johnson's Baby Skincare;2 recambios de 72 unidades.;3,98
Toallitas bebé;Monbebé;caja de 72 unidades.;3,00
Toallitas bebé;Monbebé;recambio de 72 unidades.;2,50
Toallita bebé;Nenuco;recambio de 96 unidades.;3,20
Pañal 2-4 kg. Recien Nacido  tacto algodón;Carrefour;paquete de 28 uds.;5,95
Pañal 2-5 Kg. Recién Nacido-Primeras Semanas;Dodot Etapas;paquete de 28 uds.;8,68
Pañal 3-6 kg.  Primeros Meses;Dodot Etapas;paquete de 72 uds.;15,20
Pañal 3-6 kg.  Primeros Meses;Dodot Etapas;paquete de 96 uds.;7,79
Pañal 3-6 kg. Recién Nacido;Huggies Monbebé;paquete 80 uds.;14,99
Pañal  4-9 kg. extra dry talla media;Carrefour;paquete de 70 uds.;11,39
Pañal 4-9 kg. progress talla media tacto algodón;Carrefour;paquete de 56 uds.;15,20
Pañal 4-10 kg. Primeros Juegos;Dodot Etapas;paquete de 88 uds.;15,00
Pañal 9-15 kg. extra dry talla grande;Carrefour;paquete de 62 uds.;11,39
Pañal 9-15 kg. progress talla grande tacto algodón;Carrefour;paquete de 50 uds.;10,49
Braguitas de aprendizaje niña 9-15 kg.;Huggies Pull-Ups;paquete de 32 unidades.;15,00
Braguitas de aprendizaje niño 9-15 kg.;Huggies Pull-Ups;paquete de 32 unidades.;15,00
Pañal 9-15 kg. Gateando-Primeros Pasos;Dodot Etapas;paquete de 76 unidades;19,20
Pañal 9-15 kg. Gateando;Huggies Monbebé;paquete de 70 uds.;15,00
Pañal 9/15 Kg. Gateando;Huggies Monbebé;paquete de 96 uds.;19,99
Bañadores desechables unisex 7-12 kg.;Huggies Little Swimmers;paquete 12 unidades.;7,99
Pañal 13-18 kg. extra dry talla super grande;Carrefour;paquete de 54 uds.;11,39
Pañal 13-18 kg. progress talla super grande tacto algodón;Carrefour;paquete 42 uds;10,49
Braguitas de aprendizaje niña 14-18 kg.;Huggies Pull-Ups;paquete de 28 unidades.;15,00
Braguitas de aprendizaje niño 14-18 kg.;Huggies Pull-Ups;paquete de 28 unidades.;15,00
Pañal BabyKini 12-18 kg. Unisex;Dodot;paquete de 34 unidades.;19,20
Pañal 13-18 kg Junior;Dodot Etapas;paquete de 64 unidades;15,00
Pañal 13-20 kg. Andando;Huggies Monbebé;paquete de 84 unidades.;19,99
Bañadores desechables unisex 11-15 kg.;Huggies Little Swimmers;paquete 11 unidades;7,99
Pañal 17-28 kg. extra dry talla junior;Carrefour;paquete de 24 uds.;5,75
Pañal 17-28 kg. progress tacto algodón;Carrefour;paquete de 24 uds.;6,49
Pañal 15-25 kg. Braguita niña;Carrefour;paquete de 22 uds.;7,36
Pañal 15-25 kg. Slip niño;Carrefour;paquete de 22 uds.;7,36
Pañal 18 - 28 kg. Junior;Huggies Monbebé;paquete de 44 uds.;15,99
Pañal 15-25 kg. Braguita niña;Carrefour;paquete de 22 uds.;7,36
Pañal 15-25 kg. Slip niño;Carrefour;paquete de 22 uds.;7,36
Pañal BabyKini 8-15 kg. Unisex;Dodot;paquete de 38 unidades.;19,20
Pañal BabyKini 12-18 kg. Unisex;Dodot;paquete de 34 unidades.;19,20
Braguitas de aprendizaje niña 9-15 kg.;Huggies Pull-Ups;paquete de 32 unidades.;15,00
Braguitas de aprendizaje niño 9-15 kg.;Huggies Pull-Ups;paquete de 32 unidades.;15,00
Braguitas de aprendizaje niña 14-18 kg.;Huggies Pull-Ups;paquete de 28 unidades.;15,00
Braguitas de aprendizaje niño 14-18 kg.;Huggies Pull-Ups;paquete de 28 unidades.;15,00
Braguitas unisex absorbentes Pull-Ups 30-40 kg.;Huggies Dry Nites;paquete de 9 ud.;8,29
Braguitas unisex absorbentes Pull-Ups 20-30 kg.;Huggies Dry Nites;paquete de 11 ud;8,29
Bañadores desechables unisex 7-12 kg.;Huggies Little Swimmers;paquete 12 unidades.;7,99
Bañadores desechables unisex 11-15 kg.;Huggies Little Swimmers;paquete 11 unidades;7,99
Globos moldeables;PegasoKid;20 unidades de 160 cm.;3,15
Globos decorados con payasos;Pegaso 2000;15 unidades de 28 cm.;2,49
Inflador de globos doble acción;MiniPump;1 unidad.;5,69
Gorros de cumpleaños Decorata Party;Mickey for Kids;6 unidades.;2,69
Vela de cumpleaños Decorata Party nº 0;Mickey for Kids;1 unidad.;2,58
Vela de cumpleaños Decorata Party nº 1;Mickey for Kids;1 unidad.;2,58
Vela de cumpleaños Decorata Party nº 2;Mickey for Kids;1 unidad.;2,58
Vela de cumpleaños Decorata Party nº 3;Mickey for Kids;1 unidad.;2,58
Vela de cumpleaños Decorata Party nº 4;Mickey for Kids;1 unidad.;2,58
Vela de cumpleaños Decorata Party nº 5;Mickey for Kids;1 unidad.;2,58
Vela de cumpleaños Decorata Party nº 6;Mickey for Kids;1 unidad.;2,58
Vela de cumpleaños Decorata Party nº 7;Mickey for Kids;1 unidad.;2,58
Vela de cumpleaños Decorata Party nº 8;Mickey for Kids;1 unidad.;2,58
Vela de cumpleaños Decorata Party nº 9;Mickey for Kids;1 unidad.;2,58
Canutillos flexibles;Carrefour;50 unidades de 5,5 mm.;0,54
Cucharas de plástico amarillas;Festintavola;10 unidades.;1,17
Cucharas de plástico azules;Festintavola;10 unidades.;1,17
Cucharas de plástico rojas;Festintavola;10 unidades.;1,17
Cucharillas de plástico azules;Festintavola;12 unidades.;1,17
Cucharillas de plástico rojas;Festintavola;12 unidades.;1,17
Cucharillas de plástico amarillas;Festintavola;12 unidades.;1,17
Cuchillos de plástico amarillos;Festintavola;10 unidades.;1,17
Cuchillos de plástico azul;Festintavola;10 unidades.;1,17
Cuchillos de plástico rojos;Festintavola;10 unidades.;1,17
Tenedores de plástico amarillos;Festintavola;10 unidades.;1,17
Tenedores de plástico azul;Festintavola;10 unidades.;1,17
Tenedores de plástico rojo;Festintavola;10 unidades.;1,17
Mantel amarillo;Festintavola;1 unidad de 140*260 cm.;2,61
Mantel de piolin;Festintavola;1 ud. de 120*180 cm.;4,78
Mantel de papel Decorata Party;Mickey for Kids;1 unidad de 120*180 cm.;5,08
Servilletas;Looney Tunes;paquete de 80 uds. de 30*30 cm.;5,98
Servilletas Piolín;Festintavola;paquete de 20 uds. de 33*33 cm.;2,07
Servilletas Decorata Party;Mickey for Kids;paquete de 20 uds.;2,07
Platos desechables;Looney Tunes;10 unidades de 18 cm.;1,92
Platos desechables;Looney Tunes;10 unidades de 23 cm.;2,58
Platos desechables Decorata party;Mickey for Kids;8 unidades de 20 cm.;2,07
Vasos desechables;Looney Tunes;10 unidades de 20 cl.;2,28
Vasos desechables Decorata Party;Mickey for Kids;8 unidades de 22 cl.;1,89
Cámara de fotos desechable;Kodak Ultra;con film de 27 + 12 exposiciones.;6,95
Cámara de fotos desechable con flash;Kodak Ultra;con film de 27 + 12 exposiciones.;11,85
Carrete fotográfico A.P.S.;Kodak Advantix;film de 25 exposiciones.;5,29
Carrete fotográfico;Kodak Gold Ultra;2 film de 24 + 12 exposiciones.;9,18
Papel de regalo clásico;Ambar;rollo de 2 pliegos de 100*70 cm.;1,05
Papel de regalo Disney;Ambar;rollo de 2 pliegos de 200*70 cm.;1,05
Papel de regalo Disney navideño;Ambar;rollo de 2 pliegos de 200*70 cm.;1,05
Papel de regalo Kraft;Ambar;rollo de 2 pliegos de 100*70 cm.;1,05
Tarjetas con cordón para personalizar regalos;Hallmark;5 unidades.;2,52
Caramelos sabores surtidos;Chupa Chups;bolsa de 10 unidades.;1,25
Torcidas sabor fresa;Damel;bolsa de 170 g.;1,19
Torcidas sabor regaliz;Damel;bolsa de 170 g.;1,19
Rotella Zigoto;Haribo;bolsa de 200 g.;1,49
Caramelos blandos con sabor a frutas;Sugus;bolsa de 400 g.;2,27
Caramelos blandos con sabor a frutas;Sugus;bolsa de 1 kg.;4,15
Caramelos duros refrescantes rellenos de frutas;Carrefour;bolsa de 1 kg.;3,23
Caramelos surtidos;Carrefour;bolsa de 1 kg.;3,23
Caramelos dobles 6 sabores;Virginias;bolsa de 180 g.;1,35
Caramelos duros doble sabor a frutas;Virginias;bolsa de 1 Kg.;5,30
Chicles 3 sabores largo y blando;Bang Bang;bolsa de 5 paquetes.;0,93
Chicle kilométrico roll Digimon;Boomer;rollo de 25 g.;2,16
Chicles sabor fresa Pokémon;Boomer;12 unidades, 78 g.;0,83
Golosina refrescante aromatizada con azúcar;Friflac;bolsa de 12 unidades.;0,57
Caramelos de goma azúcar, Corazones melocotón;Carrefour;bolsa de 150 g.;1,05
Caramelos de goma azúcar, Gatitos de regaliz;Carrefour;bolsa de 150 g.;1,05
Caramelos de goma, Frambuesas del bosque;Carrefour;bolsa de 150 g.;1,05
Caramelos de goma azúcar, Frutas;Carrefour;bolsa de 150 g.;1,05
Caramelos de goma azúcar, Frutti mix;Carrefour;bolsa de 150 g.;1,05
Caramelos de goma, huevos fritos;Carrefour;bolsa de 150 g.;1,05
Espuma dulce, Nubes;Carrefour;bolsa de 150 g.;1,05
Caramelos de goma, ositos;Carrefour;bolsa de 150 g.;1,05
Caramelos de goma azúcar, Ositos;Carrefour;bolsa de 150 g.;1,05
Caramelos de goma azúcar, Picacolas;Carrefour;bolsa de 150 g.;1,05
Caramelos de goma azúcar, Zarzamoras;Carrefour;bolsa de 150 g.;1,05
Caramelos de goma sin azúcar, con edulcorantes Gummy;Dulciora;bolsa de 100 g.;1,05
Espuma dulce Masmelos;Dulciora;bolsa de 175 g.;1,59
Avión a fricción con luz y sonido;ABCD;1 unidad.;10,19
Burbuja musical inflable;ABCD;1 unidad.;7,79
Carrusel acuático;ABCD;1 unidad.;10,79
Gimnasio musical;ABCD;1 unidad.;20,99
Peluche;ABCD;1 unidad.;11,99
Proyector musical;ABCD;1 unidad.;20,99
Agua mineral con gas;Fonter;botella de 1,25 l.;0,45
Agua mineral con gas;Perrier;4 botellas de 33 cl.;2,64
Agua mineral con gas;Perrier;botella de 75 cl.;0,89
Agua mineral con gas;Vichy Catalán;6 botellas de 25 cl.;3,12
Agua mineral con gas;Vichy Catalán;botella de 1 l.;0,19
Agua mineral natural;Carrefour;botella sport de 0,5 l.;0,29
Agua mineral natural;Carrefour;botella de 1,5 l.;0,25
Agua mineral natural;Carrefour;botella de 2 l.;0,31
Agua mineral natural;Carrefour;bidón de 5 l.;1,26
Agua;Aquafina;botella de 50 cl.;0,39
Agua;Aquafina;botella de 1,5 l.;0,45
Agua mineral natural;Aquarel de Nestlé;bidón de 5 l.;1,25
Agua mineral natural;Bezoya;botella de 1,5 l.;0,33
Agua mineral natural;Bonaqua;botella de 1,5 l.;0,35
Agua mineral natural;Evian;botella de 1,5 l.;0,70
Agua mineral natural pack Junior;Font Vella;12 botellas de 33 cl.;2,90
Agua mineral natural;Font Vella;6 botellas de 50 cl.;1,86
Agua mineral natural;Font Vella;botella de 1,5 l.;0,39
Agua mineral natural maxi;Font Vella;botella de 2 l.;1,57
Agua mineral natural;Lanjarón;botella de 75 cl.;0,43
Agua mineral natural;Lanjarón;botella de 1,5 l.;0,38
Agua mineral natural Family;Viladrau;botella de 2 l.;0,43
Aliño tradicional con aceite de oliva virgen;Calvé;frasco de 300 ml.;1,25
Aliño con aceite de oliva virgen y sabor a ajo;Calvé;frasco de 300 ml.;1,25
Aliño con aceite de oliva virgen  y sabor a jamón y nueces;Calvé;frasco de 300 ml.;1,25
Aliño con aceite de oliva virgen, finas hierbas sabor limón;Calvé;frasco de 300 ml;1,25
Aliño con aceite de oliva virgen y sabor a queso;Calvé;frasco de 300 ml.;1,25
Salsa de yoghurt;Calvé;frasco de 300 ml.;1,25
Salsa mayonesa para ensaladilla rusa;Calvé;frasco de 450 ml.;1,05
Salsa mil islas;Hellmann's;frasco de 250 ml.;1,77
Salsa de queso azul;Hellmann's;frasco de 250 ml.;1,77
Salsa salad cream;Hellmann's;frasco de 250 ml.;1,77
Salsa vinagreta con aceite de oliva extra virgen;Hellmann's;frasco de 250 ml.;1,77
Salsa de yogur;Hellmann's;frasco de 250 ml.;1,77
Fritada Berciana;De Nuestra Tierra;frasco de 290 g. (p.neto);1,80
Salsa Queso y Brécol;Carrefour;sobre de 40 g.;0,87
Salsa tártara a la mostaza;Calvé;frasco de 230 ml.;0,87
Salsa cocktail;D+L;frasco de 300 ml.;1,41
Salsa cocktail;Heinz;frasco de 180 ml.;1,17
Salsa cocktail;Ybarra;frasco de 225 ml.;0,75
Salsa cocktail;Ligeresa;frasco de 225 ml.;1,00
Salsa rosa;Calvé;frasco de 250 ml.;1,27
Salsa romesco;Ferrer;frasco de 130 g.;1,77
Salsa Queso y Brécol;Carrefour;sobre de 40 g.;0,59
Salsas a la carta: Bechamel instantánea;Gallina Blanca;sobre de 56 g.;1,17
Absorbente aglomerante;Carrefour;garrafa de 4 kg.;4,56
Absorbente higiénico;Carrefour;saco de 5 kg.;1,79
Absorbente higiénico;Carrefour;saco de 10 kg.;3,05
Absorbente higiénico aromatizado lavanda;Carrefour;saco de 5 kg.;2,01
Absorbente higiénico aromatizado lavanda;Carrefour;saco de 10 kg.;0,51
Alimento húmedo para gatos con trozos de buey;Carrefour;lata de 400 g.;0,51
Alimento húmedo para gatos con trozos de pollo;Carrefour;lata de 400 g.;0,51
Alimento húmedo gato, Surtido de patés con buey, pollo, atún;Carrefour;3 latas de 400 g.;0,87
Alimento húmedo para gatos bocaditos con buey;Cat Chow de Purina;lata de 400 g.;0,57
Alimento húmedo gatos paté 3 aves y verduras;Cat Chow de Purina;lata de 400 g.;0,57
Alimento húmedo para gatos con cordero y pavo;Félix de Friskies;lata de 400 g.;0,69
Alimento húmedo para gatos con pato y pollo;Félix de Friskies;lata de 400 g.;0,69
Alimento húmedo para gatos con buey e hígado;Félix de Friskies;lata de 400 g.;0,69
Alimento húmedo para gatos con buey, hígado y verduras;Friskies;lata de 400 g.;0,69
Alimento húmedo para gatos con buey y riñones;Gourmet de Friskies;lata de 400 g.;0,79
Alimento húmedo para gatos con buey e hígado;KiteKat;lata de 400 g.;0,70
Alimento húmedo para gatos con pollo;KiteKat;lata de 400 g.;0,70
Alimento húmedo para gatos con ternera, pavo y verduras;KiteKat;lata de 400 g.;0,70
Alimento húmedo para gatos con buey e hígado;Gourmet de Friskies;lata de 400 g.;0,79
Alimento húmedo para gatito, con conejo, buey, pollo,hígado;Whiskas;3 latas de 200g;1,89
Alimento húmedo para gatos con buey;Whiskas;lata de 400 g.;0,90
Alimento húmedo para gatos con pollo y pavo;Whiskas;lata de 400 g.;0,90
Alimento húmedo para gato con buey en gelatina;Whiskas;bolsa de 100 g.;0,39
Alimento húmedo para gato cachorro con ave;Whiskas;bolsa de 100 g.;0,39
Alimento húmedo para gato con pato y pavo en salsa;Whiskas;bolsa de 100 g.;0,39
Alimento húmedo para gatos conejo y caza;Gourmet Gold de Friskies;lata de 85 g.;0,48
Alimento húmedo gato delicias pollo/hígado;Gourmet Gold de Friskies;lata de 85 g.;0,48
Alimento húmedo para gatos buey selecto;Gourmet Gold de Friskies;lata de 85 g.;0,48
Alimento húmedo para gatos con conejo y riñones;Gourmet de Friskies;lata de 400 g.;2,25
Alimento húmedo gatos, Higado y pollo, buey y riñones, caza;Gourmet de Friskies;3 latas 400g;2,25
Alimento húmedo para gatos pollo de granja;Gourmet Gold de Friskies;lata de 85 g.;0,48
Alimento húmedo de gato Delicia cordero y pollo;Gourmet Gold de Friskies;lata 85 g;0,48
Alimento húmedo para gato Delicias de buey;Gourmet Gold de Friskies;lata de 85 g.;0,48
Alimento húmedo gatos delicias trozos con buey y ternera;Carrefour;tarrina 100 g.;0,41
Alimento húmedo para gatos delicias trozos con caza;Carrefour;tarrina de 100 g.;0,41
Alimento húmedo para gatos delicias trozos con conejo;Carrefour;tarrina de 100 g.;0,41
Alimento húmedo gatos delicias trozos ricos en buey;Carrefour;tarrina de 100 g.;0,41
Alimento húmedo para gatos con buey y cordero;Cat Chow de Purina;tarrina de 100 g.;0,48
Alimento húmedo para gato con cordero en salsa;Whiskas Suprême;tarrina de 100 g.;0,49
Alimento húmedo para gatitos, Paté de ternera con aves;Whiskas Suprême;tarrina de 100 g.;0,49
Alimento húmedo gatos paté con buey y ternera;Whiskas Suprême;tarrina de 100 g.;0,53
Alimento húmedo para gatos paté con pollo y pavo;Whiskas Suprême;tarrina de 100 g.;0,53
Alimento húmedo para gatos con trozos de atún;Carrefour;lata de 400 g.;0,51
Alimento húmedo gato, Surtido de patés con buey, pollo, atún;Carrefour;3 latas de 400 g.;0,57
Alimento húmedo para gatos con lenguado y atún;Cat Chow de Purina;lata de 400 g.;0,87
Alimento húmedo para gatos bocaditos con atún;Cat Chow de Purina;lata de 400 g.;0,60
Alimento húmedo para gatos con bacalao y sardinas;Félix de Friskies;lata de 400 g.;0,69
Alimento húmedo para gatos con trucha y salmón;Félix de Friskies;lata de 400 g.;0,69
Alimento húmedo para gatos con atún y merluza;Gourmet de Friskies;lata de 400 g.;0,79
Alimento húmedo para gatos con atún;KiteKat;lata de 400 g.;0,70
Alimento húmedo para gatito, con conejo, buey, pollo,hígado;Whiskas;3 latas de 200g;1,89
Alimento húmedo para gatos paté con atún;Whiskas;lata de 400 g.;0,90
Alimento húmedo para gatos con trozos de salmón;Carrefour;tarrina de 100 g.;0,41
Alimento húmedo gatos delicias atún/merluza;Gourmet Gold de Friskies;lata de 85 g.;0,48
Alimento húmedo gatos delicias salmón/pollo;Gourmet Gold de Friskies;lata de 85 g.;0,48
Alimento húmedo gatos mousse pescado blanco;Gourmet Gold de Friskies;lata de 85 g.;0,48
Alimento húmedo para gatos salmón selecto;Gourmet Gold de Friskies;lata de 85 g.;0,48
Alimento húmedo para gatos con salmón y atún;Cat Chow de Purina;tarrina de 100 g.;0,48
Alimento húmedo para gatos con trucha y atún;Whiskas;lata de 100 g.;0,53
Alimento húmedo para gatos paté con gambas;Whiskas Suprême;tarrina de 100 g.;0,53
Alimento húmedo para gatos Gelatina con atún;Whiskas;bolsa de 100 g.;0,39
Alimento húmedo para gato con salmón y trucha en salsa;Whiskas;bolsa de 100 g.;0,39
Alimento seco para gato Croquetas con carne;Carrefour;bolsa de 1,5 Kg.;1,73
Alimento seco para gatos Croquetas Mix con carne;Carrefour;caja de 400 g.;0,59
Alimento seco para gatos Croquetas Mix con Carne;Carrefour;bolsa de 1,5 Kg.;1,66
Alimento seco para gatos Croquetas Mix con Pollo;Carrefour;caja de 400 g.;0,59
Alimento seco para gato Croquetas Mix con pollo;Carrefour;bolsa de 1,5 Kg.;1,66
Alimento seco para gatos, Croquetas con carne;Carrefour;bolsa de 4 kg.;3,95
Alimento para gatos con carne y pescado;Cat Chow Complet de Purina;caja de 400 g.;0,81
Alimento para gatos con carne y pescado;Cat Chow Complet de Purina;bolsa de 1,5 kg;2,70
Alimento seco para gato con carne y pescado;Cat Chow de Purina;bolsa de 4 Kg;5,95
Alimento para gato con pollo, ternera y verdura;Cat Chow Delice Purina;bolsa 1,5kg;3,58
Alimento gatos con buey, ternera y verduras;Cat Chow Mix de Purina;caja de 400 g.;0,99
Alimento para gatos buey, ternera y verduras;Cat Chow Mix de Purina;bolsa de 3 kg.;5,50
Alimento para gatos con buey, ternera y verduras;Cat Chow Mix Purina;bolsa 1,5 kg.;3,25
Alimento para gatos con carne;Félix Duos Friskies;caja de 300 g.;0,84
Alimento para gatos con carne;Félix Duo Friskies;bolsa 1,5 kg.;3,18
Alimento seco para gatos con pescado;Félix Duos Friskies;bolsa de 1,5 Kg.;3,18
Alimento para gatos con buey, pollo, hígado y verdura;Friskies Gran Menú;saco 4 kg;0,96
Alimento seco para gato buey, hígado y verdura;Friskies Grand Menú;bolsa  2 kg.;3,76
Alimento para gatos con pollo,pavo, pato y verduras;Friskies Grand Menú;bolsa 2 kg;3,76
Alimento gatos Junior con pollo, zanahorias y leche;Friskies;paquete de 400 g.;1,01
Alimento seco para gato con pollo fresco;Vital Balance de Friskies;bolsa de 1,5 kg.;5,15
Alimento para gatos rico en buey y arroz;O.N.E de Purina;bolsa de 200 g.;0,98
Alimento para gatos rico en buey y arroz;O.N.E de Purina;bolsa de 800 g.;3,19
Alimento para gatos rico en buey y arroz;O.N.E. de Purina;bolsa de 1,5 kg.;5,10
Alimento para gatos rico en pollo y arroz;O.N.E de Purina;bolsa de 800 g.;3,19
Alimento para gatos rico en pollo y arroz;O.N.E de  Purina;bolsa de 1,5 kg.;5,25
Alimento para gatos con pollo Adult;Vital Balance de Friskies;bolsa de 450 g.;1,55
Alimento para gatos con pollo Junior;Vital Balance de Friskies;bolsa de 450 g.;1,90
Alimento seco para gato light con pollo fresco;Vital Balance de Friskies;bolsa de 450 g.;2,05
Alimento gatos con buey,carne caza, conejo y cordero;Whiskas Suprême;bolsa 1,5 kg.;3,55
Alimento para gatos con pollo, ganso, pato y pavo;Whiskas Suprême;bolsa de 1,5 kg.;3,55
Alimento para gatos con pescado;Félix Duos Friskies;caja de 300 g.;0,84
Alimento seco para gatos Croquetas Mix con pescado;Carrefour;caja de 400 g.;0,59
Alimento para gatos con salmón, atún y verduras;Cat Chow Mix de Purina;caja 400 g.;0,99
Alimento seco para gato con carne y pescado;Cat Chow de Purina;bolsa de 4 Kg;5,95
Alimento seco gatos con atún salmón y trucha;Grand Menú de Friskies;caja de 400 g.;0,96
Alimento para gatos con pescado Adult;Vital Balance de Friskies;bolsa de 450 g.;1,55
Alimento para gatos rico en salmón y arroz;O.N.E de Purina;bolsa de 800 g.;3,19
Alimeto seco para gatos con salmón y arroz;O.N.E. de Purina;bolsa de 1,5 Kg.;5,25
Alimento seco para gatos Croquetas Mix con pescado;Carrefour;bolsa de 1,5 Kg;1,66
Alimento gatos con salmón, bonito y verdura;Cat Chow Delice Purina;bolsa de 1,5 kg;3,58
Alimento gatos con salmón, atún y verduras;Cat Chow Mix  Purina;bolsa de 1,5 kg.;3,25
Alimento seco para gatos con pescado;Félix Duos Friskies;bolsa de 1,5 Kg.;3,18
Alimento gatos con atún, merluza, dorada y gambas;Whiskas Suprême;bolsa 1.5 kg.;3,55
Alimento para gatos salmón, atún y verduras;Cat Chow Mix de Purina;bolsa de 3 kg.;5,50
Croquetas con atún, salmón y trucha;Friskies Grand Menú;bolsa de 2 kg.;3,60
Alimento para gato con merluza, bacalao, trucha y verduras;Vitality+ Friskies;bolsa 4kg;1,19
Alimento para gatos con pollo Junior;Vital Balance de Friskies;bolsa de 450 g.;1,90
Alimento seco para gatitos con pavo y zanahorias;Suprême de Whiskas;caja de 300 g.;1,15
Alimento húmedo para perros con buey e hígado;Pedigree;bolsa de 150 g.;0,57
Alimento húmedo para perros con pollo y pavo;Pedigree;bolsa de 150 g.;0,57
Alimento húmedo para perros con ternera;Pedigree;bolsa de 150 g.;0,57
Alimento húmedo paté para perros con trozos de pollo;Carrefour;lata de 400 g.;0,60
Alimento húmedo paté para perros con trozos de buey;Carrefour;lata de 400 g.;0,69
Alimento húmedo para perros con buey;Vitality de Friskies;lata de 400 g.;0,60
Alimento húmedo paté para perros con trozos de pollo;Carrefour;lata de 800 g.;1,01
Alimento húmedo paté para perros con trozos de buey;Carrefour;lata de 800 g.;1,01
Alimento húmedo para perros con carnes, pasta y zanahorias;Carrefour;lata de 1250g;1,50
Alimento para perros con carne de caza y verdura;Dog Menú de Purina;lata de 800 g.;1,08
Alimento húmedo para perros receta tradicional;Dog Menú de Purina;lata de 800 g.;1,08
Alimento húmedo para perro con buey,pollo y verdura;Dog Menú de Purina;lata 1250g;1,62
Alimento húmedo para perros con carne de vaca;Friskies;lata de 200 g.;0,70
Alimento húmedo para perros con cordero y arroz;Friskies;lata de 800 g.;1,17
Alimento húmedo para perros con buey, pollo y verduras;Friskies;lata de 800 g.;1,17
Alimento húmedo para perros selección de carnes;Friskies;lata de 800 g.;1,50
Alimento húmedo para perro selección de carnes con gelatina;Friskies;lata de 800 g;1,50
Alimento húmedo para perros adultos con buey;Pedigree;lata de 800 g.;1,71
Alimento húmedo para perros adultos con pollo;Pedigree;lata de 800 g.;1,71
Alimento húmedo para perros, guisado con atún y zanahorias;Chappi;lata de 800 g.;1,20
Alimento húmedo para perros con Aves y verduras;Chappi;lata de 1.200 g.;1,23
Alimento húmedo para perros con trozos de buey;Carrefour;tarrina de 300 g.;0,64
Alimento húmedo para perros con trozos de pollo;Carrefour;tarrina de 300 g.;0,64
Alimento húmedo para perros con buey e hígado;Pedigree;tarrina de 300 g.;1,10
Alimento húmedo para perros con cordero y pollo;Pedigree;tarrina de 300 g.;1,10
Alimento húmedo para perros con conejo e hígado;Pedigree;tarrina de 300 g.;1,10
Alimento húmedo para perros Senior;Pedigree;lata de 800 g.;1,58
Alimento húmedo para perro Salchicha con buey;Carrefour;1 unidad de 1 Kg.;0,89
Alimento húmedo para perro Salchicha de pavo con arroz;Carrefour;1 unidad de 1 Kg.;0,89
Alimento húmedo para perro Salchicha con pollo;Carrefour;1 unidad de 1 Kg.;0,89
Alimento húmedo paté para cachorros con trozos de buey;Carrefour;lata de 400 g.;0,78
Alimento húmedo para perros Junior;Pedigree;lata de 400 g.;0,99
Alimento húmedo para perro, paté con trozos bacalao/verdura;Carrefour;lata 1220 g;1,55
Alimento seco para perro Croquetas Alta Energía;Carrefour;saco de 10 Kg.;11,39
Alimento seco para perro Menú Completo;Carrefour;saco de 10 Kg.;9,40
Alimento seco para perro Menú Completo;Carrefour;saco de 4 kg.;3,89
Alimento seco para perros con pollo Adult;Vital Balance de Friskies;bolsa de 1 kg.;3,01
Alimento para perros de raza pequeña con cordero y arroz;Pedigree;bolsa de 2 kg.;4,18
Alimento seco para perros adultos con pollo y arroz;O.N.E de Purina;saco de 3 kg.;9,79
Alimento seco para perros con buey y verduras;Pedigree Fortivil;saco de 3 kg.;4,98
Alimento seco para perros con pollo Adult;Vital Balance de Friskies;bolsa de 3 kg.;8,98
Las Comidas Completas: Cordero, arroz, judías verdes;Royal Canin;bolsa de 400 g.;1,65
Alimento seco para perros con cordero y arroz;Dog Chow de Purina;saco de 4 kg.;6,46
Alimento seco para perros con buey;Dog Chow de Purina;saco de 4 kg.;6,46
Alimento seco para perros con pollo y arroz;Dog Chow de Purina;saco de 4 kg.;6,20
Alimento seco para perros adultos;Dog Menú de Purina;saco de 4 kg.;5,23
Alimento seco para perros adultos Complet Menú;Friskies Digestion +;saco de 4 kg.;5,75
Alimento seco para perros adultos;Friskies Vitality Digestion +;saco de 4 kg.;5,75
Alimento seco para perros rico en carnes;Friskies Vitality Digestión +;saco 10 kg.;11,12
Alimento seco para perros con carnes magras Senior;Vitality+ de Friskies;bolsa 4 kg;5,55
Alimento seco para perros adulto con pollo y arroz;O.N.E de Purina;saco de 7,5 kg.;17,99
Alimento seco para perros adultos con pollo y arroz;O.N.E. de Purina;saco de 15 kg;34,49
Alimento seco para perros adulto receta campesina;Dog Chow de Purina;saco 10 kg.;11,39
Alimento seco para perros adulto receta tradicional;Dog Chow de Purina;saco de 10 kg.;11,59
Alimento seco para perros con buey;Dog Chow de Purina;saco de 10 kg.;13,80
Alimento seco para perros con cordero y arroz;Dog Chow de Purina;saco de 10 kg.;13,76
Alimento seco para perros con pollo y arroz;Dog Chow Complet de Purina;saco 10 kg.;12,77
Alimento seco para perros con pollo y arroz;Dog Chow Complet de Purina;saco 15 kg.;18,00
"Alimento seco para perro ""Receta Mediterránea""";Dog Menú de Purina;saco de 10 kg.;11,39
Alimento seco para perros Light con OMEGA 6;Dog Chow de Purina;bolsa de 4 Kg.;6,46
Alimento seco para perros Light con OMEGA 6;Dog Chow de Purina;saco de 10 kg.;13,79
Alimento seco para perros senior con OMEGA 6;Dog Chow de Purina;bolsa de 4 lg.;6,46
Alimento seco para perros senior con OMEGA 6;Dog Chow de Purina;saco de 10 kg.;13,79
Alimento para perros adultos Complet Menú;Friskies Digestion +;saco de 10 kg.;11,50
Alimento seco para perros con cordero y arroz;Pedigree;saco de 10 kg.;14,20
Alimento para perros con buey y verduras;Pedigree Fortivil;saco de 10 kg.;14,00
Alimento seco para perros con buey y verduras;Pedigree;saco de 20 kg.;26,95
Alimento seco para perro Croquetas con carne;Carrefour;saco de 4 Kg.;4,18
Alimento seco para perro Croquetas con carne;Carrefour;saco de 10 Kg.;9,58
Alimento seco para cachorros Croquetas con carne;Carrefour;saco de 4 Kg.;4,40
Alimento seco para cachorros Croqueta;O.N.E de Purina;bolsa de 1,5 kg.;5,99
Alimento para perros con cordero Junior;Vital Balance de Friskies;bolsa de 1 kg.;3,55
Alimento para perro Junior calcio y vitaminas;Puppy Chow de Purina;bolsa 1,5 kg.;3,14
Alimento seco perro con calcio y vitaminas;Puppy Chow de Purina;saco de 10 kg.;17,90
Alimento seco para cachorros con cordero y arroz;Puppy Chow de Purina;saco de 4 kg;8,26
Alimento seco perros con calcio y vitaminas;Puppy Chow de Purina;saco de 4 kg.;7,90
Alimento seco para perros Junior;Pedigree Junior;saco de 3 kg.;5,98
Alimento seco para perros Junior con buey;Friskies Digestion +;saco de 4 kg.;7,03
Alimento seco para perros Junior con buey;Friskies Digestion +;saco de 10 kg.;17,37
Aceitunas negras Cacereñas;Carrefour;lata de 350 g. (p.neto), 200 g. (p.esc);0,63
Aceitunas negras con hueso Perlas del Guadalquivir;Carbonell;lata 350 g. (p.neto);0,87
Aceitunas negras sin hueso Perlas del Guadalquivir;Carbonell;lata 350 g. ( p.neto);0,87
Aceitunas cacereñas negras con hueso;La Española;lata de 350g.(p.neto), 185 g.(p.esc);0,80
Aceitunas negras sin hueso;El Serpis;lata de 350 g. (p.neto)140 g.(p.esc.);0,75
Aceitunas manzanilla rellenas de anchoa;Carrefour;3 latas 120g (p.net) 40g (p.esc);0,72
Aceitunas manzanilla verdes rellenas de pimiento;Carrefour;lata de 350 g. (p.neto);0,57
Aceitunas manzanilla extra rellenas de anchoa;Carbonell;lata de 350 g. (p.neto);0,66
Aceitunas manzanilla finas rellenas de pimiento;El Serpis;lata 350g(p.neto), 150g(p.esc.);0,75
Acitunas manzanilla rellenas de anchoa;El Serpis;lata 350g.(p.neto), 150g.(p.esc.);0,75
Aceitunas manzanilla rellenas de anchoa ligeras;El Serpis;lata 350g(p.neto),150g(p.esc);0,75
Aceitunas manzanilla rellenas de boquerón;El Serpis;lata 350g(p.neto), 150g(p.esc.);0,85
Aceitunas rellenas de cebollita;Kimbo;lata de 350 g. (p.neto), 125 g. (p.esc);1,01
Aceitunas Clásicas rellenas de anchoa;La Española;lata 350 g(p.neto), 150 g(p.esc.);0,80
Aceitunas Clásicas rellenas de anchoa;La Española;3 latas de 120 g.(p.neto), 50 g.(p.esc.);1,29
Aceitunas verdes rellenas de atún en escabeche;La Española;Lata 300 g. (p. neto);0,75
Aceitunas verdes rellenas pimiento del piquillo;La Española;Lata 300 g. (p. neto);0,75
Aceitunas verdes rellenas de salmón;La Española;lata de 300 g (p.neto);0,75
Aceitunas gordal con pepinillos;Rioverde;frasco de 345 g. (p.neto), 180 g. (p.esc);1,87
Aceitunas rellenas de anchoa;Ybarra;lata 350 g.;0,81
Aceitunas rellenas de pimiento;La Española;lata de 300 g. (p.neto), 130 g.(p.esc.);0,77
Aceitunas manzanilla rellenas de pimiento del piquillo;Ybarra;frasco de 120 g.;1,75
Aceitunas rellenas de pimiento;Ybarra;lata de 350 g. (p.neto), 150 g. (p.esc);0,81
Aceitunas manzanilla verdes con hueso;Carrefour;bolsa de 180 g. (p.neto);0,27
Aceitunas manzanilla verdes con hueso;Carrefour;frasco 950g.(p.neto), 600g.(p.esc);1,62
Aceitunas manzanilla verdes con hueso;Carrefour;frasco de 320 g.( p.neto);0,85
Aceitunas manzanilla verdes sin hueso;Carrefour;bolsa 180 g. (p.neto) 70 g (p.esc);0,27
Aceitunas manzanilla verdes sin hueso;Carrefour;frasco de 320 g. (p.neto);0,85
Aceitunas manzanilla sin hueso;Carrefour;frasco de 950 g. (p.neto) 475 g. (p.esc);1,62
Aceitunas gordal con guindillas en vinagre;Carrefour;frasco de 345 g., 12/16 ud.;1,50
Aceitunas gordal con pepinillos en vinagre;Carrefour;frasco de 345 g.(p.neto);1,50
Aceitunas Gordal;De Nuestra Tierra;frasco de 345 g. (p.neto), 190 g. (p.escurr).;1,35
Aceituna manzanilla;De Nuestra Tierra;frasco de 345 g. (p.neto), 190 g. (p.escurr);0,99
Aceitunas gordal con hueso;Carbonell;frasco de 950 g. (p.neto) 570 g. (p.esc);2,26
Aceitunas verdes sin hueso;Carbonell;frasco de 915 g.( p.neto);2,40
Aceitunas verdes;Carbonell;frasco de 950 g. (p.neto);2,40
Aceitunas gazpachadas partidas;La Española;frasco de 420 g.(p.neto), 250 g.(p.esc);1,34
Aceituna manzanilla fina selección Gran Bouquet;La Española;frasco de 360 g.(p.n.);1,20
Aceitunas manzanilla verdes con hueso Alta Selección;Ybarra;frasco de 120 g.;0,95
Aceitunas manzanilla verdes con hueso;Ybarra;frasco de 780 g.(p.neto) 500g.(p.esc);1,80
Aceitunas manzanilla verdes sin hueso;Ybarra;lata de 780 g.(p.neto) 400 g.(p.esc);1,80
Alcaparras;Carrefour;frasco de 345 g. (p.neto), 240 g. (p.esc);1,89
Alcaparras en vinagre;Helios;frasco de 145 g. (p.neto);1,05
Alcaparras en vinagre;Hero;frasco de 155 g. (p.neto), 85 g. (p.esc);1,40
Banderillas en vinagre;Carrefour;frasco de 330 g. (p.neto), 150 g. (p.esc);0,99
Banderillas en vinagre extra;Helios;frasco de 330 g. (p. neto), 140 g. (p.esc);1,47
Banderillas picantes;Carrefour;frasco de 330 g. (p.neto), 150 g. (p.esc);0,99
Banderillas al vinagre puro de vino;Rioverde;frasco de 330g (p.neto), 150g.(p.esc);1,45
Banderillas picantes;Rioverde;lata de 330 g. (p. neto), 150 g. (p. esc);1,37
Berenjena de Almagro;De Nuestra Tierra;frasco de 780 g.;2,99
Cebollitas en vinagre;Carrefour;frasco de 345 g. (p.neto), 190 g. (p.esc);0,81
Cebollitas agridulces en vinagre puro de vino;Rioverde;frasco de 345 g. (p.neto);1,17
Guindillas Vascas en vinagre;Carrefour;frasco de 300 g. (p.neto),130 g. (p.esc).;0,75
Guindillas;De Nuestra Tierra;frasco de 345 g. (p.neto), 120 g. (p.esc.);2,67
Guindillas vascas en vinagre puro de vino;Rioverde;frasco de 300 g. (p.neto);1,05
Cocktail con aceite de oliva virgen;Kimbo;frasco de 660 g. (p.neto);2,10
Picardias Bravas;La Española;lata de 350 g. (p.neto), 135 g. (p.esc.).;0,75
Picardias Original;La Española;lata de 350 g. (p.neto), 135 g. (p.esc.);0,75
Picardías Tapa Tapa;La Española;lata de 350 g. (p.neto), 135 g. (p.esc.);0,75
Tapeo latino;El Serpis;lata de 350 g. (p.neto), 150 g. (peso esc.);0,85
Tapeo mediterráneo;El Serpis;lata de 350 g. (p.neto), 150 g. (p.esc.);0,85
Cocktail de encurtidos;Rioverde;frasco de 345 g. (p.neto), 180 g.(p.esc);1,14
Pepinillos 30/40 en vinagre;Carrefour;frasco de 345 g.(p.neto), 190 g.(p.esc);0,75
Pepinillos 60/80 en vinagre;Carrefour;frasco de 345 g. (p.neto), 190 g. (p.esc);0,87
Pepinillos 60/80 en vinagre;Carrefour;frasco de 690 g.(p.neto), 380 g.(p.esc);1,65
Pepinillos en vinagre extra;Helios;frasco de 345 g.(p.neto), 180 g.(p.esc);1,06
Pepinillos agridulces primera calidad;Kühne;frasco 670 g. (p.neto), 360 g. (p.esc);2,58
Pepinillos 30/40 en vinagre puro de vino;Rioverde;frasco de 345 g. (p.neto);1,14
Pepinillo agridulce crujiente;Rioverde;frasco de 680 g. (p.neto), 380 g. (p.esc);1,65
Toreras picantes;Kimbo;lata de 330 g. (p.neto), 120 g. (p.esc);1,43
Toreras no picantes;Kimbo;lata de 330 g. (p.neto), 120 g. (p.esc);1,43
Almendras largueta tostadas con sal;Carrefour;bolsa de 100 g.;0,81
Almendras marcona repeladas fritas;Carrefour;bolsa de 100 g.;1,15
Bombón de almendra;Carrefour;caja de 175 g.;2,00
Bombón de almendra sabor café;Carrefour;caja de 175 g.;2,00
Almendras marcona fritas y saladas;Borges;bolsa de 250 g.;1,14
Almendras marcona;Eagle;bolsa de 100 g.;1,53
Tambo de almendra;Capo;bandeja de 175 g.;2,40
Almendra garrapiñada;Carrefour;caja de 150 g.;2,00
Garrapiñada natural de almendra;Capo;bolsa de 200 g.;2,25
Garrapiñadas de almendras naturales;Capo;bolsa de 250 g.;2,27
Almendras garrapiñadas Deimo, nº 45;Capo;estuche de 225 g.;3,64
Almendras garrapiñadas;Rey;bolsa de 300 g.;2,13
Almendras de Navidad;E.Moreno;bolsa de 250 g.;1,65
Almendras rellenas de chocolate;E.Moreno;bolsa de 250 g.;1,89
Anacardos fritos;Carrefour;bolsa de 125 g.;1,80
Anacardos fritos;Carrefour;bolsa de 250 g.;3,50
Anacardos fritos con miel;Eagle;bolsa de 75 g.;1,30
Avellana cáscara;Carrefour;bolsa de 400 g.;2,31
Avellanas tostadas;Carrefour;bolsa de 100 g.;0,81
Avellanas tostadas;Borges;bolsa de 250 g.;3,07
Cacahuetes con cáscara tostados con sal;Carrefour;bolsa de 250 g.;0,78
Cacahuetes con cáscara tostados con sal;Carrefour;bolsa de 500 g.;1,44
Cacahuetes con cáscara tostados naturales;Carrefour;bolsa de 250 g.;0,90
Cacahuetes con cáscara tostados naturales;Carrefour;bolsa de 500 g.;1,65
Cacahuete frito piel;Carrefour;bolsa de 125 g.;0,53
Cacahuetes mondados fritos con piel;Carrefour;bolsa de 500 g.;1,59
Cacahuetes repelados fritos;Carrefour;bolsa de 250 g.;0,93
Cacahuetes repelados fritos;Carrefour;bolsa de 500 g.;1,74
Cacahuete garrapiñado;Carrefour;caja de 150 g.;2,00
Cacahuetes fritos y salados;Borges;bolsa de 100 g.;0,80
Cacahuete frito y salado;Borges;bolsa de 400 g.;0,53
Cacahuetes con miel;Borges;bolsa de 100 g.;0,85
Cacahuetes con cáscara tostados;Borges;bolsa de 500 g.;1,71
Garrapiñadas de cacahuete;Capo;bolsa de 250 g.;1,59
Cacahuetes de Virginia;Eagle;lata de 311 g.;2,58
Cacahuetes de Virginia salados;Eagle;bolsa de 100 g.;0,90
Cacahuetes fritos con miel;Eagle;lata de 311 g.;0,98
Lote Cacahuetes fritos con miel + Musik;Eagle;lata de 311 g. + lata de 311 g.;5,85
Ciruela con hueso;Carrefour;bolsa de 250 g.;1,38
Ciruela sin hueso;Carrefour;bolsa de 250 g.;1,68
Ciruelas con hueso;Carrefour;bolsa de 500 g.;2,58
Ciruelas sin hueso;Carrefour;bolsa de 500 g.;3,24
Cruelas con hueso;Carrefour;bandeja de 400 g.;2,21
Ciruelas sin hueso;Carrefour;bandeja de 400 g.;2,21
Ciruelas de California con hueso;Borges;caja de 250 g.;2,20
Ciruelas de California sin hueso;Borges;caja de 250 g.;2,40
Ciruelas con hueso de California;Borges;caja de 500 g.;3,48
Ciruelas sin hueso de California;Borges;caja de 500 g.;3,93
Ciruelas pasas con hueso Ulises, nº 16;Capo;estuche de 320 g.;2,40
Ciruela pasas sin hueso Prometeo, nº 22;Capo;estuche de 320 g.;3,86
Pasas moscatel;Carrefour;bolsa de 250 g.;1,38
Pasas moscatel sin pepitas;Carrefour;bolsa de 250 g.;1,35
Pasas Moscatel;Carrefour;bandeja de 370 g.;2,21
Pasas Moscatel sin pepitas;Carrefour;bandeja de 370 g.;2,21
Pasas moscatel;Carrefour;bolsa de 500 g.;2,64
Pasas sultanas;Carrefour;bolsa de 250 g.;0,96
Pasas Sultanas;Carrefour;bandeja de 370 g.;2,21
Pasas sultanas;Carrefour;bolsa de 500 g.;1,77
Pasas moscatel;Borges;caja de 150 g.;1,19
Pasas de California sin pepitas;Borges;caja de 150 g.;1,28
Pasas moscatel de Málaga;Borges;caja de 150 g.;1,90
Uvas pasas de Chile;Borges;bolsa de 200 g.;1,80
Pasas moscatel  sin hueso Nereidas nº 18;Capo;estuche de 265 g.;2,67
Pasas sultanas sin hueso Japeto, nº 19;Capo;estuche de 300 g.;1,96
Pasas de Corinto;Vahiné;bolsa de 100 g.;1,08
Bombón de almendra;Carrefour;caja de 175 g.;2,00
Bombón de almendra sabor café;Carrefour;caja de 175 g.;2,00
Mix chocolateado;Carrefour;bandeja de 300 g.;2,28
Bombones de frutos secos;Carrefour;caja de 335 g.;3,55
Surtido de Navidad Asteria,  nº 6;Capo;estuche de 290 g.;4,20
Surtido chocolateado Galatea nº 8;Capo;estuche de 275 g.;4,18
Grajeas de chocolate Feme, nº 46;Capo;estuche de 300 g.;4,60
Grajeas de chocolate Pluto, nº 48;Capo;estuche de 250 g.;3,29
"Bombón de crocanti ""Divinos""";Lacasa;bote de 225 g.;2,40
"Bombón de avellana ""Divinos""";Lacasa;bote de 200 g.;2,40
"Almendra con chocolate blanco ""Divinos""";Lacasa;bote de 200 g.;2,40
Bombón de pistacho cubierto de chocolate con leche, Divinos;Lacasa;1 unidad de 200g;2,40
"Bombón de almendra  ""Divinos""";Lacasa;bote de  200 g.;2,40
Grajeas de chocolate;Lacasitos;bote de 250 g.;2,28
Cacahuete suizo Divinos;Lacasa;bolsa de 500 g.;2,50
Bandeja tradicional de frutas desecadas y frutos secos;Carrefour;1 unidad de 240 g;2,50
Mix chocolateado;Carrefour;bandeja de 300 g.;2,28
Bombones de frutos secos;Carrefour;caja de 335 g.;3,55
Surtido de frutas desecadas y frutos secos Cesta Nº 3;Borges;estuche de 300 g.;4,08
Crocanti de almendra Hades,  nº 5;Capo;estuche de 200 g.;4,12
Surtido de Navidad Asteria,  nº 6;Capo;estuche de 290 g.;4,20
Surtido chocolateado Galatea nº 8;Capo;estuche de 275 g.;4,18
Surtido de frutas desecadas y frutos secos Gea, nº 39;Capo;estuche de 420 g.;5,85
Surtido de crocanti de frutos secos Temis, nº 42;Capo;estuche de 240 g.;5,10
Grajeas de chocolate Feme, nº 46;Capo;estuche de 300 g.;4,60
Grajeas de chocolate Pluto, nº 48;Capo;estuche de 250 g.;3,29
Surtido de frutos secos Anteros, nº 49;Capo;estuche de 580 g.;6,50
Mix Exótico;Carrefour;bandeja de 250 g.;1,98
Cocktail de frutos secos normal;Carrefour;bolsa de 100 g.;0,90
Cocktail de frutos secos rebozados;Carrefour;bolsa de 100 g.;0,75
Cocktail de frutos secos;Carrefour;bolsa de 250 g.;0,87
Mix Tropical;Carrefour;bolsa de 250 g.;1,75
Mix Especialidades;Carrefour;bandeja de 375 g.;2,16
Cocktail de cáscara;Carrefour;bolsa de 400 g.;2,01
Cocktail de frutos secos;Carrefour;bolsa de 250 g.;1,59
Mezcla surtida de frutos secos;Borges;bolsa de 500 g.;1,79
Mix de luxe;Eagle;lata de 298 g.;3,66
Lote Cacahuetes fritos con miel + Musik;Eagle;lata de 311 g. + lata de 311 g.;5,85
Núez mondada;Carrefour;bolsa de 250 g.;3,58
"Nueces Iberica ""Pata Negra""";Pizarro de Borges;bolsa de 700 g.;4,31
Nueces de California;Borges;bolsa de 750 g.;3,40
Nuez mondada Iris, nº 20;Capo;estuche de 180 g.;3,86
Maíz frito;Carrefour;bolsa de 70 g.;0,39
Maíz frito;Carrefour;bolsa de 100 g.;0,39
Maíz frito y salado;Borges;bolsa de 500 g.;1,50
Maíz frito;Grefusa Mister Corn;bolsa de 140 g.;0,78
Pipas tostadas con sal;Carrefour;bolsa de 70 g.;0,39
Pipas de girasol gigantes tostadas con sal.;Carrefour;bolsa 70 g.;0,45
Pipas de girasol tostadas con sal;Carrefour;bolsa de 250 g.;0,72
Pipas de girasol tostadas con sal;Carrefour;bolsa de 500 g.;1,32
Pipas de girasol peladas fritas;Carrefour;bolsa de 250 g.;0,93
Pipas gigantes tostadas aguasal;Carrefour;bolsa de 250 g.;1,32
Pipas de girasol gigantes tostadas con sal;Carrefour;bolsa de 250 g.;1,17
Pipas de girasol gigantes tostadas con sal;Carrefour;bolsa de 500 g.;2,07
Pipas de girasol tostadas aguasal;Borges;bolsa de 500 g.;1,61
Piponazo Deluxe;Grefusa;bolsa de 90 g.;0,69
Piponazo Deluxe;Grefusa;bolsa de 150 g.;1,11
Pipas de calabaza;Carrefour;bolsa de 70 g.;0,39
Pipas de calabaza;Carrefour;bolsa de 250 g.;1,41
Pistachos tostados;Carrefour;bolsa de 100 g.;0,95
Pistachos tostados;Carrefour;bolsa de 250 g.;2,40
Pistachos tostados;Carrefour;bolsa de 500 g.;4,66
Pistachos tostados y salados;Borges;bolsa de 250 g.;3,04
Pistacho tostado y salado;Borges;bolsa de 400 g.;5,05
Pistachos de Irán;Eagle;bolsa de 100 g.;1,27
Pistachos de Irán;Eagle;lata de 250 g.;1,89
Cacahuetes fritos y salados;Borges;bolsa de 100 g.;0,80
Cacahuetes con miel;Borges;bolsa de 100 g.;0,85
Ciruelas con hueso de California;Borges;caja de 500 g.;3,48
Galletas saladas peces;Carrefour;bote de 350 g.;0,89
Galletas saladas redondas;Carrefour;bote de 350 g.;0,89
Galletitas saladas Piscis;Cuétara;bote de 350 g.;1,32
Galletas saladas Krititas;Cuétara;bote de 350 g.;1,32
Galletas saladas crackers hechos al horno Tuc;Lu;paquete de 100 g.;0,57
Galletas saladas;Rio;bote de 300 g.;1,29
Galletas saladas pescaditos MiniFish;Rio;bote de 300 g.;1,29
Galletas saladas surtidas Fiesta;Rio;bote de 300 g.;1,29
Galletas saladas Snacks Mix Festival;Rio;paquete de 125 g.;0,75
Crackers;Carrefour;paquete de 200 g.;0,72
Cream Crackers;Cuétara;caja de 225 g.;0,81
Crackers integrales;Cuétara;caja de 250 g.;0,81
Galletas saladas Crackers Ritz;Lu;caja de 200 g.;1,15
Crackers sabor tradicional;Prima;paquete de 500 g.;0,60
Patatas fritas onduladas con aceite de girasol;Carrefour;bolsa de 250 g.;0,89
Patatas fritas onduladas;Carrefour;bolsa de 500 g.;1,49
Patatas fritas onduladas;Carrefour;6 bolsas de 35 g.;1,05
Patatas fritas onduladas;Ruffles;bolsa de 200 g.;1,20
Patatas fritas onduladas barbacoa;Carrefour;bolsa de 170 g.;0,60
Patatas fritas onduladas con sabor a jamón;Carrefour;bolsa de 170 g.;0,60
Patatas fritas Rancheras;Ruffles;bolsa de 160 g.;0,63
Patatas fritas lisas;Carrefour;bolsa de 170 g.;0,60
Patatas fritas lisas;Carrefour;bolsa de 500 g.;1,49
Patatas fritas lisas;Carrefour;6 bolsas de 35 g.;1,05
Patatas fritas tradicionales (sin aditivos);Carrefour;bolsa de 200 g.;0,84
"Patata frita ""La Auténtica Chíps del Gourmet""";Crecs;bolsa de 150 g.;1,30
Patatas fritas al punto de sal;Lay's;bolsa de 200 g.;1,48
Patatas fritas Receta Campesina;Lay's;bolsa de 160 g.;0,95
Patatas fritas Cape Cod estilo tradicional;The Snack Company;bolsa de 170 g.;1,62
Patatas fritas chips;Vicente Vidal;bolsa de 250 g.;1,20
Patatas fritas sabor a Cebolleta;Carrefour;bolsa de 170 g.;0,48
Patatas fritas sabor a Vinagreta;Carrefour;bolsa de 170 g.;0,48
Patatas fritas a la vinagreta;Lay's;bolsa de 160 g.;0,92
Patatas fritas multipack;Lay's;6 bolsas de 30 g.;1,49
Patatas fritas al punto de queso;Lay´s Mediterráneas;bolsa de 150 g.;0,92
Patatas fritas con sabor a tomate y olivas;Lay´s Mediterráneas;bolsa de 150 g.;0,92
Cortezas de trigo;Carrefour;bolsa de 60 g.;0,60
Cortezas clásicas para microondas Pop Cracks;Borges;bolsa de 40 g.;0,84
Cortezitas de cerdo para microondas;Borges;bolsa de 25 g.;0,75
Palomitas para microondas;Carrefour;1 bolsa de 100 g.;1,39
Palomitas para microondas;Borges;bolsa de 100 g.;0,95
Palomitas para microondas con sal sabor natural;Borges;caja de 3 bolsas de 100 g.;2,45
Palomitas para microondas con sal;Pop Up;caja de 3 bolsas de 100 g.;2,25
Palomitas para microondas con sabor mantequilla;Pop Up;caja de 3 bolsas de 100 g.;2,25
Aperitivo frito sabor jamón;Papa Delta de Grefusa;bolsa de 65 g.;1,69
Aperitivo frito con sabor a barbacoa;Pringles;tubo de 200 g.;1,73
Aperitivo frito sabor crema agria y cebolla;"Pringles Crème &amp; Onion";tubo de 200 g.;1,69
Aperitivo frito;Pringles Paprika;tubo de 200 g.;1,69
Aperitivo frito con sabor picante;"Pringles Hot &amp; Spicy";tubo de 200 g.;1,69
Aros fritos sabor cebolla;Carrefour;bolsa de 65 g.;0,60
Aperitivo de maiz horneado con sabor a queso Chitos;Carrefour;bolsa de 95 g.;0,60
Aperitivo frito Estrellas;Carrefour;bolsa de 50 g.;0,60
Fritos de maíz;Carrefour;bolsa de 130 g.;0,60
"Aperitivo frito con sabor a queso y bacon ""Konos""";Carrefour;bolsa de 80 g.;0,60
Nachos originales;Carrefour;bolsa de 110 g.;0,60
Nachos Tex Mex;Carrefour;bolsa de 110 g.;0,60
Estrellas con sabor a bacon;Pop Cracks;bolsa de 40 g.;0,84
Nachos Mexican barbeque;Casa Fiesta;bolsa de 200 g.;1,78
Nachos Cheese;Casa Fiesta;bolsa de 200 g.;1,80
Aperitivo frito con sabor a carne;Boca Bits;bolsa de 60 g.;0,72
Aperitivo frito con sabor a queso y bacon;3D's;bolsa de 85 g.;0,72
Garfitos con sabor a queso;Grefusa;bolsa de 80 g.;0,72
Aperitivo horneado con sabor a queso;Cheetos Pelotazos;bolsa de 145 g.;0,72
Aperitivo horneado con sabor a queso;Cheetos Rizos;bolsa de 96 g.;0,72
Palitos de patata pica;Crecs;bolsa de 85 g.;0,78
Estrellitas de patata;Crecs;bolsa de 50 g.;0,78
Ganchitos sabor a queso;Crecs;bolsa de 90 g.;0,78
Triángulos de maíz blanco;Doritos Dippas;bolsa de 150 g.;2,06
Salsa picante de tomate;Doritos Dippas;frasco de 326 g.;2,06
Triangulos de maíz;Doritos Jam'Up;bolsa de 150 g.;0,72
Bolas de maíz recubiertas de cacao Grefuchoc;Grefusa;bolsa de 100 g.;1,26
Galletitas sin gluten, para el biberón;Milupa;paquete de 250 g.;1,87
Infusión infantil instantánea Feliz Sueño;Hero Baby;bote de 175 g.;4,08
Leche para lactantes desde el primer día;Hero Baby 1;bote de 900 g.;9,59
Leche para lactantes desde primer día Aptamil 1;Milupa;bote de 450 g.;6,99
Leche para lactantes desde el primer día Aptamil 1;Milupa;bote de 900 g.;12,00
Leche para lactantes desde el primer día Conformil 1;Milupa;bote de 800 g.;13,71
Leche para lactantes desde el primer día Nativa 1;Nestlé;bote de 900 g.;12,83
Leche para lactantes desde el primer día Nidina 1;Nestlé;bote de 400 g.;6,55
Leche para lactantes desde el primer día Nidina 1;Nestlé;bote de 900 g.;12,83
Leche para lactantes desde el primer día Nidina 1 líquida;Nestlé;4 briks de 500 ml;5,44
Leche para lactantes hipoalergénica Nidina H.A.;Nestlé;bote de 400 g.;7,99
Leche para lactantes con regurgitaciones Nidina A.R.;Nestlé;paquete de 600 g.;9,79
Leche para lactantes enriquecida con hierro Confort;Nestlé;paquete de 750 g.;14,00
Leche de continuación;Hero Baby 2;10 sobres monodosis de 37,6 g.;5,66
Leche continuación;Hero Baby 2;bote de 900 g.;9,16
Leche de continuación desde los 4 meses probiótica;Hero Baby 2;bote de 900 g.;10,85
Leche de continuación desde los 5 meses Aptamil 2;Milupa;bote de 900 g.;9,42
Leche de continuación desde los 5 meses Conformil 2;Milupa;bote de 800 gr.;11,46
Leche de continuación desde los 4 meses probiótica Nativa 2;Nestlé;bote de 900 g.;11,11
Leche de continuación desde los 4 meses Nativa 2 líquida;Nestlé;4 briks de 500 ml.;4,60
Leche de continuación desde los 4 meses probiótica Nidina 2;Nestlé;bote de 400 g.;5,99
Leche de continuación desde los 4 meses probiótica Nidina 2;Nestlé;bote de 900 g;11,11
Leche de continuación desde los 4 meses Nidina 2 líquida;Nestlé;4 briks de 500 ml.;4,60
Leche de continuación desde los 4 meses Nidina 2 Confort;Nestlé;paquete de 750 g.;13,09
Leche de crecimiento Junior con bífidus probiótico;Hero Baby 3;bote de 900 g.;10,82
Leche de crecimiento Junior;Hero Baby 3;botella de 1 l.;9,42
Preparado lácteo infantil Crecimiento;Milupa;brik de 1 l.;1,38
Leche de crecimiento;Pascual;brik de 500 ml.;0,69
Leche de crecimiento Peques;Puleva;brik de 500 ml.;0,67
Leche de crecimiento Peques;Puleva;4 briks de 500 ml.;2,65
Preparado lácteo infantil Crecimiento Junior;Nestlé;4 briks de 500 ml.;3,32
Preparado lácteo infantil Crecimiento Junior;Nestlé;brik de 1 l.;1,57
Preparado lácteo infantil con cereales Crecimiento Junior;Nestlé;brik de 500 ml.;0,84
Preparado lácteo infantil Crecimiento;Petit Président;biberón de 250 ml.;1,18
Preparado lácteo infantil Crecimiento;Petit Président;botella de 1 l.;1,50
Leche Energía y Crecimiento;Ram;brik de 1 l.;0,79
Ajo en polvo;Carrefour;frasco de 55 g.;0,54
Ajo en polvo;Carmencita;frasco de 55 g.;1,06
"Ajo ""Gran Selección""";Ducros;frasco de 14 g.;1,87
"Sazonador Ajoperejil ""Gran Selección""";Ducros;frasco de 18 g.;2,98
"Chalote ""Gran Selección""";Ducros;frasco de 8 g.;1,87
Sal de ajo en polvo;Carrefour;frasco de 90 g.;0,54
Sal de ajo;Carmencita;frasco de 90 g.;1,06
"Cebolleta ""Gran Selección""";Ducros;frasco de 2 g.;1,87
Albahaca;Carrefour;frasco de 16 g.;0,54
Albahaca;Carrefour Eco;frasco de 10 g.;0,89
Albahaca;Carmencita;frasco de 16 g.;1,06
"Albahaca ""Gran Selección""";Ducros;frasco de 3,5 g.;1,87
Azafrán de La Mancha;De Nuestra Tierra;frasco de 1 g.;3,09
Azafrán de La Mancha;De Nuestra Tierra;frasco de 2 g.;5,38
Azafrán en hebras;Carmencita;"caja de 0,375 g; 3 usos.";1,20
Azafrán en hebras;Carmencita;frasco de 1 g.;2,34
Azafrán molido;Carmencita;3 sobres de 0,125 g.;1,30
Canela en rama;Carrefour;frasco de 18 g.;0,54
Canela en rama;Carmencita;frasco de 18 g.;1,06
Canela en rama Ceylan;Carmencita;canutillo de 5 g.;0,30
Canela molida;Carrefour;frasco de 40 g.;0,54
Canela molida;Carrefour Eco;frasco de 35 g.;0,89
Canela molida;Carmencita;frasco de 40 g.;1,06
Vainilla en rama;Carmencita;frasco de 2 g.;1,06
Cayena guindillas;Carrefour;frasco de 16 g.;0,54
Cayena guindillas;Carmencita;frasco de 16 g.;1,06
Cayena molida;Carmencita;frasco de 40 g.;1,06
Clavo en grano;Carrefour;frasco de 30 g.;0,54
Clavo en grano;Carmencita;frasco de 30 g.;1,06
Clavo molido;Carmencita;frasco de 40 g.;1,06
Colorante alimentario;Carrefour;frasco de 60 g.;0,54
Colorante alimentario;Carmencita;25 sobres de 1,4 g.;1,30
Colorante alimentario;Carmencita;frasco de 60 g.;1,06
Comino en grano;Carrefour;frasco de 40 g.;0,54
Comino en grano;Carmencita;frasco de 32 g.;1,06
Comino molido;Carrefour;frasco de 45 g.;0,54
Comino molido;Carmencita;frasco de 45 g.;1,06
Curry;Carrefour;frasco de 40 g.;0,54
Curry;Carmencita;frasco de 40 g.;1,06
Eneldo;Carrefour;frasco de 15 g.;0,54
Eneldo;Carmencita;frasco de 12 g.;1,06
Estragón;Carrefour;frasco de 10 g.;0,54
Estragón;Carmencita;frasco de 8 g.;1,06
Hierbabuena;Carrefour;frasco de 20 g.;0,54
Hierbabuena;Carmencita;frasco de 14 g.;1,06
"Finas hierbas ""Gran Selección""";Ducros;frasco de 6 g.;1,87
Hierbas provenzales;Carrefour;frasco de 20 g.;0,54
Hierbas provenzales;Carmencita;frasco de 14 g.;1,06
Anís en grano;Carmencita;frasco de 32 g.;1,06
Laurel en hoja;Carrefour;frasco de 6 g.;0,54
Laurel en hoja;Carmencita;bolsa de 10 g.;0,60
Laurel molido;Carrefour;frasco de 40 g.;0,54
Laurel molido;Carmencita;frasco de 35 g.;1,06
"Menta ""Gran Selección""";Ducros;frasco de 4 g.;1,87
Nuez moscada en piezas;Carrefour;frasco de 40 g.;0,54
Nuez moscada en piezas;Carmencita;frasco de 40 g.;1,06
Nuez moscada molida;Carrefour;frasco de 50 g.;0,54
Nuez moscada molida;Carmencita;frasco de 50 g.;1,06
Ñoras;Carmencita;paquete de 25 g.;1,06
Orégano;Carrefour;frasco de 7 g.;0,54
Orégano;Carrefour Eco;frasco de 5 g.;0,89
Orégano;Carmencita;frasco de 7 g.;1,06
Paellero;Carmencita;caja de 5 sobres de 4 g.;1,20
Preparado para hacer arroz a banda;Carmencita;bolsa de 45 g.;1,20
Preparado para hacer arroz negro;Carmencita;bolsa de 40 g.;1,20
Preparado para hacer Fideuá;Carmencita;bolsa de 40 g.;1,20
Preparado de paella;Carrefour;frasco de 60 g.;0,54
Preparado de paella;Carmencita;frasco de 60 g.;1,06
Mezcla de especias para ensalada;Carmencita;bolsa de 7 g.;0,30
Mezcla de especias para carne a la plancha;Carmencita;bolsa de 7 g.;0,30
Mezcla de especias para pescado a la plancha;Carmencita;sobre de 7 g.;0,30
Mezcla de especias para pinchos;Carmencita;bolsa de 7 g.;0,30
Mezcla de especias para pizza;Carmencita;bolsa de 7 g.;0,30
Perejil;Carrefour;frasco de 12 g.;0,54
Perejil;Carrefour Eco;frasco de 8 g.;0,89
Perejil;Carmencita;frasco de 8 g.;1,06
"Perejil ""Gran Selección""";Ducros;frasco de 6 g.;1,87
"Sazonador Ajoperejil ""Gran Selección""";Ducros;frasco de 18 g.;2,98
Romero;Carrefour;frasco de 24 g.;0,54
Romero;Carmencita;frasco de 20 g.;1,06
Pimentón dulce;Carrefour;frasco de 45 g.;0,54
Pimentón dulce de la Vera;De Nuestra Tierra;lata de 70 g.;1,08
Pimentón dulce;Carrefour;lata de 75 g.;0,54
Pimentón dulce;Carmencita;frasco de 45 g.;1,06
Pimentón dulce;Carmencita;lata de 75 g.;0,80
Pimentón dulce;Carmencita;lata de 160 g.;1,60
Pimentón picante;Carrefour;frasco de 45 g.;0,54
Pimentón picante de la Vera;De Nuestra Tierra;lata de 70 g.;1,08
Pimentón picante;Carmencita;frasco de 45 g.;1,06
Pimentón picante;Carmencita;lata de 75 g.;1,06
Molinillo de pimienta negra;Carrefour;frasco de 37 g.;1,42
Molinillo de pimienta negra;Carmencita;frasco de 37 g.;1,70
Pimienta blanca molida;Carrefour;frasco de 50 g.;0,54
Pimienta blanca molida;Carmencita;frasco de 50 g.;1,06
Pimienta negra molida;Carmencita;frasco de 225 g.;5,52
Pimienta negra en grano;Carrefour;frasco de 45 g.;0,54
Pimienta negra en grano;Carmencita;frasco de 45 g.;1,06
Pimienta negra molida;Carrefour;frasco de 50 g.;0,54
Pimienta negra molida;Carmencita;frasco de 50 g.;1,06
Pimienta verde;Carmencita;frasco de 60 g.;0,68
Piñones;Carrefour;frasco de 56 g.;2,28
Piñones;Carmencita;frasco de 56 g.;2,90
Sazonador al ajo y perejil;Avecrem;frasco de 110 g.;1,89
"Sazonador Ajoperejil ""Gran Selección""";Ducros;frasco de 18 g.;2,98
Sazonador de barbacoa;Carrefour;frasco de 60 g.;0,54
Sazonador de barbacoa;Carmencita;frasco de 60 g.;1,06
Sazonador al caldo de pollo;Avecrem;frasco de 110 g.;1,89
Caldo de verduras en polvo;Avecrem de Gallina Blanca;frasco de 110 g.;2,10
Sazonador de carne;Carrefour;frasco de 70 g.;0,54
Sazonador de carne;Carmencita;frasco de 75 g.;1,06
Sazonador a la cebolla;Avecrem;frasco de 110 g.;1,89
Sazonador de ensaladas en polvo;Carrefour;frasco de 65 g.;0,54
Sazonador a las finas hierbas;Avecrem;frasco de 100 g.;1,89
"Finas hierbas ""Gran Selección""";Ducros;frasco de 6 g.;1,87
Sazonador de pescado en polvo;Carrefour;frasco de 60 g.;0,54
Sazonador de pollo;Carrefour;frasco de 70 g.;0,54
Sazonador de pollo;Carmencita;frasco de 75 g.;1,06
Tomillo;Carrefour;frasco de 18 g.;0,54
Tomillo;Carrefour Eco;frasco de 10 g.;0,89
Tomillo;Carmencita;frasco de 20 g.;1,06
Trufas negras en trozos;Amalur;frasco de 12 g. (p.neto), 10 g. (p.esc);2,50
Tomate frito con aceite de girasol;Carrefour;brik de 390 g.;0,36
Tomate frito;Apis;brik de 400 g.;0,46
Tomate frito receta casera;Apis;3 bricks de 215 g.;1,01
Tomate frito;Orlando;brik de 400 g.;0,48
Tomate frito;Orlando;3 brik de 400 g.;0,42
Tomate frito casero;Carrefour;frasco de 425 g.;0,84
Tomate frito con aceite de oliva virgen;Carrefour;frasco de 425 g.;0,60
Salsa de tomate con verduras y hortalizas;Calvé;frasco de 350 g.;0,99
Tomate frito;Hero;frasco de 370 g.;0,95
Tomate frito;Orlando;frasco de 400 g.;0,51
Tomate frito estilo casero;Orlando;frasco de 370 g.;1,06
Tomate frito estilo Mediterráneo;Orlando;frasco de 370 g.;1,02
Tomate frito;Solis;frasco de 400 g.;0,51
Tomate frito;Carrefour;lata de 400 g.;0,36
Tomate frito;Carrefour;3 latas de 400 g.;1,05
Tomate frito;Carrefour;lata de 820 g.;0,69
Tomate frito;Hida;lata de 400 g.;1,02
Tomate frito;Orlando;lata de 410 g.;0,52
Tomate frito;Orlando;3 latas de 410 g.;1,52
Tomate frito;Orlando;lata de 820 g.;0,99
Sofrito de tomate;Arteoliva;brik de 260 g.;0,90
Tomate sofrito casero;Ferrer;frasco de 350 g.;1,23
Ketchup;Carrefour;frasco de 340 g.;0,83
Ketchup;Carrefour;frasco de 560 g.;1,20
Ketchupi;Calvé;bote de 340 g.;1,19
Ketchup;Calvé;bote de 570 g.;1,29
Ketchup;Heinz;frasco de 342 g.;1,05
Ketchup;Heinz;frasco de 570 g.;1,91
Ketchup;Heinz;bote de 570 g.;1,89
Ketchup mexican;Heinz;bote de 570 g.;1,84
Ketchup;Louit;bote de 450 g.;0,63
Ketchup;Prima;frasco de 340 g.;1,01
Ketchup barbacoa;Prima;bote de 340 g.;0,67
Ketchup clásico;Prima;bote de 340 g.;0,67
Ketchup picante;Prima;bote de 340 g.;0,67
Ketchup;Uncle William;bote de 300 g.;0,59
Mostaza;Carrefour;frasco de 300 g.;0,40
Mostaza de Dijon;Carrefour Eco;frasco de 200 g.;1,99
Mostaza;Calvé;frasco de 250 ml.;1,27
Mostaza;Louit;bote de 250 g.;0,51
Mostaza;Orlando;bote de 300 g.;0,63
Mostaza;Uncle William;bote de 290 g.;0,63
Mostaza Americana;Prima;bote de 300 g.;0,67
Mostaza Diáfana Estragón;Louit;frasco de 115 g.;1,05
Mostaza de Dijón;Louit;frasco de 115 g.;1,05
Salsa mostaza;Ligeresa;frasco de 225 g.;1,00
Mostaza a la Antigua;Maille;frasco de 210 g.;2,01
Mostaza a la Pimienta Verde;Maille;frasco de 215 g.;2,01
Mostaza Cremosa;Maille;frasco de 370 g.;2,34
Mostaza de Dijón Original;Maille;frasco de 215 g.;2,01
Salsa Dip picante;Casa Fiesta;frasco de 315 g.;1,80
Aceite refinado de girasol;Carrefour;botella de 1l.;0,99
Aceite refinado de girasol;Carrefour;garrafa de 5 l.;4,85
Aceite de girasol 0,2º alto oleico, especial freir;Carrefour;garrafa de 5 l.;7,45
Aceite de girasol 0,2º;Koipesol;botella de 1 l.;1,20
Aceite de girasol 0,2º;Koipesol;botella de 2 l.;2,39
Aceite de girasol 0,2º;Koipesol;garrafa de 5 l.;5,92
Aceite de girasol 0,2º;Ucasol;botella de 1 l.;1,20
Aceite de girasol 0,2º;Ucasol;garrafa de 5 l.;5,70
Aceite de maíz 0,15º;Asua;botella de 1 l.;1,44
Aceite de oliva 0,4º;Carrefour;botella de 1 l.;2,22
Aceite de oliva 0,4º;Carrefour;garrafa de 5 l.;11,00
Aceite de oliva 0,4º;Carrefour;lata de 5 l.;11,20
Aceite de oliva 0,4º;Carbonell;botella de 1 l.;2,79
Aceite de oliva 0,4º;Carbonell;botella de 2 l.;5,49
Aceite de oliva 0,4º;Carbonell;garrafa de 5 l.;13,59
Aceite de oliva 0,4º;Carbonell;lata de 5 l.;13,89
Aceite de oliva 0,4º;Coosur;botella de 1 l.;2,48
Aceite de oliva 0,4º;Dintel;botella de 1 l.;2,58
Aceite de oliva 0,4º;Dintel;garrafa de 5 l.;12,95
Aceite de oliva 0,4º;La Española;botella de 1 l.;2,58
Aceite de oliva 0,4º;La Masía;botella de 1 l.;13,09
Aceite de oliva 0,4º;Uca;botella de 1 l.;2,49
Aceite de oliva 0,4º;Uca;lata de 5 l.;14,10
Aceite de oliva 0,4º;Ybarra;botella de 1 l.;2,44
Aceite de oliva 0,4º;Ybarra;garrafa de 5 l.;12,70
Aceite de oliva 1º;Carrefour;botella de 1 l.;2,22
Aceite de oliva 1º;Carrefour;garrafa de 5 l.;11,00
Aceite de oliva 1º;Coosur;botella de 1 l.;2,48
Aceite de oliva 1º;Koipe;botella de 1 l.;2,59
Aceite de oliva 1º;Koipe;pack de 4 botellas de 1 l.;10,22
Aceite de oliva 1º;Koipe;garrafa de 5 l.;13,53
Aceite de oliva 1º sabor intenso;La Española;botella de 1 l.;2,49
Aceite de oliva 1º sabor intenso;La Masía;botella de 1 l.;5,10
Aceite de oliva 1º;La Masía;garrafa de 5 l.;14,08
Aceite de oliva 1º;Ybarra;botella de 1 l.;2,48
Aceite de oliva 1º;Ybarra;brik de 1 l.;2,59
Aceite de oliva 1º;Ybarra;garrafa de 5 l.;12,70
Aceite de oliva 0,8º;Dintel;botella de 1 l.;2,67
Aceite de oliva 0,8º;Dintel;garrafa de 5 l.;12,99
Aceite de oliva 0,7º;La Española;garrafa de 5 l.;12,95
Aceite de oliva virgen 0,8º;Ybarra;garrafa de 5 l.;12,50
Condimento de aceite de oliva con aceitunas negras;Borges;botella de 200 ml.;2,69
Condimento de aceite de oliva al ajo frito;Borges;botella de 200 ml.;2,69
Condimento de aceite de oliva a la albahaca fresca;Borges;botella de 200 ml.;2,69
Condimento de aceite de oliva a la canela en rama;Borges;botella de 200 ml.;2,69
Condimento de aceite de oliva a la guindilla y cardamomo;Borges;botella de 200 ml.;2,69
Condimento de aceite de oliva a las cuatro pimientas;Borges;botella de 200 ml.;2,69
Condimento de aceite de oliva al romero fresco;Borges;botella de 200 ml.;2,69
Condimento de aceite de oliva a la soja y jengibre;Borges;botella de 200 ml.;2,69
Condimento de aceite de oliva a la vainilla fresca;Borges;botella de 200 ml.;2,69
Aceite de oliva virgen extra: Agricultura Biológica;Borges;botella de 500 ml.;3,12
Aceite de oliva virgen extra al ajo;La Española;botella de 250 ml.;1,97
Aceite de oliva virgen extra a la guindilla;La Española;botella de 250 ml.;1,97
Aceite de oliva virgen extra a la albahaca;La Española;botella de 250 ml.;1,97
Aceite de oliva virgen extra al limón;La Española;botella de 250 ml.;1,97
Aceite de oliva virgen extra al romero;La Española;botella de 250 ml.;1,97
Aceite de oliva virgen extra al tomillo;La Española;botella de 250 ml.;1,97
Aceite de semillas 0,2º;Carrefour;botella de 1 l.;0,99
Aceite de semillas 0,2º;Fenómeno de La Masía;botella de 1 l.;1,08
Aceite refinado de semillas;Titan;botella de 1 l.;1,47
Aceite refinado de semillas;Carrefour;garrafa de 5 l.;4,93
Aceite refinado de semillas;Fenómeno de La Masía;garrafa de 5 l.;5,38
Vinagre de vino microfiltrado;Carrefour;botella de 1 l.;0,51
Vinagre de vino microfiltrado;Carrefour;garrafa de 2 l.;0,99
Vinagre de vino blanco;Carrefour Eco;botella de 500 ml.;1,13
Vinagre de vino blanco;Prima-Lau;botella de 1 l.;0,80
Vinagre de vino blanco;Procer;botella de 500 ml.;0,40
Vinagre de vino blanco;Ybarra;botella de 1 l.;0,67
Vinagre añejo de vino blanco;Carrefour;botella de 750 ml.;1,23
Vinagre de vino balsámico;Carrefour;botella de 250 ml.;1,20
Vinagre balsámico de Módena;Borges;botella de 250 ml.;1,99
Vinagre balsámico;Louit;botella de 250 ml.;1,35
Vinagre balsámico de Módena;Medici;botella de 500 ml.;3,60
Vinagre de Jerez;Carrefour;botella de 750 ml.;1,80
Vinagre de Jerez;Borges;botella de 250 ml.;1,64
Vinagre de Jerez;Louit;botella de 250 ml.;1,34
Vinagre de Jerez Reserva;Carrefour;botella de 500 ml.;2,25
Vinagre de Jerez Reserva;De Nuestra Tierra;botella de 250 ml.;3,60
Vinagre de Jerez Reserva;Cepa Vieja;jarra de 250 ml.;2,36
Vinagre de manzana;Carrefour;botella de 750 ml.;1,23
Vinagre de manzana;Carrefour Eco;botella de 500 ml.;1,13
Vinagre de manzana;Prima-Lau;botella de 750 ml.;1,35
Vinagre de sidra;Borges;botella de 250 ml.;1,19
Vinagre de sidra;Louit;botella de 250 ml.;1,30
Vinagre de vino al ajo;Carrefour;botella de 750 ml.;1,23
Vinagre de vino al ajo;Borges;botella de 250 ml.;1,19
Vinagre de vino con ajos naturales;Louit;botella de 250 ml.;1,30
Vinagre de vino al estragón;Carrefour;botella de 750 ml.;1,23
Vinagre de vino al estragón;Borges;botella de 250 ml.;1,19
Vinagre de vino al estragón;Louit;botella de 750 ml.;1,34
Vinagre de vino de cava;Borges;botella de 250 ml.;1,64
Vinagre de vino de Rioja;Louit;botella de 750 ml.;1,40
Vinagre de sidra;Louit;botella de 75 cl.;1,44
Vinagre de vino tinto microfiltrado;Carrefour;botella de 1 l.;0,57
Vinagre de vino tinto;Carrefour Eco;botella de 500 ml.;1,13
Vinagre de vino tinto;Procer;botella de 500 ml.;0,39
Vinagre de vino tinto;Procer;botella de 1 l.;0,66
Bicarbonato sódico;Carmencita;dosificador de 200 g.;0,60
Sal marina fina;Carrefour;salero de 200 g.;0,35
Sal marina fina;Carrefour;salero de 500 g.;0,45
Sal marina fina;Carrefour;paquete de 1 kg.;0,18
Sal de mesa fina;Carmencita;salero de 200 g.;0,60
Sal hiposódica;Carrefour;salero de 180 g.;1,14
Sal marina refinada;Roka;paquete de 1 kg.;0,27
Sal marina gruesa;Carrefour;paquete de 1 kg.;0,18
Sal marina yodada;Carrefour;paquete de 1 kg.;0,24
Sal especial yodada;Roca;paquete de 1 kg.;0,30
Aceite de oliva virgen extra;Carrefour eco;botella de 500 ml.;2,99
Vinagre de vino blanco;Carrefour Eco;botella de 500 ml.;1,13
Vinagre de vino tinto;Carrefour Eco;botella de 500 ml.;1,13
Vinagre de manzana;Carrefour Eco;botella de 500 ml.;1,13
Café molido natural;Carrefour eco;paquete de 250 g.;1,99
Café molido 100% Arábica;Carrefour eco;paquete de 250 g.;2,60
Anís verde;Carrefour eco;bolsa de 100 g.;1,55
Manzanilla dulce;Carrefour eco;bolsa de 35 g.;1,50
Menta;Carrefour eco;bolsa de 20 g.;1,41
Té verde;Carrefour eco;bolsa de 80 g.;2,35
Tila;Carrefour eco;bolsa de 20 g.;1,38
Confitura extra de albaricoque;Carrefour eco;frasco de 360 g.;1,92
Confitura extra de arándanos;Carrefour eco;frasco de 360 g.;1,99
Confitura extra de fresa;Carrefour eco;rasco de 360 g.;1,92
Confitura de naranja;Carrefour eco;frasco de 360 g.;1,92
Tomate natural entero pelado extra;Carrefour eco;frasco de 660 g.;1,25
Tomate triturado primera;Carrefour eco;frasco de 660 g.;1,05
Alubia blanca extra;Carrefour eco;paquete de 500 g.;1,59
Garbanzos extra;Carrefour eco;paquete de 500 g.;1,59
Lentejas extra;Carrefour eco;paquete de 500 g.;1,59
Espirales;Carrefour eco;paquete de 500 g.;0,85
Fideo cabellín;Carrefour eco;paquete de 500 g.;0,85
Macarrones;Carrefour eco;paquete de 500 g.;0,85
Spaghetti;Carrefour eco;paquete de 500 g.;0,85
Zumo de manzana exprimida;Carrefour Eco;botella de 750 ml.;1,78
Zumo de naranja exprimida;Carrefour Eco;botella de 750 ml.;1,78
Zumo de tomate exprimido;Carrefour Eco;botella 750 ml.;1,78
Aceite de oliva virgen extra Baena;De Nuestra Tierra;botella de 500 ml.;3,54
Aceite de oliva virgen extra Les Garrigues;De Nuestra Tierra;botella de 500 ml.;2,69
Aceite de Oliva Virgen extra Montes de Toledo;De Nuestra Tierra;botella de 50 cl.;2,27
Aceite de oliva virgen extra Priego de Córdoba;De Nuestra Tierra;botella de 500 ml;3,95
Aceite de oliva virgen extra Sierra de Segura;De Nuestra Tierra;botella de 500 ml.;3,70
Vinagre de Jerez Reserva;De Nuestra Tierra;botella de 250 ml.;3,60
Azafrán de La Mancha;De Nuestra Tierra;frasco de 1 g.;3,09
Azafrán de La Mancha;De Nuestra Tierra;frasco de 2 g.;5,38
Pimentón dulce de la Vera;De Nuestra Tierra;lata de 70 g.;1,08
Pimentón picante de la Vera;De Nuestra Tierra;lata de 70 g.;1,08
Aceitunas Gordal;De Nuestra Tierra;frasco de 345 g. (p.neto), 190 g. (p.escurr).;1,35
Aceituna manzanilla;De Nuestra Tierra;frasco de 345 g. (p.neto), 190 g. (p.escurr);0,99
Berenjena de Almagro;De Nuestra Tierra;frasco de 780 g.;2,99
Guindillas;De Nuestra Tierra;frasco de 345 g. (p.neto), 120 g. (p.esc.);2,67
Arroz Bomba de Calasparra;De Nuestra Tierra;paquete de 500 g.;1,77
Arroz Balilla de Calasparra;De Nuestra Tierra;paquete de 1 kg.;1,77
Arroz Senia - Bahía;De Nuestra Tierra;paquete de 1 kg.;1,59
Alubia blanca planchada de La Bañeza (León);De Nuestra Tierra;paquete de 1 kg.;2,61
Alubia blanca riñón de La Bañeza (León);De Nuestra Tierra;paquete de 1 kg.;3,52
Alubia blanca redonda del Barco;De Nuestra Tierra;paquete de 1 kg.;4,72
Judión selecto del Barco;De Nuestra Tierra;paquete de 1 kg.;6,39
Faba asturiana;De Nuestra Tierra;paquete de 500 g.;7,36
Garbanzos blanco lechoso;De Nuestra Tierra;paquete de 1 Kg.;2,75
Garbanzo castellano de León;De Nuestra Tierra;paquete de 1 kg.;1,77
Lenteja  pardina de León;De Nuestra Tierra;paquete de 1 kg.;1,74
Codornices en escabeche;De Nuestra Tierra;lata de 400 g.;3,90
Perdiz en escabeche;De Nuestra Tierra;lata de 415 g.;8,99
Anchoas en salmuera de L' Escala;De Nuestra Tierra;tarro de 475 g. (p.n).;3,76
Filetes de anchoa en salmuera de L'Escala;De Nuestra Tierra;tarro de 100 g.(p.n);2,85
Filetes de anchoa del Cantábrico;De Nuestra Tierra;tarro de 100 g. (p.neto);3,22
Filetes de anchoa del Cantábrico;De Nuestra Tierra;lata de 244 g. (p.neto);5,98
Filetes de anchoa del Cantábrico;De Nuestra Tierra;tarro de 310 g. (p.neto);13,99
Bonito del Norte en aceite de oliva;De Nuestra Tierra;lata de 120 g. (p.neto);1,71
Bonito del Norte en aceite de oliva;De Nuestra Tierra;tarro de 167 g. (p.neto);2,76
Bonito del Norte en aceite de oliva;De Nuestra Tierra;lata de 270 g. (p.neto).;3,76
Bonito del Norte en aceite de oliva;De Nuestra Tierra;frasco de 400 g. (p.neto);5,98
Boquerones en vinagre de Cantabria;De Nuestra Tierra;bote de 120 g. (p.esc);3,78
Cogote de Bonito del Norte aceite de oliva;De Nuestra Tierra;lata 115 g. (p.neto);2,49
Pulpo de la Ría en aceite de oliva;De Nuestra Tierra;lata de 111 g. (p.neto);2,28
Corazones de alcachofas de Tudela;De Nuestra Tierra;frasco 660g(p.neto), 400g(p.esc.);4,51
Berenjena de Almagro;De Nuestra Tierra;frasco de 780 g.;2,99
Borraja al Natural de Navarra;De Nuestra Tierra;frasco de 660 g. (p.neto).;1,68
Cardo al natural de La Rioja;De Nuestra Tierra;frasco de 700 g. (p,neto), 400 g. (p.esc.).;1,60
Espárragos blancos extras muy gruesos 7/9;De Nuestra Tierra;lata de 390 g.(p.neto);3,46
Espárragos blancos extras muy gruesos 9/12;De Nuestra Tierra;frasco de 540 g.(p.n);6,91
Espárragos blancos extras;De Nuestra Tierra;lata de 780 g.(p.n);8,98
Espárrago blanco de Navarra extra gruesos 6/8;De Nuestra Tierra;frasco 540g(p.neto), 325g(p.esc);7,60
Fritada Berciana;De Nuestra Tierra;frasco de 290 g. (p.neto);1,80
Menestra de verduras;De Nuestra Tierra;frasco de 660 g. (p.neto), 440 g. (p.esc);4,06
Pimientos del Bierzo;De Nuestra Tierra;frasco de 290 g. (p.neto), 240 g. (p.esc);3,82
Pimientos picantes del Bierzo;De Nuestra Tierra;frasco 290g.(p.neto), 240g.(p.esc);3,82
Pimientos del Piquillo;De Nuestra Tierra;lata de 390 g. (p.neto), 350 g . (p.esc);3,78
Pimiento del Piquillo;De Nuestra Tierra;lata de 235 g. (p.neto) 180 g. (p.escu);2,28
Pimiento del Piquillo entero extra Lodosa;De Nuestra Tierra;frasco 290 g. (p.neto);3,29
Butifarra blanca;De Nuestra Tierra;pieza de 200 g. aprox.;1,84
Butifarra catalana;De Nuestra Tierra;pieza de 350 g. aprox.;3,11
Butifarra negra;De Nuestra Tierra;1 unidad. 250 g. aprox.;2,35
Cecina de Vacuno de León loncheada;De Nuestra Tierra;sobre de 150 g. aprox.;3,88
Chistorra de Navarra;De Nuestra Tierra;pieza de 230 g.;1,62
Chorizo Asturiano;De Nuestra Tierra;3 unidades 290 g.;4,95
Chorizo Ibérico de Bellota de Guijuelo;De Nuestra Tierra;pieza de 400 g. aprox.;8,38
Compango Asturiano;De Nuestra Tierra;paquete de 4 raciones, 700 g.;10,07
Preparado fabada asturiana;De Nuestra Tierra;paquete de 950 g.;16,80
Fuet de Vic;De Nuestra Tierra;pieza de 200 g.;2,65
Jamón de pato;De Nuestra Tierra;sobre de 50 g.;2,07
Jamón Ibérico de Bellota D.O. Huelva;De Nuestra Tierra;pieza de 7500 g. aprox.;364,50
Lomo Ibérico de  Bellota de Huelva;De Nuestra Tierra;pieza de 300 g. aprox.;11,09
Longaniza dulce de León;De Nuestra Tierra;pieza de 400 g. aprox.;3,18
Longaniza picante de León;De Nuestra Tierra;pieza de 400 g. aprox.;3,18
Morcilla Asturiana;De Nuestra Tierra;paquete de 400 g.;3,88
Morcilla de Burgos de arroz;De Nuestra Tierra;pieza de 300 g. aprox.;1,29
Salchichón Ibérico de Bellota de Guijuelo;De Nuestra Tierra;pieza de 400 g. aprox.;9,40
Salchichón de Vic;De Nuestra Tierra;pieza de 375 g. aprox.;8,40
Sobrasada de Mallorca de cerdo negro;De Nuestra Tierra;pieza de 338 g. aprox.;4,66
Helado de Leche Merengada de Jijona;De Nuestra Tierra;tarrina de 400 ml.;2,95
Helado de Mantecado de Jijona;De Nuestra Tierra;tarrina de 400 ml.;3,20
Helado de Turrón de Jijona;De Nuestra Tierra;tarrina de 400 ml.;3,49
Mojama de atún de Isla Cristina;De Nuestra Tierra;1 taco de 275 g. 275 g. aprox.;7,12
Hígado entero de pato;De Nuestra Tierra;2 latas de 70 g.;8,08
Hígado entero de pato;De Nuestra Tierra;lata de 130 g.;7,48
Hígado entero de pato;De Nuestra Tierra;paquete de 90 g.;5,49
Hígado entero de pato;De Nuestra Tierra;tarro de 130 g.;8,38
Tabla de quesos: Tetilla, Mahón, Cabra, Zamorano y Roncal;De Nuestra Tierra;500 g;9,58
Tabla quesos: Majorero, Mancha, Idiazabal, Cantabro, Liébana;De Nuestra Tierra;500 g;9,58
Queso Arzúa-Ulloa;De Nuestra Tierra;pieza de 1000 g. aprox.;7,48
Queso cabra de Las Alpujarras;De Nuestra Tierra;pieza de 550 g. aprox.;7,12
Queso cabrales;De Nuestra Tierra;pieza de 1000 g. aprox.;14,57
Queso de Cantabria;De Nuestra Tierra;pieza de 1000 g. aprox.;7,81
Queso tortita Extremeña;De Nuestra Tierra;pieza de 900 g. aprox.;12,84
Queso oveja Idiazábal;De Nuestra Tierra;pieza de 600 g. aprox.;7,90
Quesuco vaca de Liébana;De Nuestra Tierra;pieza de 500 g. aprox.;5,40
Queso manchego artesano;De Nuestra Tierra;cuña de 400 g. aprox.;5,74
Queso manchego artesano con aceite oliva virgen;De Nuestra Tierra;tarro de 510 g.;9,59
Queso de Mahón;De Nuestra Tierra;pieza de 700 g. aprox.;7,39
Queso cabra Majorero;De Nuestra Tierra;pieza de 1500 g. aprox.;21,59
Queso de Murcia al vino;De Nuestra Tierra;pieza de 250 g. 250 g. aprox.;3,23
Queso oveja del Roncal;De Nuestra Tierra;pieza de 1000 g. aprox.;13,67
Queso oveja del Roncal;De Nuestra Tierra;pieza de 600 g. aprox.;8,62
Queso curado graso Serrat;De Nuestra Tierra;pieza de 900 g. aprox.;9,98
Queso curado graso Serrat;De Nuestra Tierra;pieza de 600 g. aprox.;7,48
Queso Tetilla de vaca;De Nuestra Tierra;pieza de 1000 g. aprox.;7,48
Queso Tupí;De Nuestra Tierra;tarro de 160 g.;4,14
Queso curado Zamorano;De Nuestra Tierra;pieza de 3100 g. aprox.;37,17
Queso curado Zamorano;De Nuestra Tierra;cuña de 380 g. aprox.;5,00
Aguardiente de hierbas;De Nuestra Tierra;botella de 50 cl.;11,69
Aguardiente de Orujo;De Nuestra Tierra;botella de 50 cl.;11,69
Chinchón dulce;De Nuestra Tierra;botella de 1 l.;6,35
Brandy de Jerez Solera Gran Reserva;De Nuestra Tierra;botella de 70 cl.;18,50
Cava Brut;De Nuestra Tierra;botella de 75 cl.;6,46
Cava Brut Nature;De Nuestra Tierra;botella de 75 cl.;8,53
Manzanilla Pasada D.O. Sanlúcar de Barrameda;De Nuestra Tierra;botella de 75 cl.;6,91
Pacharán Navarro;De Nuestra Tierra;botella de 70 cl.;11,96
Sidra Natural de Asturias;De Nuestra Tierra;botella de 70 cl.;1,99
Sidra Vasca;De Nuestra Tierra;botella de 75 cl.;1,99
Vino amontillado D.O. Montilla-Moriles;De Nuestra Tierra;botella de 75 cl.;8,08
Vino Fino muy seco D.O. Jerez;De Nuestra Tierra;botella de 75 cl.;5,35
Vino Oloroso D.O. Montilla Moriles;De Nuestra Tierra;botella de 75 cl.;7,72
Vino Pedro Ximénez dulce D.O. Montilla-Moriles;De Nuestra Tierra;botella de 75 cl;6,88
Vino blanco Albariño D.O. Rías Baixas;De Nuestra Tierra;botella de 75 cl.;8,99
Cava Brut Zero Reserva;Castellblanch;estuche 2 botellas de 75 cl. + copa vela.;10,30
Cava Brut Reserva Anna;Codorníu;estuche metálico 3 botellas de 75 cl.;27,50
Cava Brut Jaume;Codorníu;estuche 1 botella de 75 cl.;25,00
Cava Brut;Gran Codorníu;estuche 3 botellas de 75 cl.;51,30
Cava Brut De Fiesta;Delapierre;estuche 2 botellas de 75 cl.+ 2 copas.;6,83
Cava Brut Prestige;Delapierre Glacé;estuche 2 botellas de 75 cl + 2 copas.;6,90
Cava Brut Cordón Negro;Freixenet;estuche 2 botellas de 75 cl + 2 copas.;11,70
Cava Brut Barroco Reserva;Freixenet;estuche 2 botellas de 75 cl.;22,95
Cava Brut Vintage;Segura Viudas;estuche 3 botellas de 75 cl + 3 copas.;34,99
"Cava Brut Nature Reserva "" Dos Lustros """;Castellblanch;estuche 3 botellas de 75 cl;28,50
Cava Brut Nature Cuvée Raventós;Codorníu;estuche metálico 1 botella de 75 cl.;12,00
Cava Brut Nature Vintage 1998;Freixenet;estuche 2 botellas de 75 cl.;15,95
Cava Brut Nature Gran Reserva de la Familia;Juvé y Camps;estuche 3 botellas 75 cl.;33,03
Cava Brut Nature;Raimat;estuche 3 botellas de 75 cl.;22,21
Cava Brut Nature Lavit;Segura Viudas;estuche 2 botellas de 75 cl. + 2 copas.;12,25
Cava Brut Gran Reserva Heredad;Segura Viudas;estuche 1 botella de 75 cl.;16,68
Cava semi seco Cordón Negro;Freixenet;estuche 2 botellas 75 cl + 2 Copas de regalo;11,70
Copas de cava desechables;Nupik;8 unidades.;2,85
Vino blanco D.O. Ribeiro;Viña Leiriña;estuche 6 botellas de 75 cl.;26,09
Vino tinto D.O. Catalunya Joven;Sangre de Toro;estuche de 3 botellas de 75 cl.;30,02
Vino tinto D.O. Navarra Crianza 1999;Alex;estuche 4 botellas de 75 cl.;18,21
Vino tinto D.O. Ribera de Duero Reserva 1997;Matarromera;estuche de 3 botellas 75 cl;65,36
Vino tinto D.O. Ribera del Duero Crianza 1998;Vega Vieja;estuche 3 botellas 75 cl.;32,95
Vino tinto D.O.C. Rioja Crianza 1998;Antigua Usanza;estuche 3 botellas de 75 cl.;24,95
Vino tinto D.O.C. Rioja Crianza 1998;Montecillo;estuche 6 botellas de 75 cl.;29,95
Vino tinto D.O.C. Rioja Crianza;Viña Espolón;estuche 3 botellas de 75 cl.;21,68
Vino tinto D.O. La Mancha Reserva 1997;Vega Cedrón;estuche 3 botellas de 75 cl.;12,99
Vino tinto D.O.C. Rioja Reserva 1997;Gonzalo de Berceo;cofre de 3 botellas de 75 cl.;55,25
Vino tinto D.O.C. Rioja Reserva 1997;Lan;estuche 3 botellas de 75 cl.;36,36
Vino tinto D.O.C. Rioja Reserva 1994;Marqués de Cáceres;estuche 3 botellas de 75 cl;40,82
Vino tinto D.O.C. Rioja Reserva 1995;Viña Arana;estuche 3 botellas 75 cl.;54,29
Vino tinto de la Tierra de Castilla;Barón de Sabas;estuche 3 botellas de 75 cl.;9,73
Lote chorizo y salchichón ibérico +Blocs foie grass Delicass;Navidul;caja metálica;29,95
Lote de Ibéricos (chorizo+salchichón);Navidul;estuche de madera grande.;39,95
Jamón Ibérico con FUNDA 3 Encinas;Navidul;pieza de 7300 g. aprox.;167,54
Paleta Ibérica con FUNDA 3 Encinas;Navidul;pieza de 4800 g. aprox.;65,23
Panettone;Ménestrel;lata de 1 kg.;5,99
Gianduiata delle Feste con crema al gianduia;Bauli;1 unidad de 750 g.;8,99
Pandoro con Profiteroles;Bauli;1 unidad de 750 g.;8,83
Pandoro di Verona;Bauli;1 unidad de 500 g.;4,48
Panettone;Bauli;1 unidad de 100 g.;1,38
Panettone;Bauli;1 unidad de 1000 g.;7,36
