Limón Consumer NATUR, cal. 63/78, malla 1 kg;1,25;208
Mandarina BON MATÍ, Clementina, cal. 54/74, malla 1 Kg;1,32;220
Naranja BON MATÍ, para postre, cal. 70/84, malla 3Kg;2,21;368
Naranja BON MATÍ, para zumo, cal. 64/70, malla 2 kg;1,06;176
Naranja, cal. 72/92, malla 2Kg;1,82;303
Naranja Consumer NATUR,postre, cal. 77/92, malla 2 kg;1,99;331
Pomelo, cal. 91/100, aprox. 1,00kg (1,22 euros/kg);1,22;203
Manzana Braeburn, cal. 75/95, 1,00kg (1,3 euros/kg);1,3;216
Manzana Fuji, cal. 75/90 1,00kg (1,66 euros/kg);1,66;276
Manzana Golden, cal. 80/99, aprox. 1,00kg (1,75 euros/kg);1,75;291
Manzana Granny Smith Consumer NATUR, cal. 75/85, aprox. 1,00kg (1,96 euros/kg);1,96;326
Manzana Red Delicious COPEFRUT, cal. 80/95, aprox. 1,00kg (1,71 euros/kg);1,71;285
Manzana Reineta Blanca, cal.80/99, 1,00kg (1,23 euros/kg);1,23;205
Manzana Reineta Gris Consumer NATUR, cal. 80/99 1,00kg (1,75 euros/kg);1,75;291
Manzana Royal Gala Consumer NATUR, cal. 65/85, aprox. 1,00kg (1,6 euros/kg);1,6;266
Pera Blanquilla, cal. 60/85, aprox. 1,00kg (1,48 euros/kg);1,48;246
Pera Conferencia AGROALIMENTARIA DE LA RIOJA, cal. 60/70, aprox.;0,79;131
Pera Conferencia, cal. 70/99, aprox. 1,00kg (1,23 euros/kg);1,23;205
Pera Pasacrassana, cal. 75/85 1,00kg (1,48 euros/kg);1,48;246
Kiwi Consumer NATUR, Hayward, 1,00kg (2,97 euros/kg);2,97;494
Plátano Canario ISLA GRANDE, cal. 35/50 1,00kg (1,79 euros/kg);1,79;298
UVA BLANCA CUBETA 12 GRANOS    1.0 U;0,99;165
Uva Blanca sin semilla, cal. 16/35, cubeta;2,93;488
Aguacate, aprox. 500g (4,71 euros/kg);2,355;392
Coco, 1 unidad;0,89;148
Mango, aprox. 1,00kg (2,35 euros/kg);2,35;391
Papaya, aprox. 500g (3,84 euros/kg);1,92;319
Piña de Centroamérica DEL MONTE GOLD, aprox. 1,50kg (5,23 euros/kg);7,845;1305
Piña de Costa de Marfil, aprox. 1,50kg (1,69 euros/kg);2,535;422
Plátano de freir, aprox. 1,00kg (2 euros/kg);2;333
Yuca, aprox. 1,00kg (2 euros/kg);2;333
Melon Galia, 1 unidad, aprox. 1,20kg (1,72 euros/kg);2,064;343
Melón Piel de Sapo BON MATÍ, unidad aprox. 2,20kg (1,24 euros/kg);2,728;454
Judia Perona, cal. 10/25, malla 500g;1,54;256
Judia Perona, cal. 10/30 500g (2,38 euros/kg);1,19;198
Pimiento Italiano TARANTO, cal. 40/55, malla 500g;0,96;160
Pimiento para freir TXAIRO, bandeja 200g;1,13;188
Pimiento Rojo LAMUYO, aprox. 1,00kg (2,19 euros/kg);2,19;364
Pimiento Verde LAMUYO, aprox. 1,00kg (2,06 euros/kg);2,06;343
Tomate Cherry LA PALMA, cal. 20/35, cubeta 250g;1,65;275
Tomate para ensalada, cal. 67/99, aprox. 1,00kg (,85 euros/kg);0,85;141
Tomate Pera, cal. 30/66, aprox. 1,00kg (1,23 euros/kg);1,23;205
Berenjena Negra, cal 80/100, aprox. 1,00kg (1,22 euros/kg);1,22;203
Calabacín Verde, cal. 45/60, aprox. 1,00kg (1,25 euros/kg);1,25;208
Calabacín Verde TARANTO, cal. 30/70, malla;1,06;176
Calabaza Larga, aprox. 1,00kg (1,05 euros/kg);1,05;175
Pepino Francés, cal. 55/65, aprox. 1,00kg (1,32 euros/kg);1,32;220
Apio Blanco, manojo;0,84;140
Corazones de Cogollos Consumer NATUR, pack 6 unidades;2,21;368
Endibia Consumer NATUR 45/80, bandeja;1,09;181
Lechuga Batavia, 400g;0,65;108
Lechuga Cogollo Consumer NATUR, 100g/200g, pack 3 unidades;0,99;165
Lechuga Consumer NATUR, Batavia;0,84;140
Lechuga Hoja de Roble;1,09;181
Lechuga Iceberg, unidad;0,69;115
Lechuga Lollo Rosso;1,09;181
Lechuga Mantecosa Envasada, bandeja 2 unid.;1,99;331
Patata, cal. 40/80, malla 3 kg;1,43;238
Patata Consumer NATUR, Guarnición, cal. 35/50, 1,5 kg;1,48;246
Patata Consumer NATUR, Para Asar, cal. 50/80, 2 kg;1,86;309
Patata Consumer NATUR, Para Cocer, cal.50/80, 2 kg;1,86;309
Patata Consumer NATUR, Para Freir, cal.50/80, 3 kg;2,69;448
Patata Consumer NATUR, Para Guisar, cal.50/80, 3 kg;2,48;413
Zanahoria GARCÍA USUA, cal. 20/40, bolsa;0,43;72
Ajo Blanco, cal. 50/80, malla 500 g;1,85;308
Ajo Rojo, cal. 50/65, malla 5 cabezas;0,78;130
Brotes de Puerro, bandeja 125 g;0,94;156
Cebolla Blanca, cal. 80/90, malla 1 kg;0,74;123
Cebolla de la Tierra 1.0 kg;0,53;88
Cebolleta, cal. 45/65, manojo 3 unid.;0,7;116
Chalote, cal. 30/45, malla 250 g;0,73;121
Puerro, cal. 20/35, manojo 6 unidades;0,99;165
Champiñón Blanco, bandeja 350g;0,89;148
Seta Ostra, cal. 55/110, bandeja 200g;1,09;181
Shii-Take, cal. 50/110, barqueta 200g;2,79;464
Acelga Amarilla, cal. 45/70, manojo 1,00kg (,96 euros/kg);0,96;160
Espinacas, bolsa 300g;1,34;223
Bróculi;0,67;111
Col de Bruselas, cal. 25/42, cubeta 500g;1,1;183
Coliflor, cal. 150/200, 1,8 kg;0,89;148
Repollo Liso, 1,25kg (,55 euros/kg);0,688;114
Repollo Morado, cal. 100/200, unidad 1,50kg (,87 euros/kg);1,305;217
Alcachofa blanca, cal. 60/95, 1,00kg (1,75 euros/kg);1,75;291
Cardo Variedad Peralta, Origen Navarra, a Granel 1,00kg (2,49 euros/kg);2,49;414
Espárrago Verde, cal. 12/18, manojo;3,84;639
Rábano Redondo manojo 25/35;0,52;87
Acelga CONSUMER, bolsa 300g;1,27;211
Apio y Zanahoria CONSUMER,Rallado, bolsa 150g;0,92;153
Canónigo VEGA MAYOR, bolsa 125g;1,95;324
Ensal. Winter L CONSUMER,Lechuga/Escar/Radiccio/Zanah/Apio, 200g;1,46;243
Ensalada de Cangrejo AMADO, envase 150g;3,2;532
Ensalada de Cangrejo MULTIFOOD, envase 250g;2,37;394
Ensalada de Pasta MULTIFOOD, pack 250g;1,77;295
Ensalada MC. SALAD, Pollo, tarrina 240g;2,97;494
Ensalada Rusa MULTIFOOD, pack 250g;1,5;250
Ensalada Tricolore CONSUMER, Lechuga/Lollo R/Zanahoria,200g;1,46;243
Ensalada VEGA MAYOR, bolsa 200g;1,34;223
Ensalada VEGA MAYOR, Gourmet, bolsa 175g;1,9;316
Ensalada VEGA MAYOR, Valenciana, tarrina 180g;1,74;290
Ensalada VEGA MAYOR, 4 Estaciones, bolsa 250g;0,95;158
Ensaladilla GASTRO-LUNCH, con txaka, tarrina 180g;1,72;286
Ensaladilla Rusa GASTRO-LUNCH, tarrina 500g;3,87;644
Ensal.Belle de Jour CONSUMER,Escar/Lechuga/Lollo R/Rúcula,175g;1,9;316
Ens.Italia CONSUMER,Hoja Rob/Lollo V/Radiccio/Rúcula/Lollo R,10;1,79;298
Escarola Troceada CONSUMER, bolsa 200g;1,57;261
Espinacas CONSUMER, bolsa 300g;1,38;230
Lechuga Iceberg VEGA MAYOR, bolsa 250g;1,06;176
Menestra de Verduras CONSUMER, bolsa 300g;1,86;309
Panaché Berciano CONSUMER, bolsa 300g;1,8;299
Puerro Cortado CONSUMER, bolsa 300g;1,39;231
Sopa Huertana CONSUMER, 300g;1,5;250
Sopa Juliana CONSUMER, bolsa 300g;1,32;220
Zanahoria Rallada CONSUMER, bolsa 150g;0,73;121
Tomate Ecológico JAVIER IZU, aprox. 1,00kg (3,19 euros/kg);3,19;531
Zanahoria Ecológica JAVIER IZU, aprox. 1,00kg (2,19 euros/kg);2,19;364
Manzana Golden Ecológica JAVIER IZU, aprox. 1,00kg (1,89 euros/kg);1,89;314
Pera Conferencia Ecológica JAVIER IZU, aprox. 1,00kg (2,59 euros/kg);2,59;431
Carne picada ternera MAYTE, bandeja 400g (6,55 euros/kg);2,62;436
Chuleta de Ternera Consumer NATUR, Nacional y menor de 12 meses, 400g (13,81 euros/kg);5,524;919
Churrasco de Ternera Consumer NATUR, Nac. y menor de 12 meses, 600g (4,5 euros/kg);2,7;449
Falda Deshuesada Ternera Consumer NATUR,Nac. y menor 12 meses, 500g (4,5 euros/kg);2,25;374
Filete Babilla Ternera Consumer NATUR, Nac. y menor de 12 meses 500g (11,41 euros/kg);5,705;949
Filete Cadera Ternera Consumer NATUR, Nac. y menor de 12 meses, 500g (11,41 euros/kg);5,705;949
Filete Deshuesada Ternera Consumer NATUR,Nacional,menor 12 meses 500g (8,56 euros/kg);4,28;712
Filete Empanar Ternera Consumer NATUR, Nac. y menor de 12 meses, 400g (10,97 euros/kg);4,388;730
Filete Entrecot Ternera Consumer NATUR, Nac.y menor de 12 meses 700g (16,21 euros/kg);11,347;1888
Filete Espaldilla Ternera Consumer NATUR,Nac.y menor de 12 meses 500g (8,56 euros/kg);4,28;712
Filete Redondo Ternera Consumer NATUR, 250g (10,97 euros/kg);2,743;456
Filete Solomillo Ternera Consumer NATUR,Nac.y menor de 12 meses, 300g (22,17 euros/kg);6,651;1107
Guisar de Ternera Consumer NATUR, Nacional y menor de 12 meses 500g (6,31 euros/kg);3,155;525
Zancarrón Ternera Consumer NATUR, Nacional y menor de 12 meses 500g (6,3 euros/kg);3,15;524
Chuleta de Vaca, 400g (13,19 euros/kg);5,276;878
Estofado de Vaca LABEL, Nacional y especialmente tierna 500g (5,38 euros/kg);2,69;448
Filete Babilla Vaca Label, Nacional y especialmente tierna 500g (8,77 euros/kg);4,385;730
Filete Cadera Vaca Label, Nacional y especialmente tierna 500g (8,77 euros/kg);4,385;730
Filete Deshuesada Vaca Label, Nacional y especialmente tierna 500g (7,48 euros/kg);3,74;622
Filete Empanar Vaca Label, Nacional y especialmente tierna 400g (8,77 euros/kg);3,508;584
Filete Entrecot de Vaca, Nacional y especialmente tierna 700g (14,39 euros/kg);10,073;1676
Filete Espaldilla Vaca Label, 500g (7,48 euros/kg);3,74;622
Filete Redondo Vaca Label, Nacional y especialmente tierna 400g (8,77 euros/kg);3,508;584
Filete Solomillo de Vaca, Nacional y especialmente tierna 500g (21,61 euros/kg);10,805;1798
Zancarrón de Vaca Label, Nacional y especialmente tierna 500g (5,38 euros/kg);2,69;448
Cabezada de cerdo Consumer NATUR, con hueso, bandeja 500g (4,95 euros/kg);2,475;412
Cabezada de cerdo Consumer NATUR, sin hueso, bandeja 400g (5,25 euros/kg);2,1;349
Carne picada de cerdo MAYTE, bandeja 400g (6,4 euros/kg);2,56;426
Costilla de Cerdo Consumer NATUR, en tiras, bandeja 600g (4,5 euros/kg);2,7;449
Jamón de Cerdo Consumer NATUR, grande, en filetes, bandeja 400g (5,4 euros/kg);2,16;359
Lomo de Cerdo Consumer NATUR, mediano, bandeja 500g (7,5 euros/kg);3,75;624
Panceta de Cerdo Consumer NATUR, grande, bandeja 500g (4,4 euros/kg);2,2;366
Chuletillas de cordero NATUR, nacional, bandeja 500g (13,19 euros/kg);6,595;1097
Cordero Consumer NATUR, delantero,por cuartos,Nacional,bandeja 2,50kg (8,86 euros/kg);22,15;3685
Cordero de Leche, delantero, por cuartos, bandeja 1,50kg (11,41 euros/kg);17,115;2848
Cordero de leche, trasero, por cuartos, Nacional 1,50kg (11,41 euros/kg);17,115;2848
Paletilla de Cordero Consumer NATUR, 1,00kg (9,58 euros/kg);9,58;1594
Pierna Chuleteada de Cordero Consumer NATUR, 1,00kg (9,58 euros/kg);9,58;1594
Pierna de Cordero Consumer NATUR, 1,50kg (9,58 euros/kg);14,37;2391
1/4 Trasero de Cordero Consumer NATUR, caja 2,50kg (8,86 euros/kg);22,15;3685
Bistec de Avestruz, 500g (18 euros/kg);9;1497
Capón Gallego, Limpio y Envasado 3,50kg (7,2 euros/kg);25,2;4193
Conejo entero COROK, bandeja, aprox 1,20kg (5,4 euros/kg);6,48;1078
Conejo troceado COROK, bandeja, aprox 1,20kg (6 euros/kg);7,2;1198
Estofado de Pavo COROK, 300g (4,8 euros/kg);1,44;240
Faisan Sin Pluma, bandeja 1 unid.;10,8;1797
Jamoncitos de Pavo COROK, 600g (3 euros/kg);1,8;299
Jamoncitos de Pollo de Corral Consumer NATUR 500g (5,58 euros/kg);2,79;464
Pavita Limpia 2,50kg (3,3 euros/kg);8,25;1373
Pechuga de Pavo COROK, fileteada, 200g (6,9 euros/kg);1,38;230
Perdiz Sin Pluma, bandeja 1 unid.;6,6;1098
Pintada Limpia 1,40kg (5,7 euros/kg);7,98;1328
Pollo de Corral al Ajillo Consumer NATUR 400g (4,98 euros/kg);1,992;331
Pollo de Corral Consumer NATUR, limpio, crianza al aire libre 1,50kg (3,94 euros/kg);5,91;983
Pollo Limpio Consumer NATUR, alimentación 100% vegetal 1,60kg (2,88 euros/kg);4,608;767
Pularda, Limpia y Envasada 2,00kg (6 euros/kg);12;1997
Roti de Pavo, bandeja;5,1;849
Roti de Pollo COREN, pack 1 unid.;5,1;849
2 Muslos de Pollo Consumer NATUR, 700g (3,42 euros/kg);2,394;398
4 Pechugas Fileteadas Consumer NATUR, 500g (8,23 euros/kg);4,115;685
6 Alas de Pollo Consumer NATUR, 450g (4,56 euros/kg);2,052;341
Brocheta de Cerdo Adobada LANGU, bandeja;3,25;541
Callos Preparados ROGUSA, pack 500g;3;499
Carne Picada de Ternera LANGU, bandeja;3;499
Carne Picada de Vaca MAYTE, bandeja 400g (6,3 euros/kg);2,52;419
Escalope a la Milanesa LANGU, 400g (6,6 euros/kg);2,64;439
Hamburguesa de Cerdo LANGU, 4 unid., bandeja;1,3;216
Hamburguesa de Pollo COROK, 4 unid.;2,7;449
Hamburguesa de Ternera LANGU, bandeja;2,1;349
Hamburguesa Mixta LANGU, bandeja;1,99;331
Libritos LANGU, 400g (7,8 euros/kg);3,12;519
Morcilla de Verdura ARCENIEGA, 350g (4,18 euros/kg);1,463;243
Morcilla de Verdura RIOS, 300g (3,84 euros/kg);1,152;192
Pinchitos LANGU, bandeja;2,3;383
Relleno de Ternera ROLER 1,00kg (8,3 euros/kg);8,3;1381
Salchicha LANGU, fresquisima, bandeja 500g (5,4 euros/kg);2,7;449
Salchicha LANGU, sin colorante, bandeja 450g (6,4 euros/kg);2,88;479
Salchichas ROLER, de pollo, pack 10 unid., 1kg 450g (7,5 euros/kg);3,375;562
San Jacobo ATUTXA, 4 unid., 600g (4,99 euros/kg);2,994;498
Bacón de Pavo SERRANO, 175g;1,37;228
Cabeza de Jabali Extra VICENTE LËPEZ, 150g;1,39;231
Chicharrón Ibérico VICENTE LËPEZ, con pistachos, 150g;1,5;250
Chopped Beef CAMPOFRÍO, 200g;1,28;213
Chopped Beef CONSUMER, pack 200g;1,01;168
Chopped de Pavo CAMPOFRÍO, 200g;1,57;261
Chopped de Pavo CONSUMER, pack 200g;1,14;190
Chopped de Verduras EL POZO, 200g;1,28;213
Chopped Pavofrío CAMPOFRÍO, mini 440g;2,1;349
Chopped Pork CONSUMER, mini, 400g;1,19;198
Chopped Pork CONSUMER, pack 200g;1,01;168
Fiambre Luxe con Pistachos ARGAL, 200g;1,72;286
Jamón Cocido Artesano de Primera MARTIS, 200g;1,24;206
Jamón Cocido CONSUMER, en lonchas, sobre 200g;1,37;228
Jamón Cocido CUMBRE FRÍA, 300g;3,09;514
Jamón Cocido Extra Consumer Maestro, sobre 300g (7,17 euros/kg);2,151;358
Jamón Cocido Extra LIBRA, 200g;1,92;319
Jamón Cocido MONELLS K-1, sobre 200g;1,51;251
Jamón de Pavo CAMPOFRÍO, mini 440g;2,44;406
Lomo Sajonia VICENTE LËPEZ, 150g;1,63;271
Lunch Salami, 200g;1,19;198
Mortadela con Aceitunas CONSUMER, pack 200g;1,01;168
Mortadela CONSUMER, con aceitunas, mini 400g;1,04;173
Mortadela CONSUMER, mini, 400g;1,04;173
Mortadela CONSUMER, pack 200g;1,01;168
Mortadela EL POZO, mini, 400g;1,34;223
Paleta Cocida de Primera CONSUMER, pack 200g;1,24;206
Paleta de Primera para Sandwich CONSUMER, pack 200g;1,21;201
Pechuga de Pavo CAMPOFRÍO, 440g;2,82;469
Pechuga de Pavo MONELLS, 200g;1,92;319
Bacón Ahumado CONSUMER, pack 200g;1,53;255
Bacón Ahumado MAYTE, 200g;1,53;255
Cecina PAJARIEL, 125g;3,78;629
Centro de Jamón TREVELLEZ, 175g;3,61;601
Chistorra ARBIZU, al vacio, 250g;1,46;243
Chorizo Barbacoa OROZKO, 250g;1,42;236
Chorizo Barbacoa REVILLA, 265g;2,34;389
Chorizo Cantimpalo ACUEDUCTO, 400g;2,9;483
Chorizo Casero Asturiano FAMILA, en malla, 500g;5,37;893
Chorizo Casero BORDON, 340g;3,74;622
Chorizo Casero con pimientos OROZKO, 300g;2,81;468
Chorizo Casero Extra PALACIOS, 280g;2,65;441
Chorizo Casero ILLERA, 200g;1,25;208
Chorizo Casero OROZKO, sarta 300g;2,54;423
Chorizo de Pamplona y Salchichón CONSUMER, pack 200g;1,57;261
Chorizo de Primera PALACIOS, 280g;2,11;351
Chorizo Dulce Extra CONSUMER, sarta 280g;2,3;383
Chorizo Dulce SASA, sarta 275g;2,42;403
Chorizo Fresco Dulce PALACIOS, 300g;2,21;368
Chorizo Oreado PALACIOS, 250g;1,97;328
Chorizo Pamplona PAMPLONICA, 175g;1,45;241
Chorizo Picante Extra CONSUMER, sarta 280g;2,3;383
Chorizo Picante Extra PALACIOS, 280g;2,65;441
Chorizo Picante SASA, sarta 275g;2,42;403
Chorizo Pimienta MONT PALAU, 150g;1,57;261
Chorizo Vela Dulce Extra CONSUMER, pack 200g;1,07;178
Chorizo Vela Picante Extra CONSUMER, pack 200g;1,07;178
Chorizo Vela Salamanca IGLESIAS, 400g;2,85;474
Chorizo Vela Selecto REVILLA, 450g;3,37;561
Chorizo Vela y Pamplona CONSUMER, pack 200g;1,57;261
Chorizo Vela y Salchichón CONSUMER, pack 200g;1,57;261
Fuet Atesano ARGAL, 180g;1,57;261
Fuet CASA TARRADELLAS, 180g x 2 unid.;3,28;546
Fuet Casero EL POZO, 170g;1,5;250
Fuet Espetec MONT PALAU, 180g;1,48;246
Fuet Extra CASADEMONT, 175g;1,55;258
Fuet San Geronimo CASADEMONT, 175g;0,92;153
Jamón Curado EL POZO, 200g;3,58;596
Jamón Curado Jess ARGAL, 175g;3,01;501
Lomo Embuchado CONSUMER, pack 150g;2,92;486
Longaniza Imperial EL POZO, 250g;1,93;321
Salami Extra CONSUMER, pack 200g;1,43;238
Salchichón Casero de montaña CASADEMONT, 250g;2;333
Salchichón Casero ESPUÐA, 350g;2,71;451
Salchichón Grueso CONSUMER, pack 175g;1,63;271
Salchichón III Goikoa, 175g;1,13;188
Salchichón Kicon ESPUÐA, 250g;2;333
Salchichón Montañes EL POZO, 300g;2,38;396
Salchichón Nobleza EL POZO, 200g;2;333
Salchichón Pimienta MONT PALAU, 150g;1,57;261
Salchichón Tradicional ESPUÐA, 300g;2,69;448
Salchichón Vela IGLESIAS, 400g;3,03;504
Chorizo Ibérico Extra IGLESIAS, en lonchas, sobre 150g;2,26;376
Jamón Ibérico de Bellota MATORRAL, en lonchas, 100g (57,05 euros/kg);5,705;949
Jamón Ibérico de Bellota MATORRAL, pack 100g;7,9;1314
Jamón Ibérico IGLESIAS, pack 100g;6,1;1015
Jamón y Lomo Ibérico IGLESIAS, pack 250g;12,42;2067
Lomo Ibérico de Bellota MATORRAL, pack 125g;7,42;1235
Lomo Ibérico Embuchado IGLESIAS, en lonchas, sobre 100g;4,8;799
Paleta Ibérica de Bellota MATORRAL, pack 125g;6,68;1111
Paleta y Lomo Ibérico de Bellota MATORRAL, pack 125g;7,74;1288
Panceta Ibérica ARROYO, sobre;0,72;120
Salchichón Ibérico IGLESIAS, en lonchas, sobre 150g;2,05;341
Surtido Paleta, Lomo, Salchichón y Chorizo Ibérico IGLESIAS,250g;8,94;1487
Bloc de Foie Gras de Oca DELICASS, pack 80g, 2 unid.;5,15;857
Bloc de Foie Gras de Pato DELICASS, pack 80g, 2 unid.;4,78;795
Bloc Foie Gras de Pato DELICASS, con trozos, pack 80g;5,78;962
Dúo Block Pato MARTIKO, pack 40g, 2 unid.;4,36;725
Foie Gras Entier MARTIKO, tarro 130g;11,83;1968
Foie Gras Micuit DELICASS, 80g;7,35;1223
Manteca CAMPOFRÍO, bolsa 400g;1,24;206
Micuit MARTIKO, Medallón, pack 90g;7,26;1208
Mousse Canard CAPDEVILA, pack 75g;1,45;241
Mousse Canard CAPDEVILA, tarrina 250g;3,4;566
Mousse Canard PERIGOUDIN, pack 100g;2,16;359
Mousse de Canard con Pimienta, 75g;1,45;241
Mousse de hígado de oca CONSUMER, pack 96g;1,01;168
Mousse de Pato a la Naranja CONSUMER, pack 125g;1,92;319
Paté Canard CAPDEVILA, pack 75g;0,98;163
Paté CAPDEVILA, a las finas hierbas, pack 75g;0,98;163
Paté Pimienta CAPDEVILA, pack 75g;0,98;163
Sobrasada EL POZO, tarrina 200g;0,96;160
Surtido de Patés CAPDEVILA, tarro 75g, pack 4 unid.;3,13;521
Tabla de 4 Patés LA CUINA, pack 80g, 4 unid.;2,39;398
Mousse de Hígado de Oca MARTIKO, frasco 110g;1,51;251
Mousse de Hígado de Pato MARTIKO, frasco 110g;1,51;251
Mousse de Oca MARTIKO, tarro 190g;2,93;488
Paté a las Finas Hierbas TARRADELLAS, frasco 125g;0,7;116
Paté Canard de Pato MARTIKO, tarro 190g;1,89;314
Paté de Campaña CASA TARRADELLAS, frasco 125g;0,7;116
Paté de Foie-Gras CASA TARRADELLAS, frasco 125g;0,7;116
Paté de Jamón CASA TARRADELLAS, frasco 125g;0,7;116
Paté de Pato de la Bretaña LA PIARA, Sabores ?nicos, tarro 100g;1,04;173
Paté de Pato MARTIKO, con Pimienta, tarro 110g;1,07;178
Paté de Pimienta Negra CASA TARRADELLAS, frasco 125g;0,7;116
Paté Roquefort CASA TARRADELLAS, frasco 125g;0,7;116
Patés CASA TARRADELLAS, 3 Variedades, pack 125g, 3 unid.;2,21;368
Crema de Foie al Oporto CONSUMER, pack 125g;1,07;178
Crema de Foie Oporto CONSUMER, pack 150g;1,14;190
Paté a la Pimienta Verde CONSUMER, pack 125g;1,07;178
Paté a la Pimienta Verde CONSUMER, pack 150g;1,14;190
Paté a las Finas Hierbas CONSUMER, pack 125g;1,07;178
Paté a las Finas Hierbas CONSUMER, pack 150g;1,14;190
Paté con Tapa CONSUMER, lata 200g;0,44;73
Paté de Canard CONSUMER, pack 125g;1,07;178
Paté de Canard CONSUMER, pack 150g;1,14;190
Paté de Cerdo LA PIARA, lata 83g;0,87;145
Paté de Champiñones CONSUMER, pack 150g;1,14;190
Paté de Hígado de Cerdo APIS, pack 80g, 3 unid.;1,08;180
Paté de Hígado de Cerdo LA PIARA, lata 190g;1,77;295
Paté de Hígado de Cerdo LA PIARA, pack 80g, 3 unid.;1,88;313
Paté de Hígado de Cerdo LA PIARA, 2 unid., pack 118g;1,92;319
Paté LA PIARA, Bajo en Calorías, 50% menos de grasa,  lata 83g;1,05;175
Paté Tapa  APIS, lata 200g;0,73;121
Bloque de Hígado de Oca MARTIKO, lata 130g;7,26;1208
Bloque de Hígado de Pato MARTIKO, lata 130g;6,18;1028
Mousse Canard PERIGOUDIN, pack 100g;2,16;359
Mousse de Ave ZUBIA, lata 130g;0,98;163
Mousse de hígado de oca CONSUMER, pack 96g;1,01;168
Mousse de Pato a la Naranja CONSUMER, pack 125g;1,92;319
Paté de Ave ZUBIA, lata 130g;0,98;163
Paté de Cerdo Campaña ZUBIA, lata 130g;0,89;148
Paté de Foie ZUBIA, lata 130g;0,98;163
Paté de Jamón LA PIARA, lata 85g;1,04;173
Paté de Pollo LA PIARA, lata 85g;1,04;173
Paté Picante LA PIARA, lata 85g;1,04;173
Paté Sobrasada LA PIARA, lata 85g;1,04;173
Mousse de Salmón MARTIKO, 96g;0,89;148
Paté de Anchoa LA PIARA, pack 85g, 2 unid.;2;333
Paté de Atún CASA TARRADELLAS, tarro 125g;0,79;131
Paté de Atún en Aceite LA PIARA, pack 85g, 2 unid.;2;333
Paté de Atún en Escabeche LA PIARA, pack 85g, 2 unid.;2;333
Paté de Salmón LA PIARA, pack 85g, 2 unid.;2;333
Bacón CASA TARRADELLAS, en cintas, sobre 150g;1,52;253
Bacón OSCAR MAYER, sobre 200g;1,55;258
Chorizo Ibérico en Lonchas NAVIDUL, sobre 100g;2,49;414
Chorizo Ibérico IGLESIAS, en lonchas, 90g;2,39;398
Jamón Cocido CASA TARRADELLAS, sobre 150g;1,84;306
Jamón Curado Fino ESPUNA, pack 120g;2,72;453
Jamón de Pato MARTIKO, en lonchas, sobre 50g;2,76;459
Jamón de Pato MARTIKO, en lonchas, 100g;4,48;745
Jamón Ibérico IGLESIAS, en lonchas, 90g;4,45;740
Lomo Ibérico en Lonchas NAVIDUL, sobre 100g;5,51;917
Lomo Ibérico IGLESIAS, en lonchas, 90g;6,12;1018
Lunchable de Jamón Cocido OSCAR MAYER, sobre 110g;1,4;233
Paleta Ibérica IGLESIAS, en lonchas, 90g;3,99;664
Salchichón Ibérico IGLESIAS, en lonchas, 90g;2,39;398
Surtido de Ibéricos Chorizo,Lomo y Salchichón NAVIDUL,pack 150g;5,25;874
Taquitos de Jamón NAVIDUL, 150g;2,51;418
Salchicha ACUEDUCTO, Gran Snackis, sobre 225g.;1,08;180
Salchicha CAMPOFRÍO, Frankfurt, sobre 160g;0,42;70
Salchicha CAMPOFRÍO, Viena, sobre 200g;0,92;153
Salchicha CONSUMER, Frankfurt, sobre 160g;0,31;52
Salchicha OSCAR MAYER, Wiener, sobre 225g;0,94;156
Salchichas ACUEDUCTO, Snackis, sobre 165g;0,63;105
Capricho de Queso y Bacón MORTE, pack 160g;3,51;584
Capricho MORTE, dátiles con bacón, 180g;3,51;584
Salchicha ACUEDUCTO, Snackis con Queso, sobre 165g;0,79;131
Salchicha Bavara con Bacón MORTE, pack 160g;3,16;526
Salchicha CAMPOFRÍO, Baviera, sobre 260g;1,87;311
Salchicha CAMPOFRÍO, Parmesana, sobre 200g;0,92;153
Salchicha CAMPOFRÍO Sanissimo, Wiener, sobre 200g;1,22;203
Salchicha MORTE, Cocktail con bacón, sobre 160g;3,16;526
Salchicha OSCAR MAYER, de pollo, sobre 225g;1,04;173
Salchicha WUDY, de pollo, sobre 250g;1,09;181
Salchicha WUDY, pollo y queso, sobre 150g;0,78;130
Salchichas CAMPOFRÍO, Pavofrío, sobre 200g;1,16;193
Salchicha CAMPOFRÍO, Bratwurst, pack 3 unid.;1,87;311
Salchicha con Jamón CONSUMER, pack 200g;0,49;82
Salchicha OSCAR MAYER, Bratwurst, sobre 350g;1,97;328
Salchichas OSCAR MAYER, jumbo, sobre 350g;1,52;253
Bacalao, 1,20kg (8,23 euros/kg);9,876;1643
Besugo, 1,10kg (33,09 euros/kg);36,399;6056
Brecas, 1,00kg (20,22 euros/kg);20,22;3364
Cabra de Roca 500g (11,48 euros/kg);5,74;955
Dorada de Ración, aprox. 500g (6,31 euros/kg);3,155;525
Dorada Salvaje, 1,50kg (19,95 euros/kg);29,925;4979
Filete de Halibut, 500g (10,16 euros/kg);5,08;845
Filetes de Bacalao Desalado, 350g (9,55 euros/kg);3,343;556
Gallo de Ración, 700g (12,08 euros/kg);8,456;1407
Huesos de Rape 500g (6 euros/kg);3;499
Lenguado, 500g (21,06 euros/kg);10,53;1752
Lenguado, 300g (12,44 euros/kg);3,732;621
Lomos de Merluza del Cantábrico, 1,25kg (18,24 euros/kg);22,8;3794
Lomos de Merluza, pescada mediante arrastre, 1,50kg (9,04 euros/kg);13,56;2256
Lubina de Cultivo, 1,10kg (12,26 euros/kg);13,486;2244
Lubina de Cultivo Nacional, aprox. 500g (8,02 euros/kg);4,01;667
Lubina de Ración, 500g (8,02 euros/kg);4,01;667
Lubina Salvaje, 1,00kg (29,63 euros/kg);29,63;4930
Merluza Chilena en lomos 1,75kg (9,1 euros/kg);15,925;2650
Merluza de Anzuelo del Cantábrico, 1,25kg (19,29 euros/kg);24,113;4012
Pescadilla Fina de Importación, 500g (4,36 euros/kg);2,18;363
Rape de Ración, 650g (10,4 euros/kg);6,76;1125
Rodaballo Salvaje, 1,00kg (14,57 euros/kg);14,57;2424
Filete de Trucha Asalmonada, 500g (7,33 euros/kg);3,665;610
Filetes de Perca, 500g (9,97 euros/kg);4,985;829
Reyes, 1,20kg (39,71 euros/kg);47,652;7929
Rodajas de Salmón, 500g (7,63 euros/kg);3,815;635
Trucha, ración, 500g (4,54 euros/kg);2,27;378
Anillas de Calamar, 500g (5,4 euros/kg);2,7;449
Chipirón Limpio, 500g (9,4 euros/kg);4,7;782
TINTAS DE CALAMAR SOBRES       1.0 U;3,6;599
Bacalao de Islandia SUPERMAR, 1,00kg (10,67 euros/kg);10,67;1775
Bacalao Desmigado COFRUIT, 200g;2,83;471
Bacalao Desmigado SUPERMAR, 150g;2,17;361
Bacalao Desmigado SUPERMAR, 400g;5,65;940
Bacalao SUPERMAR, en lomos,;7,64;1271
Kokotxas de Bacalao SUPERMAR, 250g;5,83;970
Medallón de Bacalao SUPERMAR, 250g;4,3;715
Anchoa del Cantábrico en aceite vegetal CONSUMER, lata 29g;0,89;148
Anchoa en Aceite de Oliva MIAU, lata 29g;1,94;323
Anchoa en Aceite de Oliva MIAU, lata 29g, pack 3 unid.;4,46;742
Anchoa en Aceite de Oliva ORTIZ, a la Antigua, tarro 55g;4,59;764
Anchoa en Aceite de Oliva ORTIZ, tarro 55g;4,48;745
Anchoa en Aceite LA CASTREÐA, lata 29g;1,64;273
Anchoa en Aceite LA CASTREÐA, lata 50g;3,68;612
Anchoa en Aceite LA CASTREÐA, tarro 125g;9,31;1549
Anchoa en Aceite LA CASTREÐA, tarro 65g;5,24;872
Anchoa en Aceite MUTRIKUARRA, tarro 100g;4,23;704
Anchoa en Aceite MUTRIKUARRA, tarro 60g;2,46;409
Anchoa en Aceite SILVIA, 26g;0,85;141
Anchoa en Aceite Vegetal MARIÐEIRA, lata 29g;0,49;82
Anchoas en Aceite de Oliva ORTIZ, lata 29g;2,14;356
Boquerón NASSARI, al Ajillo, 45g;1,38;230
Anchoa Ahumada MARTIKO, sobre 100g;3,83;637
Atún Ahumado MARTIKO, sobre 100g;3,81;634
Bacalao Ahumado MARTIKO, sobre 100g;3,85;641
Huevas de Arenque AVRUGA, tarro 55g;2,38;396
Huevas de Lumpo Negro APPEL, tarro 50g;1,66;276
HUEVAS Islas Negras ROYAL, tarro 100g;2,88;479
Huevas Islas Rojas ROYAL, tarro 100g;2,88;479
Huevas Mujjol EUROCAVIAR, 55g;2,25;374
Huevas Mujjo`l Shikra`n EUROCAVIAR, pack 3 unid., 28g;4,17;694
Huevas Mujjo`l Shikra`n EUROCAVIAR, tarro 120g;3,45;574
Pez Espada Ahumado MARTIKO, sobre 100g;3,95;657
Plancha de Salmón MARTIKO, sobre 700g;14,08;2343
Salmón Ahumado IRATI, sobre 100g;2,26;376
Salmón Ahumado MARTIKO, escocés, sobre 80g;3,2;532
Salmón Ahumado MARTIKO, 100g;2,9;483
Salmón Ahumado MARTIKO, 250g;5,95;990
Salmón Ahumado ROYAL, sobre 100g;3,85;641
Salmón Marinado MARTIKO, sobre 100g;2,9;483
Surtido de Ahumados ROYAL, sobre 150g;7,38;1228
Trucha Ahumada MARTIKO, sobre 100g;2,15;358
Angulas Frescas 250g (312,53 euros/kg);78,133;13000
Bacalao desalado en trozos GIRALDO, 450g (17,97 euros/kg);8,087;1346
Barritas de Surimi KRISSIA, 300g;3,96;659
Colas de Surimi KRISSIA, 150g;2,64;439
Gula fresca con gambas de ANGULAS AGUINAGA, 125g;4,11;684
Gula fresca de ANGULAS AGUINAGA, 200g;5,86;975
Merluza en salsa COCINA AGUINAGA, 225g;3,57;594
Rallado de Surimi KRISSIA, 150g;2,34;389
Salmón en salsa COCINA AGUINAGA, 225g;3,57;594
Almeja de cultivo, entre 80 y 90 piezas 1,00kg (12,41 euros/kg);12,41;2065
Almeja Fina Cuchillo, 35/45 500g (41,86 euros/kg);20,93;3482
Buey Cocido, 1 unidad;11,33;1885
Carabineros (8-10) 500g (40 euros/kg);20;3328
Centollo  Cocido, 500g (8,86 euros/kg);4,43;737
Cigala N?0, 6/7 piezas 1,00kg (42,57 euros/kg);42,57;7083
Cigala N?1, 8/10 piezas 500g (37,26 euros/kg);18,63;3100
Gamba Arrocera, 250g (12,74 euros/kg);3,185;530
Gambas Plancha, entre 95 y 110 piezas 250g (20,28 euros/kg);5,07;844
Langostino Blanco 250g (26,8 euros/kg);6,7;1115
Langostino cocido, 500g (9,1 euros/kg);4,55;757
Langostino Rayado Mediano, 60/65 piezas 500g (30,85 euros/kg);15,425;2567
Langostino Salvaje, 20/30 piezas 500g (24,85 euros/kg);12,425;2067
Nécora Viva 500g (18,24 euros/kg);9,12;1517
Percebes Extra 250g (62,08 euros/kg);15,52;2582
Quisquilla Cocida, 250g (31,28 euros/kg);7,82;1301
Huevo Fresco CONSUMER, Mediano, 1 docena;1,17;195
Huevo Fresco CONSUMER, Mediano, 1/2 docena;0,65;108
Huevo Fresco CONSUMER, Pequeño, 1 docena;0,88;146
Huevo Rojo COROK, Mediano, 1  docena;0,84;140
Huevos Biactive CONSUMER,Enriquecido Omega 3,Mediano,1/2 docena;0,77;128
Huevos Campero CONSUMER,Dieta 65% Cereal,Mediano,1/2 docena;0,95;158
Huevo Fresco CONSUMER, Grande, 1/2 docena;0,7;116
Huevo Fresco CONSUMER, Super Grande, 10 unidades;1,39;231
Huevo Rojo COROK, Grande, 1 docena;1,15;191
Baguetina BERLYS, barra 95g;0,41;68
Baguetina Integral BERLYS, barra 95g;0,41;68
Baguette BERLYS, barra 200g;0,66;110
Baguette Chapata OKIN, barra 200g;0,81;135
Baguette Integral BERLYS, Sin Sal, barra 200g;0,66;110
Baguette Suprema FRIDA, barra 210g;0,66;110
Barra Común ARRIAUNDI, Ultra Grande, 300g;0,63;105
Barra Común ARRIAUNDI, Ultra, 195g;0,45;75
Barra de Leña ARRIAUNDI;0,57;95
Barra Gallega BERLYS, aprox. 250g, 1 unid.;0,77;128
Barra grande BERLYS, barra 300g;0,48;80
Barra Integral ARRIAUNDI, Sin Sal;0,41;68
Chapata ARRIAUNDI, Grande;0,87;145
Chapata ARRIAUNDI, Pequeña;0,47;78
Pan Blanco ARRIAUNDI, Colones;0,65;108
Pan Casero ARRIAUNDI, Grande;1,53;255
Pan Casero ARRIAUNDI, Pequeño;0,99;165
Pan Colon CANDEAL 300/ARRI-457 1.0 u;0,63;105
Pan de Espigas ARRIAUNDI, Grande, 300g;0,75;125
Pan de Espigas ARRIAUNDI, Pequeño, 195g;0,51;85
Pan de Molde ARRIAUNDI, Mediano, bolsa 500g;1,18;196
Pan de Molde ARRIAUNDI, Super Grande, bolsa 900g;1,44;240
Pan de Molde Mini ARRIAUNDI, con Fibra, bolsa 295g;1,11;185
Pan de 6 Cereales FRIDA, barra 220g;0,99;165
Pan Gallego ARRIAUNDI, Redondo, Pequeño;0,75;125
Pan Integral con sal ARRIAUNDI, barra 200g;0,58;97
Pan Libretas ARRIAUNDI;0,65;108
Panecillos BERLYS, 95g, bandeja 2 unid.;0,3;50
Pulgas BERLYS, bolsa 10 unid.;1,05;175
Berlina Cubierta de Chocolate FRIPAN, bandeja 4 unid.;1,74;290
Berlina Natural FRIPAN, bandeja 4 unid.;1,65;275
Berlina Natural FRIPAN, bandeja 6 unid.;2,46;409
Besitos de Coco GËMEZ GARCÍA, bolsa 400g;1,95;324
Bollos de Leche ARRIAUNDI, bandeja 4 unid.;2,04;339
Bollos de Mantequilla ARRIAUNDI, bandeja 3 unid.;2,16;359
Bomba Cubierta de Chocolate ARRIAUNDI, bandeja 4 unid.;2,37;394
Croissants Artesanos FRIDA, bandeja 4 unid.;1,62;270
Croissants con Mantequilla CERCADILLO, bolsa 8 unid.;2,28;379
Croissants Rectos Frida, familiar, bandeja 4 unid.;1,41;235
Croissants rectos FRIDA, 87,5g, bandeja 2 unid.;0,66;110
Croissants Rellenos de Nata CERCADILLO, bandeja 2 unid.;2,1;349
Croissants Rellenos de Trufa CERCADILLO, bandeja 2 unid.;2,1;349
Cuernos Rellenos de Chocolate FRIDA, bandeja 3 unid.;2,1;349
Desayuno Familiar,2 Donuts/2 Croissants/2 Mallas,bandeja 6 unid.;2,2;366
Ensaimadas Rellenas de Crema FRIDA, bandeja 2 unid.;2,1;349
Ensaimadas Rellenas de Nata FRIDA, bandeja 2 unid.;2,1;349
Flauta de Chocolate FRIDA, bandeja 5 unid.;1,11;185
Flautas Rellenas de Chocolate FRIDA, bandeja 5 unid.;2,1;349
Magdalenas Caseras GËMEZ GARCÍA, bolsa 12 unid.;2,1;349
Magdalenas Integrales, bolsa 9 unid.;2,1;349
Mallas con Chocolate y Avellana FRIDA, bandeja 6 unid.;2,1;349
Mantecadas Caseras GËMEZ GARCÍA, bandeja 480g;1,98;329
Mini Bollos Suizos, pack 10 unid.;1,77;295
Mini Caracolas con Pasas y Cerezas BERLYS, bandeja 8 unid.;2,1;349
Mini Croissants CERCADILLO, bolsa 12 unid.;2,28;379
Mini Croissants de mantequilla FRIDA, bolsa 12 unid.;1,38;230
Mini Croissants Integrales CERCADILLO, bolsa 12 unid.;2,28;379
Mini Delicias Rellenas de Chocolate FRIDA, bandeja 14 unid.;2,1;349
Mini Ensaimadas Rellenas Cabello de ?ngel FRIDA, bandeja 8 unid.;2,4;399
Mini Napolitanas rellenas de crema FRIDA, bandeja 14 unid.;2,1;349
Napolitanas Rellenas de Chocolate FRIDA, bandeja 3 unid.;2,1;349
Palmeras Cubiertas de Chocolate BERLYS, bandeja 3 unid.;2,22;369
Palmeras Cubiertas de Coco BERLYS, bandeja 3 unid.;2,22;369
Palmeritas bañadas en chocolate BERLYS, bandeja 18 unid.;2,1;349
Palmeritas Surtidas BERLYS, bandeja 18 unid.;2,22;369
Pasteles de Arroz ARRIAUNDI, bandeja 4 unid.;2,52;419
Pasteles de Manzana ARRIAUNDI, bandeja 4 unid.;2,52;419
Postre de Manzana BERLYS, Crema Pastelera, bandeja 2 unid.;1,77;295
Postre Goshua, Bizcocho con Nata, bandeja 1 unid.;1,47;245
Rosquillas Fritas Caseras GËMEZ GARCÍA, bolsa 400g;2,01;334
Albóndigas en Salsa MULTIFOOD pack 300g;1,79;298
Bacalao a la Vizcaina MULTIFOOD, pack 300g;4,6;765
Chipirones en su Tinta MULTIFOOD, pack 300g;3,98;662
Contramuslos de Pollo MULTIFOOD, pack 300g;1,79;298
Espaguetis Boloñesa MULTIFOOD, pack 300g;2,1;349
Espaguetis Carbonara MULTIFOOD, pack 300g;1,77;295
Espinacas a la Crema MULTIFOOD, pack 300g;2,1;349
Fideua Marinera MULTIFOOD, pack 300g;2,37;394
Paella Marinera MULTIFOOD, pack 300g;1,79;298
Paella Mixta MULTIFOOD, pack 300g;2,1;349
Pimientos de Bacalao HARAKINTZA, bandeja 400g;5,81;967
Pimientos Rellenos Bacalao MULTIFOOD, pack 300g;3,35;557
Redondo de Ternera MULTIFOOD, pack 300g;4,19;697
Maíz Dulce en Grano HUERCASA, pack 500g;0,99;165
Mazorca de Maíz Dulce HUERCASA, pack 400g, 2 unid.;1,08;180
Patatas Cocidas y Peladas HUERCASA, pack 450g;1,32;220
Remolacha Cocida y Pelada HUERCASA, pack 450g;0,59;98
Agujas de Atún MIZANOR, 240g;2,51;418
Empanada de Atún PASCOMPAN, 19x29cm, 1 unidad, 700g;4,5;749
Empanada de Bacalao PASCOMPAN, 19x29cm, 1 unidad, 700g;4,5;749
Empanada de Carne PASCOMPAN, 19x29cm, 1 unidad, 700g;4,5;749
Empanadilla MIZANOR, Atún, 200g;1,62;270
Empanadilla MIZANOR, Jamón y Queso, 200g;1,62;270
Hojaldre de Jamón y Queso LA COCINERA, pack 450g;4,08;679
Hojaldre de Puerros LA COCINERA, pack 450g;4,08;679
Pizza CASA TARRADELLAS, Atun y Bacón, Fresca, 420g;2,38;396
Pizza CASA TARRADELLAS, Boloñesa, Fresca, 425g;2,38;396
Pizza CASA TARRADELLAS, Carbonara, Fresca, 425g;2,38;396
Pizza CASA TARRADELLAS, con Jamón, Fresca, 420g;2,38;396
Pizza CASA TARRADELLAS, Margarita, Fresca, 330g;2,03;338
Pizza CASA TARRADELLAS, Mediterránea, Fresca, 450g;2,38;396
Pizza CASA TARRADELLAS, Pepperoni, Fresca, 435g;2,38;396
Pizza CASA TARRADELLAS, Romana, Fresca, 420g;2,38;396
Pizza CASA TARRADELLAS, 4 Quesos, Fresca, 400g;2,38;396
Pizza CONSUMER, Atún y Bacón, Fresca, 450g;1,83;304
Pizza CONSUMER, Jamón y Queso, Fresca, 400g;1,83;304
Pizza CONSUMER, 4 Quesos, Fresca, 400g;1,83;304
Pizza PALACIOS, Atún y Bacón, Fresca, 450g;2,37;394
Pizza PALACIOS, De Chorizo, Fresca, 435g;2,37;394
Pizza PALACIOS, Jamón y Bacón, Fresca, 450g;2,37;394
Pizza PALACIOS, 4 Quesos, Fresca, 425g;2,37;394
Pizza SODEBO, Jamón y Champiñones, Fresca, 140g, 2 unid.;2,17;361
Pizza SODEBO, Jamón y Queso, Fresca, 300g;2,17;361
Acelga CONSUMER, bolsa 300g;1,27;211
Apio y Zanahoria CONSUMER,Rallado, bolsa 150g;0,92;153
Canónigo VEGA MAYOR, bolsa 125g;1,95;324
Ensal. Winter L CONSUMER,Lechuga/Escar/Radiccio/Zanah/Apio, 200g;1,46;243
Ensalada de Cangrejo AMADO, envase 150g;3,2;532
Ensalada de Cangrejo MULTIFOOD, envase 250g;2,37;394
Ensalada de Pasta MULTIFOOD, pack 250g;1,77;295
Ensalada MC. SALAD, Pollo, tarrina 240g;2,97;494
Ensalada Rusa MULTIFOOD, pack 250g;1,5;250
Ensalada Tricolore CONSUMER, Lechuga/Lollo R/Zanahoria,200g;1,46;243
Ensalada VEGA MAYOR, bolsa 200g;1,34;223
Ensalada VEGA MAYOR, Gourmet, bolsa 175g;1,9;316
Ensalada VEGA MAYOR, Valenciana, tarrina 180g;1,74;290
Ensalada VEGA MAYOR, 4 Estaciones, bolsa 250g;0,95;158
Ensaladilla GASTRO-LUNCH, con txaka, tarrina 180g;1,72;286
Ensaladilla Rusa GASTRO-LUNCH, tarrina 500g;3,87;644
Ensal.Belle de Jour CONSUMER,Escar/Lechuga/Lollo R/Rúcula,175g;1,9;316
Ens.Italia CONSUMER,Hoja Rob/Lollo V/Radiccio/Rúcula/Lollo R,10;1,79;298
Escarola Troceada CONSUMER, bolsa 200g;1,57;261
Espinacas CONSUMER, bolsa 300g;1,38;230
Lechuga Iceberg VEGA MAYOR, bolsa 250g;1,06;176
Menestra de Verduras CONSUMER, bolsa 300g;1,86;309
Panaché Berciano CONSUMER, bolsa 300g;1,8;299
Puerro Cortado CONSUMER, bolsa 300g;1,39;231
Sopa Huertana CONSUMER, 300g;1,5;250
Sopa Juliana CONSUMER, bolsa 300g;1,32;220
Zanahoria Rallada CONSUMER, bolsa 150g;0,73;121
Pasta Brisa BUITONI, Fresca, 230g;1,72;286
Pasta de Hojaldre BUITONI, Fresca, barqueta 230g;1,72;286
Pasta Empanada LA COCINERA, pack 160g;0,64;106
Pasta para Pizza BUITONI, Fresca, 260g;1,72;286
Cappeletti de Jamón EL PAVO, bandeja 250g;2,59;431
Conchiglie GALLO, 4 Quesos, 250g;2,4;399
Gnocchi de Patata BUITONI, Fresco, barqueta 400g;1,78;296
Ravioli Brasato BUITONI, Fresco, 250g;2,4;399
Ravioli de Carne EL PAVO, bandeja 250g;2,46;409
Ravioli 4 Formaggi BUITONI, Fresco, barqueta 250g;2,4;399
Raviolis EL PAVO, Queso, pack 250g;2,53;421
Spaghetti de Espinaca EL PAVO, bandeja 250g;1,65;275
Spaghetti EL PAVO, con Huevo, bandeja 250g;1,65;275
Tallarines al Huevo PASTIFICIO CANALETTO, pack 250g;1,29;215
Tallarines EL PAVO, con Huevo, bandeja 250g;1,65;275
Salsa al Pesto GALLO, 150g;2,57;428
Salsa Fresca a la Boloñesa GALLO, pack 200g;1,81;301
Salsa Fresca a los 4 Quesos BUITONI, pack 200g;2,55;424
Salsa Fresca al Pesto EL PAVO, pack 150g;2,49;414
Salsa Fresca Napolitana BUITONI, pack 200g;1,87;311
Salsa 4 Quesos GALLO, 180g;2,57;428
Sandwich de Bonito GASTROLUNCH, 120g;1,08;180
Sandwich de Txatka GASTROLUNCH, 120g;1,08;180
Sandwich Vegetal GASTROLUNCH, 120g;1,08;180
Callos Rojos SUSAETA, pack 500g;2,14;356
Codillo de cerdo asado MULTIFOOD, bolsa 1 kg;6,58;1095
Costilla de Cerdo Asada MULTIFOOD, bolsa 1 kg;7,2;1198
Muslos de Pollo Asado PIMPOLLO, caja 420g;4,15;691
Paupetón de Pollo PIMPOLLO, sobre 600ml;6,3;1048
Pollo Entero Asado MULTIFOOD, bolsa 1 kg;4,62;769
Croquetas de Bacalao ARANA, bandeja 400g;2,89;481
Croquetas de Jamón ARANA, bandeja 400g;2,89;481
Croquetas de Pollo ARANA, bandeja 400g;2,89;481
Croquetas de York y Huevo HARAKINTZA, 280g;3,23;537
Delicias de Pollo ARANA, bandeja 300g;2,89;481
Escalope a la Milanesa HARAKINTZA, 260g;3,35;557
Mejillones Rellenos ARANA, bandeja 300g;2,83;471
Pimientos Rellenos de Bacalao ARANA, bandeja 300g;3,35;557
San Jacobos HARAKINTZA, bandeja 450g;4,96;825
Tortilla Española CAMPIÐA, con Cebolla, 500g;2,52;419
Tortilla Española CAMPIÐA, Normal, sin Cebolla, 500g;2,52;419
Canelones con Bechamel PRONTO, barqueta 400g;3,13;521
Canelones de Carne MULTIFOOD, barqueta 400g;2,69;448
Canelones HARAKINTZA, barqueta 330g;3,87;644
Lasaña Boloñesa HARAKINTZA, barqueta 380g;3,87;644
Lasaña Boloñesa MULTIFOOD, barqueta 400g;2,69;448
Lasaña Boloñesa Royal PRONTO, barqueta 400g;2,98;496
Callos Cocidos con Chorizo LA TILA, lata 380g;1,73;288
Callos Cocidos con Chorizo LA TILA, lata 610g;2,77;461
Callos con Chorizo CONSUMER, pack 390g;1,42;236
Callos con Chorizo CONSUMER, pack 610g;1,86;309
Salchichas Cocidas Blancas MEICA, Freir en Plancha, 300g,4 unid.;4,41;734
Salchichas Cocidas Bockwurst MEICA, frasco 250g, 6 unid.;3,05;507
Salchichas Cocidas Cocktail LOURIÐO, lata 200g;1,13;188
Salchichas Cocidas de Aperitivo MEICA, Solo Carne de Cerdo, 250g;3,32;552
Salchichas Cocidas Frankfurter MEICA, frasco 250g, 6 unid.;3,68;612
Salchichas Cocidas LA PIARA, tipo Frankfurt, lata 213g, 10 unid.;1,91;318
Salchichas Cocidas tipo Cocktail LOURIÐO, lata 200g;1,13;188
Salchichas LA PIARA, para Aperitivo, lata 162g;1,91;318
Albóndigas Carne de Cerdo y Pavo CONSUMER, lata 420g;1,07;178
Albóndigas Carne de Cerdo y Pavo LOURIÐO,con Guisantes,lata 420g;1,17;195
Albóndigas Carne de Cerdo y Pollo HERO, con Guisantes, lata 430g;1,38;230
Magro de Cerdo Cocido APIS, Calidad Extra, lata 220g;1,56;260
Magro de Cerdo Cocido CONSUMER, para Aperitivos, lata 220g;1,2;200
Arroz Cocido Natural RISO LISTO, frasco 400g;1,05;175
Canelones HERO, Rellenos de Carne, pack 400g, 6 unid.;2,18;363
Fideuada NOMEN, con Caldo de Pescado y Marisco, pack 850g;3,35;557
Lasaña a la Boloñesa HERO, pack 400g;2,86;476
Ravioli HEINZ, en Salsa de Tomate, lata 430g;1,27;211
Raviolis con Carne HERO, pack 430g;0,99;165
Spaguettis HEINZ, en Salsa de Tomate, lata 250g;0,93;155
Tortellini HERO, lata 430g;1,39;231
Codorniz en Escabeche POLGRI, pack 390g;2,23;371
Muslos de Pato en Confitura MARTIKO, lata 800g, 2 unid.;6,94;1155
Perdiz en Escabeche POLGRI, pack 450g;6,85;1140
Atún Encebollado ORTIZ, pack 325g;3,18;529
Ensalada California Consumer TAN F?CIL, 6 Ingredientes,pack 124g;0,69;115
Ensalada California ISABEL, pack 130g;0,93;155
Ensalada Mediterránea Consumer TAN F?CIL,6 Ingredient.,pack 124g;0,69;115
Ensalada Mediterránea ISABEL, pack 130g;0,93;155
Ensalada Milanesa Consumer TAN F?CIL, 6 Ingredientes, pack 124g;0,69;115
Ensalada Provenzal Consumer TAN F?CIL, 6 Ingredientes, pack 124g;0,69;115
Ensalada Rusa Consumer TAN F?CIL, 6 Ingredientes, pack 124g;0,69;115
Ensaladilla Rusa ISABEL, Atún con Vegetales, pack 130g;0,93;155
Lomos de Atún en Salsa Española ORTIZ, 100% Natural, pack 325g;3,16;526
Marmitako en Bandeja ORTIZ, 100% Natural, pack 325g;2,77;461
Pimientos del Piquillo Rellenos Bacalao MAMÍA,cal. 4/5,pack 240g;3,05;507
Pimientos del Piquillo Rellenos de Bonito ORTIZ, pack 325g;3,67;611
Pimientos Piquillo Rellenos MAMÍA, con Chipirón, cal. 4/5, 240g;3,05;507
Pimientos Piquillo Rellenos MAMÍA,Merluza y Gamba, cal. 4/5,240g;3,05;507
Arroz con Leche MULTIFOOD, barqueta 250g;1,17;195
Caracoles Cocidos GUTARRA, frasco 300g;5,18;862
Caracoles en Salsa POLGRI, pack 390g;2,29;381
Migas Extremeñas FLORIST?N, pack 550g;2,83;471
Migas FLORIST?N, pack 550g;2,46;409
Piperrada GUTARRA, Natural, frasco 660g;1,61;268
Cintas con Queso GALLINA BLANCA, a las Finas Hierbas, pack 145g;1,54;256
Cintas de Crema de Setas MAGGI, pack 126G;1,39;231
Espirales al Funghi GALLINA BLANCA, Salsa Champiñón,pack 167g;1,54;256
Fideua GALLINA BLANCA, 2 Raciones, pack 126g;1,54;256
Macarrones a la Bolonesa GALLINA BLANCA, pack 138g;1,54;256
Macarrones a la Italiana GALLINA BLANCA, Salsa Tomate/Bacon,143g;1,54;256
Pasta Oriental de Pollo MAGGI, sobre 72g;0,6;100
Pasta Oriental MAGGI, sabor Curry, pack 72g;0,6;100
Pasta Oriental MAGGI, sabor Gambas, pack 72g;0,6;100
Spaghettis Boloñesa KNORR, pack 162g;1,39;231
Spaghettis Carbonara STARLUX, pack 178g;1,29;215
Spaghettis GALLINA BLANCA, a la Carbonara, bolsa 170g;1,54;256
Spaguetti con Salsa a los 3 Quesos GALLINA BLANCA, pack 170g;1,54;256
Spaguettis KNORR, con Tomate y Mozzarella, pack 172g;1,26;210
Spaguettis MAGGI, con Fibra, 3 Quesos, pack 145g;1,63;271
Spaguettis STARLUX, Parmesana, pack 176g;1,26;210
Tallarín a la Carbonara GALLINA BLANCA, pack 145g;1,54;256
Tallarines a la Parmesana GALLINA BLANCA, pack 145g;1,54;256
Tallarines al Pesto GALLINA BLANCA, pack 138g;1,54;256
Fabada Asturiana CONSUMER, lata 435g;0,93;155
Fabada Asturiana CONSUMER, lata 750g;1,7;283
Fabada Asturiana LITORAL, lata 435g;1,44;240
Fabada Asturiana LITORAL, lata 875g;2,93;488
Alubia Canela CONSUMER, pack 500g;2,84;473
Alubia palmeña gorda CONSUMER, malla 500g;1,83;304
Alubia palmeña menuda CONSUMER, malla 500g;1,77;295
Alubias Blancas Cocidas CONSUMER, frasco 400g;0,46;77
Alubias Blancas Cocidas Extra CIDACOS, frasco 400g;0,63;105
Alubias Blancas Cocidas GIGANTE VERDE, frasco 400g;0,66;110
Alubias Cocidas con Chorizo CONSUMER, lata 425g;0,83;138
Alubias Cocidas con Chorizo ORLANDO, lata 410g;0,93;155
Alubias Habonas Extra JA`E, frasco 400g;0,81;135
Alubias LITORAL, a la Vasca, caja 430g;1,8;299
Alubias Para Fabada CONSUMER, malla 500g;5,4;898
Alubias Rojas Extra JA`E, frasco 400g;0,84;140
Judión de la Granja CONSUMER, malla 500g;3,03;504
Potaje de Alubias Cocidas MAMÍA, lata 400g;0,82;136
Salteado de Alubias Cocidas MAMÍA, lata 400g;0,85;141
Cocido Andaluz LITORAL, lata 425g;2,01;334
Cocido Madrileño LITORAL, lata 440g;2,01;334
Escudella Catalana LITORAL, lata 425g;1,94;323
Garbanzos Cocidos con Chorizo ORLANDO, lata 410g;0,93;155
Garbanzos Cocidos con Vegetales MAMÍA, lata 400g;0,85;141
Garbanzos Cocidos CONSUMER, frasco 400g;0,46;77
Garbanzos Cocidos Extra CIDACOS, frasco 400g;0,63;105
Garbanzos Cocidos GIGANTE VERDE, frasco 400g;0,66;110
Potaje de Garbanzos Cocidos MAMÍA, lata 400g;0,82;136
Lentejas Cocidas con Chorizo CONSUMER, pack 420g;0,72;120
Lentejas Cocidas con Chorizo ORLANDO, lata 410g;0,93;155
Lentejas Cocidas con Vegetales MAMÍA, lata 400g;0,85;141
Lentejas Cocidas Extra CIDACOS, frasco 400g;0,63;105
Lentejas Cocidas GIGANTE VERDE, frasco 400g;0,66;110
Lentejas CONSUMER, frasco 400g;0,46;77
Lentejas Levantinas LITORAL, con Arroz, lata 425g;1,48;246
Lentejas LITORAL, a la Riojana, lata 430g;1,45;241
Potaje de Lentejas Cocidas MAMÍA, lata 400g;0,82;136
Burrito Kit OLD EL PASO, 8 Tortillas, 1 sazonador, pack 500g;4,96;825
Enchilada Kit OLD EL PASO, pack 610g;4,96;825
Fajita Kit OLD EL PASO, de Harina de Trigo, pack 505g, 8 unid.;4,96;825
Jalapeños OLD EL PASO, Cortados, frasco 215g;2,88;479
Judias Pintas OLD EL PASO, Refritas, lata 453g;2,7;449
Nachips OLD EL PASO, Tortas fritas de Maíz, bolsa 200g;3,12;519
Nachos Kit OLD EL PASO, Nachips, 1 Salsa para Nachos, pack 520g;4,96;825
Salsa Cheese OLD EL PASO, de Queso/Tomate/Chile, frasco 290g;2,93;488
Salsa Chunky OLD EL PASO, Picante, Tomate/Cebolla/Pimiento, 312g;2,98;496
Salsa Cooksauce OLD EL PASO, para Fajitas, frasco 430g;3,29;547
Salsa Fajitas/Burritos OLD EL PASO, Picante,Tomate/Jalapeño,226g;2,51;418
Salsa Fajitas/Burritos OLD EL PASO, Picante,Tomate/Pimiento,226g;2,51;418
Salsa Tacos Hot OLD EL PASO,Tomate y Jalapeño,Fuerte,frasco 235g;2,51;418
Salsa Tacos Mild OLD EL PASO, Tomate y Chili, Suave, frasco 235g;2,51;418
Sazonador OLD EL PASO, para Fajitas, pack 39g;1,08;180
Sazonador OLD EL PASO, para Guacamole, pack 20g;1,08;180
Sazonador OLD EL PASO, para Tacos Mejicanos, pack 35g;1,08;180
Taco Kit OLD EL PASO, 12 Tortas, 1 sazonador, caja 273g;4,96;825
Taco Shell OLD EL PASO,Tortas Fritas de Maíz, pack 135, 12 unid.;3,08;512
Tortilla Chips Cheese OLD EL PASO,sabor Queso Jalapeño,pack 100g;1,56;260
Tortilla Chips OLD EL PASO, sabor Chili, pack 100g;1,58;263
Tortilla Chips OLD EL PASO, sabor Salsa Jalapeño, pack 100g;1,56;260
Tortilla Flour OLD EL PASO, de Harina de Trigo,pack 326g,8 unid.;2,96;493
Braseado Toscano Brasador FINDUS, bolsa 400g;2,53;421
Parrillada Rustica Brasador FINDUS, bolsa 400g;2,79;464
Espinacas Marinera, Saltea y Disfruta de FRUDESA, bolsa 400g;2,17;361
Garbanzos con Espinacas y Gambas, Salto de KNORR, bolsa 400g;2,17;361
Merluza con Verduras, Salto de KNORR, bolsa 400g;3,13;521
Pollo al Chilindrón, Salto de KNORR, bolsa 400g;2,93;488
Pollo en Pepitoria, Salto de KNORR, bolsa 400g;2,93;488
Salteado de Verduras Campestre BONDUELLE, bolsa 450g;2,07;344
Salteado de Verduras Tradicional BONDUELLE, bolsa 450g;2,07;344
Salteado Montañes, Carne y Patatas LA COCINERA, bolsa 400g;2,19;364
Alcachofa Cortada CONSUMER, bolsa 400g;2,16;359
Coles de Bruselas CONSUMER, bolsa 400g;0,7;116
Espinacas a la Crema MAGGI, pack 400g;1,75;291
Espinacas en Hojas CONSUMER, pack 400g;0,59;98
Espinacas FRUDESA, Selección Suprema, Sabor más Suave, caja 40;0,94;156
Guisante Fino CONSUMER, bolsa 1kg;1,24;206
Guisante Fino CONSUMER, bolsa 400g;0,77;128
Guisantes FRUDESA, Selección Suprema, Muy Tiernos, bolsa 300g;0,96;160
Habas Babys FINDUS, bolsa 400g;2,27;378
Judias Verdes Finas CONSUMER, bolsa 400g;0,87;145
Judias Verdes, Planas CONSUMER, bolsa 400g;0,73;121
Judias Verdes Planas FINDUS, bolsa 750g;1,82;303
Judias Verdes Troceadas CONSUMER, bolsa 400g;0,7;116
Judias Verdes Troceadas FINDUS, bolsa 750g;1,86;309
Patata Tipo Paja,Prefitas y Ultracongeladas FARM FRITES,bolsa1kg;1,39;231
Patatas Prefitas GoldenLong, MC.CAIN, bolsa 750g;1,48;246
Patatas Prefritas y Ultracongeladas CONSUMER, bolsa 1kg;1,01;168
Arroz 3 Delicias CASAGEL, bolsa 500g;1,28;213
Arroz 3 Delicias, Marisco, Salto KNORR, bolsa 500g;1,9;316
Arroz 3 Delicias, Tradicional, Salto KNORR, bolsa 500g;1,9;316
Ensaladilla CONSUMER, bolsa 400g;0,58;97
Ensaladilla de Pasta FRUDESA, bolsa 400g;1,25;208
Ensaladilla Rusa CASAGEL, bolsa 1kg;0,8;133
Menestra Especial con Esparragos BONDUELLE, bolsa 1kg;2,92;486
Menestra Especial con Esparragos BONDUELLE, bolsa 400g;1,49;248
Menestra Extra de Verduras CONSUMER, bolsa 1kg;1,18;196
Menestra Extra de Verduras CONSUMER, bolsa 400g;0,71;118
Revoltillo Trigueros FRUDESA, Calidad Suprema, bolsa 300g;2,13;354
Filetes de Merluza Con Piel CONSUMER, pack 400g;2,92;486
Filetes de Merluza Sin Piel CONSUMER, pack 400g;3,28;546
Kokotxas de Merluza GAROA, pack 500g;12,84;2136
Lomos de Merluza FRUDESA, pack 400g;4,62;769
Lomos de Merluza PESCANOVA, pack 400g;4,88;812
Peskitos PESCANOVA, Merluza Empanada, pack 400g;2,85;474
Rodajas de Merluza a la Romana PESCANOVA, pack 320g;3,19;531
Rodajas de Merluza CONSUMER, pack 400g;3,02;502
Surfes PESCANOVA, Merluza Rebozada, pack 400g;3,08;512
Varitas de Merluza Empanadas Capitán FRUDESA, pack 300g;2,3;383
Anillas de Calamar CONSUMER, bolsa 160g;1,91;318
Calamares a la Romana CONSUMER, bolsa 400g;2,42;403
Calamares a la Romana LA COCINERA, bolsa 400g;3,03;504
Caprichos de Calamar Rebozados PESCANOVA, bolsa 400g;2,5;416
Chipirón Entero CONSUMER, bolsa 750g;3,47;577
Crujientes de Calamar LA COCINERA, bolsa 400g;3,03;504
Delicias de Calamar, Tierno y Rebozado CONSUMER, bolsa 400g;2,42;403
Rabas de Calamar PESCANOVA, bolsa 400g;3,93;654
Filetes de Fletán CONSUMER, pack 400g;5,01;834
Pulpo Cocido y Troceado DELFÍN, pack 400g;8,29;1379
San Marino PESCANOVA, Merluza con Jamón y Queso, pack 300g;2,75;458
Langostino Cocido CONSUMER, 64/80 piezas, pack 800g;6,24;1038
Langostinos Enteros Cocidos, 48/64 piezas CONSUMER, pack 800g;6,5;1082
Langostino Banana Grande, 20/32 piezas PESCANOVA, pack 800g;17,66;2938
Langostino Congelado, 70/100 piezas COMPESCA, pack 800g;6,13;1020
Langostino Entero Crudo, 24/32 piezas ROYALMAR, pack 800g;16,24;2702
Langostino Salvaje, 25/35 piezas CONSUMER, pack 800g;11,62;1933
Langostino Salvaje, 35/45 piezas CONSUMER, pack 800g;10,62;1767
Langostino Salvaje, 45/55 piezas CONSUMER, pack 800g;9,99;1662
Langostinos Enteros Crudos, 16/24 piezas ROYALMAR, pack 800g;18,06;3005
Langostinos Enteros Crudos, 32/48 piezas ROYALMAR, pack 800g;13,53;2251
Cigala Entera Cruda Congelada SCAMPI, 8/12 piezas, pack 800g;18,91;3146
Cigala SCAMPI,Crudas,Enteras y Congeladas 13/16 piezas,pack 800g;14,52;2416
Gamba Pelada CONSUMER, Cruda, Grande 40/60 piezas , pack 400g;6,21;1033
Gamba Pelada CONSUMER, Cruda, Mediana 80/120 piezas, pack 400g;3,66;609
Gamba Pelada CONSUMER, Cruda, Pequeña 100/200 piezas , pack 200g;1,75;291
Gamba Plancha DELFÍN, pack 500g;9,39;1562
Preparado para Paella Marinera FRUDESA, pack 500g;2,97;494
Colas de Mar CONSUMER, pack 240g;1,88;313
Divinas del Mar LAS DIVINAS, pack 200g;2,11;351
Gula del Norte AGUINAGA, pack 200g;4,88;812
Gula del Norte AGUINAGA, pack 300g;7,31;1216
Gula del Norte AL Ajillo AGUINAGA, pack 125g;3,47;577
Gula del Norte Con Gambas AGUINAGA, pack 125g;3,47;577
Muslitos de Mar COMPESCA, pack 250g;1,72;286
Palitos de Cangrejo COMPESCA, pack 450g;2,37;394
Palitos de Mar CONSUMER, pack 250g;0,95;158
Palitos de Mar CONSUMER, pack 450g;2,07;344
Plata del Cantábrico CONSUMER, pack 200g;3,17;527
Tronquitos de Alaska FRUDESA, Sabor Cangrejo, pack 450g;3,18;529
Ensalada de Marisco FRUDESA, pack 300g;2,72;453
Salpicón de Marisco DELFÍN, pack 300g;2,67;444
Sopa de Marisco FRUDESA, Marisco, Pescado y Verdura, bolsa 400g;2,44;406
Bogavante Cocido GAROA, pack 350g;8,53;1419
Cangrejos Cocidos DELFÍN, pack 500g;2,55;424
Langosta Cocida del Caribe DELFÍN, pack 700g;21,87;3639
Necora Cocida DELFÍN, pack 800g;12,29;2045
Pollo Empanado MAGGI, pack 330g;2,44;406
Escalope Cordon Bleu Classic: Cerdo, Jam y Ques MAGGI, pack 376g;2,96;493
San Jacobo de Jamón y Queso, Rebozado Fino MAGGI, pack 310g;2,35;391
San Jacobo FRINCA, pack 360g;1,12;186
Nuggets de Pollo MAGGI, incluye Salsa Barbacoa, pack 350g;2,48;413
Bases de Pizza LA COCINERA, 5 unid., pack 650g;1,67;278
Bases Pizza CONSUMER, 2 unid., pack 250g;0,77;128
Panini Jamón y Queso, Marco Bellini FRUDESA, 2 Baguettes, 250g;2,47;411
Pizza Americana Arizona LA COCINERA, pack 460g;2,79;464
Pizza Americana Mariachi LA COCINERA, pack 450g;2,79;464
Pizza Atún CONSUMER, pack 300g;1,64;273
Pizza Capricciosa BUITONI, Jamón, Queso y Champiñones, pack 41;3,85;641
Pizza Grandiosa MANTUA, pack 700g;3,06;509
Pizza Margarita CONSUMER, pack 275g;1,32;220
Pizza Margarita MANTUA, 3unid., 780g;3,19;531
Pizza Pasta Fina Queso y Jamón BUITONI, pack 340g;2,92;486
Pizza Pasta Fina 3 Quesos BUITONI, pack 340g;2,92;486
Pizza Romana CONSUMER, pack 300g;1,64;273
Pizza Rustica MANTUA, pack 300g;0,87;145
Pizza 3 Quesos VERA PIZZA, pack 330g;1,93;321
Pizza 4 Estaciones CONSUMER, pack 350g;1,77;295
CrÛpes de Jamón y Queso LA COCINERA, pack 300g;1,86;309
CrÛpes de Queso LA COCINERA, pack 300g;1,86;309
Croquetas de Bacalao con Huevo CONSUMER, bolsa 500g;1,9;316
Croquetas de Bacalao LA COCINERA, bolsa 500g;2,21;368
Croquetas de Estofado de Pollo LA COCINERA, bolsa 500g;2,52;419
Croquetas de Jamón con Huevo CONSUMER, bolsa 500g;1,9;316
Croquetas de Jamón Serrano LA COCINERA, bolsa 500g;2,21;368
Croquetas de Pollo con Huevo CONSUMER, bolsa 500g;1,9;316
Croquetas de Pollo LA COCINERA, bolsa 500g;2,21;368
Croquetas LA COCINERA, Cocido Casero con Jamón Serrano,bolsa 50;2,52;419
Delicias de Jamón y Queso MAGGI, pack 300g;2,27;378
Empanadillas de Bonito CONSUMER, pack 250g;1,79;298
Empanadillas de Bonito LA COCINERA, pack 250g;1,73;288
Baguetinas de Pan MAHESO, barras de pan congelado, bolsa 500g;1,61;268
Churros CONSUMER, bolsa 500g;1,28;213
Masa de Hojaldre en Láminas Finas CONSUMER, pack 500g;1,85;308
Masa de Hojaldre Enrollada KNORR, pack 500g;2,33;388
Patata Tipo Paja,Prefitas y Ultracongeladas FARM FRITES,bolsa1kg;1,39;231
Patatas Prefitas GoldenLong, MC.CAIN, bolsa 750g;1,48;246
Patatas Prefritas y Ultracongeladas CONSUMER, bolsa 1kg;1,01;168
Arroz Negro Mediterránea MAGGI, pack 435g;2,7;449
Bocaditos de Marisco PESCANOVA, pack 250g;2,52;419
Fideuá Mediterránea MAGGI, pack 435g;3,14;522
Langostinos Rebozados PESCANOVA, pack 200g;3,72;619
Medallones de Espinaca FRUDESA, pack 300g;2,31;384
Mixto Marisco PESCANOVA,Mejillónes,Gambas y Rollitos de Mar,250;2,84;473
Risotto de Setas Mediterránea MAGGI, pack 400g;2,7;449
Arroz 3 Delicias CASAGEL, bolsa 500g;1,28;213
Arroz 3 Delicias, Marisco, Salto KNORR, bolsa 500g;1,9;316
Arroz 3 Delicias, Tradicional, Salto KNORR, bolsa 500g;1,9;316
Paella de Marisco, Salto de KNORR, bolsa 400g;2,58;429
Paella de Marisco, Salto de KNORR, bolsa 700g;4,13;687
Paella Valenciana, Salto de KNORR, bolsa 400g;2,58;429
Paella Valenciana, Salto de KNORR, bolsa 700g;4,13;687
Canelones de Atún MAGGI, pack 525g;3;499
Canelones de Carne con Bechamel CONSUMER, pack 500g;2,46;409
Canelones de Carne MANTUA, pack 500g;1,46;243
Lasaña a la Boloñesa CONSUMER, pack 500g;2,46;409
Lasaña a la Boloñesa MANTUA, pack 500g;1,46;243
Lasaña de Atún MAGGI, pack 520g;3;499
Rollitos de Primavera Crujientes MAHESO, 4 unid., pack 200g;1,95;324
Tarta Helada al Whisky CONSUMER, pack 1l;4,82;802
Tarta Helada al Whisky ICE WALKER, pack 1l;2,57;428
Tarta Helada de Whisky MIKO, pack 1l;5,94;988
Tarta Carte D`Or Romántica,Chocolate,Galleta y Caramelo FRIGO,1l;7,06;1175
Tarta Helada Gran Dama Sabor Nata y Chocolate CAMY, pack 600ml;2,86;476
Tarta Helada Sabor Vainilla y Caramelo CONSUMER, pack 850ml;2,66;443
Tarta Helada Sabor Cappuccino CONSUMER, pack 600ml;1,61;268
Tarta Helada Sabor Limón CONSUMER, pack 600ml;2,02;336
Tarta Helada Sabor Nata CONSUMER, pack 1l;2,78;463
Tarta Helada Sabor Nata CONSUMER, pack 600ml;1,61;268
Tarta Helada Sabor Nata y Chocolate CIAO BELLA, pack 600ml;1,28;213
Tarta Helada Viennetta Sabor Nata FRIGO, pack 600ml;2,41;401
Bombomikos de Navidad MIKO, Rellenos, pack 300ml;4,13;687
Mini Tartas de Nata y Caramelo Mininoel MIKO, 6 unid.,pack 600ml;3,87;644
Tarta de Champagne MIKO, pack 1l;5,33;887
Tarta de Navidad MIKO, de Vainilla y Caramelo, pack 1l;4,68;779
Tronco de Chocolate Carte D`Or FRIGO, 3 Chocolates,pack 1l;5,14;855
Tronco Navideño de Turrón MIKO, pack 750ml;2,12;353
Profiteroles MAHESO, pack 200g;2,14;356
Tarta de Queso con Fresas SAN MARTÍN, pack 500g;4,91;817
Trufas Heladas MAGNUM, 12 unid., pack 160g;4,31;717
Trufas Heladas MAHESO, pack 175g;3,43;571
Helado Sabor Limón MIKO, bloque 1l;1,24;206
Helado Sabor Nata CONSUMER, bloque 1l;1,27;211
Helado Sabor Nata y Fresa CONSUMER, bloque 1l;1,27;211
Helado Sabor Vainilla CONSUMER, bloque 1l;1,27;211
Helado Sabor Vainilla, Nata y Chocolate CONSUMER, bloque 1l;1,27;211
Helado Sabor Vainilla y Chocolate CONSUMER, bloque 1l;1,27;211
Helado Crema Capuccino TONITTO, copa 1l;4,24;705
Helado Crema Chocolate con Trocitos CONSUMER, pack 1l;2,83;471
Helado Crema de Vainilla CONSUMER, pack 1l;2,83;471
Helado Crema Limón con Trocitos CONSUMER, pack 1l;2,83;471
Helado Crema Ron con Pasas CONSUMER, pack 1l;2,83;471
Helado Crema Tiramisu TONITTO, copa 1l;4,24;705
Helado Crema Yogur Frutas del Bosque TONITTO, copa 1l;4,24;705
Helado Crema Yogur Melocotón TONITTO, copa 1l;4,24;705
Helados Varios Sabores Solero Mini FRIGO, pack 6 unid., 350ml;4,3;715
Naranjas Heladas MENORQUINA, pack 2 unid., 360ml;3,92;652
Helado Bombón Almendra Sabor Vainilla MEGABOOM,pack 3unid.,360ml;1,59;265
Helado Bombón Almendrado CONSUMER, pack 3 unid., 360ml;2,16;359
Helado Bombón Almendrado MIKO, pack 6 unid., 400ml;3,31;551
Helado Bombón Blanco Sabor Vainilla MEGABOOM, pack 3unid., 360ml;1,59;265
Helado Bombón Chocolate Blanco CONSUMER, pack 3 unid., 360ml;2,16;359
Helado Bombón Classic Vainilla CONSUMER, pack 3 unid., 360ml;2,16;359
Helado Bombón Negro CONSUMER, pack 3 unid., 360ml;2,16;359
Helado Magnum Chocolate Blanco FRIGO, pack 4 unid., 480ml;3,49;581
Helado Magnum Chocolate con Almendras FRIGO, pack 4 unid., 480ml;3,49;581
Helado Magnum Double Snack Size FRIGO, pack 6 unid., 360ml;3,56;592
Helado Magnum Frac Chocolate Negro FRIGO, pack 4 unid., 480ml;3,49;581
Helado Varios Sabores Magnum Snack Size FRIGO,pack 6 unid.,360ml;3,56;592
Helados Minissime de Macadamia H?AGENÀDAZS, pack 5 unid, 225g;3,9;649
Helados Sabores Varios Minibombones CONSUMER, pack 8 unid.,456ml;2,77;461
Conos Cornetto Classico FRIGO, pack 6 unid., 560ml;3,79;631
Conos Cornetto Miniature Varios Sabores FRIGO, pack 12unid,335ml;3,99;664
Conos Sabor Nata JOKER, 4 unid., 480ml;1,27;211
Conos Sabor Nata y Caramelo CONSUMER, 4 unid., 480ml;2,34;389
Conos Sabor Vainilla y Chocolate CONSUMER, 4 unid., 480ml;2,34;389
Conos Sabor Vainilla y Chocolate JOKER, 4 unid., 480ml;1,27;211
Miniconos Sabor Vainilla CONSUMER, 10 unid., 250ml;2,19;364
Helado Sandwich Maxibon CAMY, pack 3 unid, 490ml;3,15;524
Helado Sandwich Nata FRIAS, pack 6 unid, 420ml;2,07;344
Helado Sandwich Vainilla y Chocolate CAMY, pack 6 unid, 600ml;3,13;521
Mini Helados Maxibon Nata CAMY, pack 6 unid., 510ml;3,78;629
Bombomikos de Navidad MIKO, Rellenos, pack 300ml;4,13;687
Mini Tartas de Nata y Caramelo Mininoel MIKO, 6 unid.,pack 600ml;3,87;644
Tarta de Champagne MIKO, pack 1l;5,33;887
Tarta de Navidad MIKO, de Vainilla y Caramelo, pack 1l;4,68;779
Tronco de Chocolate Carte D`Or FRIGO, 3 Chocolates,pack 1l;5,14;855
Tronco Navideño de Turrón MIKO, pack 750ml;2,12;353
Barritas Magnum Caramelo y Cacahuetes FRIGO,6 unid,384ml;3,34;556
Helado Krazy Roll CAMY, pack 4 unid., 460ml;3,45;574
Helado de Sorbete de Limón CONSUMER, pack 1l;2,01;334
Helado de Sorbete de Limón Etiqueta Negra de MIKO, pack 1l;3,37;561
Helado de Sorbete de Limón La Cremería de CAMY, pack 1l;3,28;546
Helado de Sorbete de Limón MENORQUINA, pack 2,2l;5,02;835
Helado de Turrón Etiqueta Negra de MIKO, pack 1l;3,05;507
Helado Sabor Chocolate KATY, pack 1l;1,43;238
Helado Sabor Vainilla KATY, pack 1l;1,43;238
Helado Sorbete de Limón MIKO, pack 1l;2,39;398
Stracciatella Carte D`Or Frigo, pack 900g;4,45;740
Tiramisu Carte D`Or Frigo, pack 900g;4,62;769
Nata Montada CONSUMER, pack 500g;1,26;210
Nata Montada MIKO, pack 500g;1,47;245
Leche Entera ALOÐA, brik 1l;0,6;100
Leche Entera BOMILK, brik 1 l;0,52;87
Leche Entera CONSUMER, brik 1l;0,59;98
Leche Entera KAIKU, brik 1l;0,71;118
Leche Entera PASCUAL, brik 1l;0,74;123
Leche Entera RAM, brik 1l;0,63;105
Leche Desnatada ALOÐA, brik 1l;0,56;93
Leche Desnatada BOMILK, brik 1l;0,44;73
Leche Desnatada CONSUMER, brik 1l;0,55;92
Leche Desnatada KAIKU, brik 1l;0,68;113
Leche Desnatada PASCUAL, brik 1l;0,74;123
Leche Desnatada RAM, brik 1l;0,63;105
Leche Semidesnatada ALOÐA, brik 1l;0,58;97
Leche Semidesnatada BOMILK, brik 1l;0,48;80
Leche Semidesnatada CONSUMER, brik 1l;0,57;95
Leche Semidesnatada KAIKU, brik 1l;0,7;116
Leche Semidesnatada PASCUAL, brik 1l;0,74;123
Leche Semidesnatada RAM, brik 1l;0,63;105
Leche Desnatada Calcio CONSUMER, brik 1 litro;0,71;118
Leche Desnatada Calcio KAIKU, brik 1l;0,87;145
Leche Desnatada Calcio PASCUAL, brik 1 litro;0,91;151
Leche Desnatada Calcio PULEVA, brik 1l;0,91;151
Leche Desnatada Calcio RAM, brik 1L;0,81;135
Leche Entera Calcio CONSUMER, brik 1 litro;0,71;118
Leche Entera Calcio KAIKU, brik 1l;0,87;145
Leche Entera CAlcio PASCUAL, brik 1l;0,91;151
Leche Entera Calcio PULEVA, brik 1l;0,91;151
Leche Entera Calcio RAM, brik 1l;0,81;135
Leche Semidesnatada Calcio CONSUMER, brik 1 litro;0,71;118
Leche Semidesnatada Calcio KAIKU, brik 1l;0,87;145
Leche Semidesnatada Calcio PULEVA, brik 1l;0,91;151
Leche Semidesnatada Calcio RAM, brik 1L;0,81;135
Leche ASTURIANA, con Fibra, 1l;0,88;146
Leche ASTURIANA, Jalea Real, brik 1l;0,88;146
Leche de Cabra PRESIDENT, botella 1l;1,21;201
Leche Ecológica Entera PRESIDENT, brik 1 litro;1,1;183
Leche KAIKU, Energía y crecimiento, brik 1l;0,76;126
Leche RAM, Energía y crecimiento, brik 1l;0,79;131
Leche Semidesnatada CONSUMER Energía+Crecimiento, brik 1 litro;0,66;110
Leche Semidesnatada PRESIDENT, Ecológica, botella 1l;1,1;183
Preparado Lácteo KAIKU Rico en Omega 3, brik 1l;0,98;163
Leche Crecimiento Entera PRESIDENT, brik 1 litro;1,54;256
Leche Crecimiento MILUPA, brik 1l;1,51;251
Leche Crecimiento NESTLE Junior, brik 500 ml, pack 4 unid.;3,15;524
Leche Crecimiento NESTLE Junior, con Cereales, brik 500 ml;0,81;135
Leche Crecimiento PASCUAL, brik 500 ml;0,76;126
Leche Crecimiento PULEVA, brik 500 ml;0,72;120
Leche Desnatada CENTRAL LECHERA ASTURIANA, botella 1,5l;1,09;181
Leche Desnatada CONSUMER, botella 1,5l;0,8;133
Leche Desnatada KAIKU, botella 1,5l;1;166
Leche Entera CENTRAL LECHERA ASTURIANA, botella 1,5l;1,09;181
Leche Entera CONSUMER, botella 1,5l;0,91;151
Leche Entera KAIKU, botella 1,5l;1,06;176
Leche Semidesnatada CENTRAL LECHERA ASTURIANA, botella 1,5l;1,09;181
Leche Semidesnatada CONSUMER, botella 1,5l;0,86;143
Leche Semidesnatada KAIKU, botella 1,5l;1,03;171
Leche Baja en Lactosa KAIKU Digestiva Plus, brik 1l;0,89;148
Leche Semidesnatada Baja en Lactosa PRESIDENT, brik 1 litro;1,01;168
Preparado Lácteo Entero FLORA, brik 1l;0,83;138
Preparado Lácteo PULEVA Mamá, brik 0,5l;0,69;115
Preparado Lácteo PULEVA Mamá, brik 1l;1,09;181
Preparado Lácteo PULEVA Omega 3, brik 1l;1,04;173
Preparado Lácteo Semidesnatado con Magnesio PRESIDENT, brik 1l;0,87;145
Preparado Lácteo Semidesnatado FLORA, brik 1l;0,83;138
Leche Condensada CONSUMER, lata 740g;1,62;270
Leche Condensada CONSUMER, pack 397g;0,92;153
Leche Condensada Desnatada LACTDAY, 740g;1,59;265
Leche Condensada LA LECHERA, pack 370g;1,28;213
Leche Condensada LA LECHERA, pack 740g;1,99;331
Leche Condensada LA LECHERA, tubo 170g;0,95;158
Leche en Polvo Desnatada Bio Sveltesse NESTLÉ, con Calcio, 400g;3,41;567
Leche en Polvo Entera LA LECHERA, pack 1kg;7,8;1298
Leche Líquida Concentrada Evaporizada IDEAL, pack 410g;1,28;213
Nata Esterilizada LA LECHERA, lata 170g;1,1;183
Yogur Natural Azucarado CONSUMER, 125g, pack 4 unid.;0,56;93
Yogur Natural Azucarado DANONE, 125g, pack 4 unid.;0,95;158
Yogur Natural Azucarado DANONE, 125g, pack 8 unid.;1,9;316
Yogur Natural Azucarado KAIKU, 125g, pack 4 unid.;0,8;133
Yogur Natural Azucarado NESTLÉ, 125g, pack 8 unid.;1,69;281
Yogur Natural CONSUMER, 125g, pack 4 unid.;0,47;78
Yogur Natural DANONE, 125g, pack 4 unid.;0,95;158
Yogur Natural DANONE, 125g, pack 8 unid.;1,9;316
Yogur Natural Griego DANONE, 125g, pack 4 unid.;1,92;319
Yogur Natural KAIKU, 125g, pack 8 unid.;1,51;251
Yogur Natural NESTLÉ, 125g, pack 8 unid.;1,66;276
Yogur Vitalínea DANONE, Natural, Cremoso, 125g, pack 4 unid.;1,56;260
Yogur CONSUMER, sabor Fresa, 125g, pack 4 unid.;0,58;97
Yogur CONSUMER, sabor Limón, 125g, pack 4 unid.;0,58;97
Yogur CONSUMER, sabor Plátano, 125g, pack 4 unid.;0,58;97
Yogur DANONE, sabor Coco, 125g, pack 4 unid.;0,95;158
Yogur DANONE, sabor Fresa, 125g, pack 4 unid.;0,94;156
Yogur DANONE, sabor Limón, 125g, pack 4 unid.;0,94;156
Yogur DANONE, sabor Macedonia, 125g, pack 4 unid.;0,95;158
Yogur DANONE, sabor Plátano, 125g, pack 4 unid.;0,94;156
Yogur KAIKU, sabor Vainilla, 125g, pack 4 unid.;0,83;138
Yogur NESTLÉ, sabor a Coco, 125g, pack 4 unid.;0,85;141
Yogur DANONE, sabor Fresa y Limón, 125g, pack 8 unid.;1,9;316
Yogur DANONE, sabor Fresa y Plátano, 125g, pack 8 unid.;1,9;316
Yogur DANONE, sabor Fresa-Coco-Macedonia, 125g, pack 8 unid.;1,9;316
Yogur KAIKU, sabor Fresa y Limón, 125g, pack 8 unid.;1,61;268
Yogur KAIKU, sabor Fresa y Plátano, 125g, pack 8 unid.;1,61;268
Yogur NESTLÉ, sabor Fresa-Macedonia-Coco, 125g, pack 8 unid.;1,69;281
Yogur NESTLÉ, sabor Fresa-Piña-Limón, 125g, pack 8 unid.;1,69;281
Yogur DANONE, con Coco Triturado, 125g, pack 4 unid.;1,21;201
Yogur DANONE, con Fresa Triturada, 125g, pack 4 unid.;1,21;201
Yogur DANONE, con Fresa y Plátano Triturado, 125g, pack 8 unid.;2,42;403
Yogur DANONE, con Fresa y Plátano Triturados, 125g, pack 4 unid;1,21;201
Yogur DANONE, con Fresas, 125g, pack 4 unid.;1,36;226
Yogur DANONE, con Frutas Del Bosque, 125g, pack 4 unid.;1,36;226
Yogur DANONE, con Macedonia, 125g, pack 4 unid.;1,36;226
Yogur DANONE, con Melocotón Triturado, 125g, pack 4 unid.;1,21;201
Yogur DANONE, con Melocotón, 125g, pack 4 unid.;1,36;226
Yogur DANONE, con Piña, 125g, pack 4 unid.;1,36;226
Yogur DELICE, con Frutas, 500g;0,64;106
Yogur Desnatado CONSUMER, Natural, 125g, pack 4 unid.;0,5;83
Yogur Desnatado KAIKU, Natural, 125g, pack 4 unid.;0,98;163
Yogur Desnatado SVELTESSE, Natural, 125g, pack 4 unid.;1,19;198
Yogur Vitalínea DANONE, Natural, 125g, pack 4 unid.;1,24;206
Yogur Vitalínea DANONE, Natural,con Edulcorantes,125g,pack 4unid;1,24;206
Yogur Desnatado CONSUMER, sabor Fresa, 125g, pack 4 unid.;0,64;106
Yogur Desnatado KAIKU, sabor Fresa, 125g, pack 4 unid.;1,02;170
Yogur Vitalínea DANONE, sabor a Piña, 125g, pack 4 unid.;1,24;206
Yogur Vitalínea DANONE, sabor Fresa, 125g, pack 4 unid.;1,24;206
Yogur Vitalínea DANONE, sabor Limón, 125g, pack 4 unid.;1,24;206
Yogur Desnatado DELICE, con Fruta, 250g;0,42;70
Yogur Desnatado SVELTESSE, con fresas, 125g, pack 4 unid.;1,56;260
Yogur Vitalínea DANONE,  con Piña, 125g, pack 4 unid.;1,67;278
Yogur Vitalínea DANONE, con Cereales, 125g, pack 4 unid.;1,67;278
Yogur Vitalínea DANONE, con Fresas, 125g, pack 4 unid.;1,67;278
Yogur Vitalínea DANONE, con Manzana, 125g, pack 4 unid.;1,67;278
Yogur Vitalínea DANONE, con Melocotón, 125g, pack 4 unid.;1,67;278
Yogur Vitalínea DANONE, con Naranja, 125g, pack 4 unid.;1,67;278
Crema de Yogur Daníssimo Natural Azucarado DANONE, 4 unid., 125g;1,93;321
Crema de Yogur Daníssimo Sabor Fresa DANONE, pack 4 unid., 125g;1,93;321
Crema de Yogur Daníssimo Sabor Limón DANONE, pack 4 unid., 125g;1,93;321
Crema de Yogur Daníssimo Sabor Melocotón DANONE, pack 4 unid.;1,93;321
Enriquecido de Fresa DANONE, 140g, pack 2 unid.;0,91;151
Enriquecido Natural DANONE, Azucarado, 140g, pack 2 unid.;0,91;151
Enriquecido Natural DANONE, 140g, pack 2 unid.;0,91;151
Yogur con Fresa LA LECHERA, 145 g, pack 2 unid.;1,04;173
Yogur con Frutas del Bosque LA LECHERA, 145g, pack 2 unid.;1,04;173
Yogur con Melocotón LA LECHERA, 145g, pack 2 unid.;1,04;173
Yogur DANONE, Enriquecido con Fresas, 140g, pack 2 unid.;1,04;173
Yogur DANONE, Enriquecido con Melocotón, 140g, pack 2 unid.;1,04;173
Yogur Enriquecido DANONE, sabor Limón, 140g, pack 2 unid.;0,91;151
Yogur LANDLIEBE, Con Albaricoque, tarro 500g;1,64;273
Yogur LANDLIEBE, Con Avellana, tarro 500g;1,64;273
Yogur LANDLIEBE, Con Frambuesas, tarro 500g;1,64;273
Yogur LANDLIEBE, Con Fresa, tarro 500g;1,64;273
Yogur Natural Azucarado LA LECHERA, 140g, pack 2 unid.;0,83;138
Yogur Natural LA LECHERA, 140g, pack 2 unid.;0,83;138
Yogur Sabor Fresa LA LECHERA, 140 g, pack 2 unid.;0,83;138
Yogur Sabor Limón LA LECHERA, 140 g, pack 2 unid.;0,83;138
Dan`up DANONE, Natural Azucarado, botella 600g;1,47;245
Dan`up de Fresa DANONE, botella 600 g;1,47;245
Dan`up de Fresa DANONE, 180 ml, pack 4 unid.;2,18;363
Dan`up de Fresa y Plátano DANONE, botella 600 g;1,47;245
Dan`up de Fresa y Plátano DANONE, 180g, pack 4 unid.;2,18;363
Dan`up de Piña y Coco DANONE, pack 180g, 4 unid.;2,18;363
YOCO, para Beber, sabor Fresa, 200ml, pack 4 unid.;2,26;376
Yogur Desnatado Vitalínea DANONE,sabor fresa,líquido,165g, 4un;2,25;374
Yogur Desnatado Vitalínea DANONE,sabor piña,líquido, 165g, 4u;2,25;374
Yogur Líquido KAIKU Yog`s, Natural, botella 750g;1,38;230
Yogur Líquido KAIKU Yog`s, sabor melocotón, botella 750g;1,38;230
Actimel Líquido DANONE, sabor Naranja, 100ml, pack 6 unid.;2,94;489
Actimel Líquido DANONE, 100ml, pack 6 unid.;2,94;489
Actimel Líquido DANONE,Desnatado,Bajo en Azúcar,100ml,pack 6unid;2,94;489
KAIKU Actif, Natural, para Beber, 70g, pack 6 unid.;1,99;331
KAIKU Actif, sabor Fresa, para Beber, 70g, pack 6 unid.;1,99;331
KAIKU Actif, sabor Manzana y Pera, para Beber, 70g, pack 6 unid.;1,99;331
KAIKU Actif, sabor Melocotón, para Beber, 70g, pack 6 unid.;1,99;331
LC1 NESTLÉ, para Beber, Natural, Azucarado, 800g, pack 4 unid.;2,46;409
LC1 NESTLÉ, para Beber, sabor Fresa, 800g, pack 4 unid.;2,46;409
SVELTESSE Liq. Fruta Melocotón 720ml;2,46;409
SVELTESSE Liquido Fresa    720 ml;2,46;409
Yogur Bio Líquido CLESA, Natural, 1l;1,59;265
Yogur Bio Líquido CLESA, sabor Limón,  botella 1l;1,59;265
Yogur Bio Líquido DANONE, Natural, 125g, pack 4 unid.;2,29;381
Yogur Bio Líquido DANONE, sabor Fresa, 150g, pack 4 unid.;2,29;381
Yogur Bio Líquido DANONE, sabor Limón, 150g, pack 4 unid.;2,29;381
Yogur Bio Líquido SVELTESSE, con pulpa de fresa,800g,pack 4 unid;2,3;383
Yogur Bio Líquido SVELTESSE,pulpa de melocotón,800g,pack 4 unid;2,3;383
Yogur Líquido KAIKU Yog`s, Natural, botella 750g;1,38;230
Yogur Líquido KAIKU Yog`s, sabor melocotón, botella 750g;1,38;230
Actimel Natural DANONE, 125g, pack 4 unid.;2,24;373
CONSUMER Biactive Natural, 125g, pack 4 unid.;0,64;106
CONSUMER Biactive, sabor Fresa, 125g, pack 4 unid.;0,74;123
CONSUMER Biactive, sabor Limón, 125g, pack 4 unid.;0,74;123
CONSUMER Biactive, sabor Plátano, 125g, pack 4 unid.;0,74;123
Yogur Bio Calcio NESTLÉ, 125g, pack 4 unid.;1,54;256
Yogur Bio Natural DANONE, 125g, pack 4 unid.;1,51;251
Yogur Bionanyu KAIKU, sabor Fresa, 125g, pack 4 unid.;1,19;198
Yogur Bionanyu KAIKU, sabor Limón, 125g, pack 4 unid.;1,19;198
Yogur Bionanyu KAIKU, sabor Piña, 125g, pack 4 unid.;1,19;198
Yogur Bionanyu KAIKU, sabor Plátano, 125g, pack 4 unid.;1,19;198
Yogur Bionanyu Natural KAIKU, 125g, pack 4 unid.;1,12;186
Bio DANONE, con Fresa, 125g, pack 4 unid.;1,79;298
BIOGHURT con Frutas, tarrina 500g;0,96;160
CONSUMER Biactive, con Ciruela, 125g, pack 4 unid.;1,05;175
CONSUMER Biactive con Fresas, 125g, pack 4 unid.;1,05;175
CONSUMER Biactive, con Frutas Del Bosque,125g, pack 4 unid.;1,05;175
Yogur Bio DANONE, con Ciruela, 125g, pack 4 unid.;1,79;298
Yogur Bio DANONE, con Frutas del Bosque, 125g, pack 4 unid.;1,79;298
Yogur Bio DANONE, con Manzana, 125g, pack 4 unid.;1,79;298
Yogur Bio Fibras DANONE, con Cereales, 125g, pack 4 unid.;1,83;304
Yogur Bio Fibras DANONE, con Muesli y Coco, 125g, pack 4 unid.;1,83;304
Yogur Bio Fibras DANONE, con Muesli, 125g, pack 4 unid.;1,83;304
Yogur Bionanyu KAIKU, con Fresas, 125g, pack 4 unid.;1,41;235
Yogur Bionanyu KAIKU, con Frutas Del Bosque, 125g, pack 4 unid.;1,41;235
Yogur Bionanyu KAIKU, con Manzana y Ciruela, 125g, pack 4 unid.;1,41;235
Yogur Bionanyu KAIKU, con Melocotón, 125g, pack 4 unid.;1,41;235
Yogur Bionanyu KAIKU, Desnatado, con Muesli, 125g, pack 4 unid.;1,41;235
Yogur Biactive CONSUMER, Desnatado,sabor Fresa,125g,pack 4 unid.;0,9;150
Yogur Biactive CONSUMER, Desnatado,sabor Limón,125g,pack 4 unid.;0,9;150
Yogur Biactive Natural CONSUMER, Desnatado, 125g, pack 4 unid.;0,61;101
Yogur Bio Desnatado Natural DANONE, 125g, pack 4 unid.;1,64;273
Yogur Bionanyu KAIKU, Desnatado, sabor Fresa, 125g, pack 4 unid.;1,22;203
Yogur Bionanyu KAIKU, Desnatado, sabor Limón, 125g, pack 4 unid.;1,22;203
Yogur Bionanyu Natural KAIKU, Desnatado, 125g, pack 4 unid.;1,16;193
Yogur Bio DANONE,  Desnatado, con Piña, 125g, pack 4 unid.;1,79;298
Yogur Bio DANONE, Desnatado, con Ciruela, 125g, pack 4 unid.;1,79;298
Yogur Bio DANONE, Desnatado, con Melocotón, 125g, pack 4 unid.;1,79;298
Postre KAIGUR, Natural Azucarado, 125g, pack 4 unid.;0,82;136
Postre KAIGUR, sabor Limón, 125g, pack 4 unid.;0,78;130
Postre KAIGUR, sabor Plátano, 125g, pack 4 unid.;0,78;130
Postre PMI, sabor Fresa, 125g, pack 4 unid.;0,78;130
Postre S?DMILCH, Natural, 500g;0,61;101
Yogur KAIGUR, sabor Macedonia, 125g, pack 4 unid.;0,78;130
Postre DELICE, con Fruta en el Fondo, 150g;0,25;42
Postre KAIGUR, con Fresa, 125g, pack 4 unid.;0,94;156
Postre KAIGUR, con Melocotón y Maracuya, 125g, pack 4 unid.;0,94;156
Postre KAIGUR, con Melón y Piña, 125g, pack 4 unid.;0,94;156
Postre Desnatado KAIGUR, Natural, 125g, pack 4 unid.;0,81;135
Postre Desnatado PASCUAL, con Bífidus Activo, 125g, pack 4 unid.;0,98;163
Postre Zumísimo  PASCUAL, sabor Fresa, 125g, pack 4 unid.;0,9;150
Postre Zumísimo PASCUAL, sabor Limón, 125g, pack 4 unid.;0,9;150
Postre Zumísimo PASCUAL, sabor Melocotón, 125g, pack 4 unid.;0,9;150
Postre Desnatado KAIGUR, con Fresas, 125g, pack 4 unid.;0,94;156
Yogur Desnatado Pasteurizado con Fresa PASCUAL, 125g, 4unid.;1,16;193
Yogur Desnatado Pasteurizado con Macedonia PASCUAL, 125g, 4unid.;1,16;193
Yogur Desnatado Pasteurizado con Manzana PASCUAL, 125g, 4unid.;1,16;193
Yogur Desnatado Pasteurizado con Melocotón PASCUAL, 125g, 4unid.;1,16;193
Yogur Desnatado Pasteurizado con Piña PASCUAL, 125g, 4unid.;1,16;193
FRUTTIS con Frutas, Desnatado, tarrina 500g;0,65;108
Jardín de Frutas FRUITIGO, 250g;0,43;72
Natillas de Chocolate PASCUAL, 125g, pack 4 unid.;1,08;180
Natillas de Huevo PASCUAL, 125g, pack 4 unid.;1,08;180
Puddis Mezcla S?DMILCH, 125g, pack 4 unid.;0,69;115
Cuajada CONSUMER, 125g, pack 4 unid.;1,02;170
Cuajada DANONE, 135g, pack 2 unid.;1;166
Cuajada de Oveja GOSHUA, tarro de barro 140g;0,97;161
Cuajada KAIKU, 125g, pack 4 unid.;1,32;220
Flan de Huevo CLESA, 110g, pack 4 unid.;1,07;178
Flan de Huevo CONSUMER De Mi Pueblo,al baño María, 100g x 4unid.;1,2;200
Flan de Huevo DANONE, 110g, pack 4 unid.;1,44;240
Flan de Huevo GRAN DHUL, 110g, pack 4 unid.;1,71;285
Flan de Huevo PASCUAL, 100g, pack 4 unid.;1,14;190
Flan de Vainilla CLESA, 105g, pack 4 unid.;0,9;150
Flan de Vainilla CONSUMER, 105g, pack 4 unid.;0,64;106
Flan de Vainilla DANONE, 100g, pack 4 unid.;1,12;186
Flan de Vainilla GRAN DHUL, tamaño familiar 500g;1,39;231
Natillas de Coco DANONE, 100, pack 2 unid.;0,85;141
Natillas de Huevo CONSUMER De Mi Pueblo, pack 140g;0,92;153
Natillas de Huevo GOSHUA, con Caramelo, 140g;0,97;161
Natillas de Leche y Caramelo DANONE, 130g, pack 2 unid.;0,85;141
Natillas de Vainilla CLESA, 140g, pack 3 unid.;0,9;150
Natillas de Vainilla CONSUMER, 125g, pack 2 unid.;0,46;77
Natillas de Vainilla DANONE, para Beber, 140g, pack 4 unid.;2,47;411
Natillas de Vainilla DANONE, 130g, pack 2 unid.;0,85;141
Natillas de Vainilla EL PRADO, brik 1l;1,17;195
Natillas KAIKU, 125g, pack 4 unid.;1,27;211
Crema Catalana CONSUMER De Mi Pueblo, pack 150g;0,7;116
Crema de Chocolate CLESA, 130g, pack 3 unid.;0,9;150
Natillas de Chocolate CONSUMER, 125g, pack 2 unid.;0,46;77
Natillas de Chocolate DANONE, para Beber, 140g, pack 4 unid.;2,47;411
Natillas de Chocolate DANONE, 130g, pack 2 unid.;0,85;141
Arroz con Leche DANONE, 140g, pack 2 unid.;0,93;155
Arroz con Leche GOSHUA, tarro 140g;0,97;161
Arroz con Leche y Vainilla DANONE, 125g, pack 2 unid.;0,93;155
Copa de Chocolate y Nata DANONE, 100g, pack 2 unid.;0,8;133
Copa DELICE, sabor Chocolate y Nata, 100g, pack 4 unid.;0,97;161
Postre CLESA, sabor Chocolate, 125g, pack 4 unid.;1,07;178
Postre CONSUMER, sabor Chocolate, 150g, pack 4 unid.;0,73;121
Profiteroles NESTLÉ, 100g, pack 2 unid.;1,76;293
Tarta al Whisky PARMALAT, 115g, pack 2 unid.;1,94;323
Tiramisu PARMALAT, 115g, pack 2 unid.;1,94;323
Tocino de Cielo DHUL, 100g, pack 2 unid.;1,39;231
Toffe LA LECHERA, 150g, pack 2 unid.;1,17;195
Trufa LA LECHERA, 150g, pack 2 unid.;1,13;188
Mousse de Café NESTLÉ, 60g, pack 4 unid.;1,81;301
Mousse de Chocolate DU BONPRE, 85g;0,26;43
Mousse de Chocolate NESTLÉ, 60g, pack 4 unid.;1,81;301
Mousse de Yogur DANONE, sabor Fresa, 70g, pack 4 unid.;1,74;290
Mousse de Yogur DANONE, sabor Limón, 70g, pack 4 unid.;1,74;290
Mousse de Yogur Natural DANONE, 70g, pack 4 unid.;1,74;290
Mousse Maestro DANONE, sabor Chocolate, 60g, pack 4 unid.;1,78;296
Mi Primer DANONE, Fresa/Plátano, 125g x 4 unid.;2,91;484
Mi Primer DANONE, Petit Combi, 50 g x 6 unid.;2,17;361
Petit Suisse CLESA, sabor Fresa, 55g, pack 6 unid.;1,06;176
Petit Suisse DANONE, Light, sabor Fresa, 55g, pack 6 unid.;1,38;230
Petit Suisse DANONE, sabor Fresa y Plátano, 55g, pack 6 unid.;1,38;230
Petit Suisse DANONE, sabor Fresa, 55g, pack 6 unid.;1,38;230
Petit Suisse KAIKU, sabor Fresa, pack 4 unid.;0,73;121
Petit Suisse Natural CLESA, 55g, pack 6 unid.;1,06;176
Petit Suisse Natural DANONE, Azucarado, 55g, pack 6 unid.;1,38;230
Petit Suisse DANONE, con Cereales, 55g, pack 6 unid.;1,38;230
Petit Suisse DANONE, para Beber, sabor Fresa, 100g, pack 6 unid.;2,79;464
Petit Suisse DANONE, sabor Chocolate, 55g, pack 6 unid.;1,38;230
Petit Suisse DANONE, Varios Sabores, 55g, pack 6 unid.;1,38;230
Petit Suisse DANONE,Bebible,sabor Fresa-Plátano,100g,pack 6 unid;2,79;464
Petit Suisse NESQUIK, sabor Chocolate, 55g, pack 6 unid.;1,38;230
YOCO, Petit Frutas Rojas, 50g, pack 6 unid.;1,48;246
Mousse de Queso Natural DANONE, 75g, pack 2 unid.;1,17;195
Mousse de queso Sveltesse NESTLÉ, con fresas, 180g, pack 2 unid;0,93;155
Mousse de Queso Vitalínea DANONE, con Fresas, 75g, pack 2 unid.;1,17;195
Mousse de Queso Vitalínea DANONE, con Melocotón,75g,pack 2 unid.;1,17;195
Postre Danio DANONE, sabor Fresa, 150g, pack 2 unid.;1,31;218
Postre Danio DANONE, sabor Melocotón, 150g, pack 2 unid.;1,31;218
Postre Danio Natural DANONE, 150g, pack 2 unid.;1,31;218
Queso de Vaca PAZO, Tetilla aprox. 500g (7,14 euros/kg);3,57;594
Queso Semicurado Mahón de Vaca COINGA, D.O. Menorca, cuña aprox. 350g (9,54 euros/kg);3,339;556
Queso Curado de oveja, vaca y cabra CERRATO, mini aprox. 1,00kg (10,16 euros/kg);10,16;1690
Queso Curado de oveja, vaca y cabra MANZER, mini aprox. 1,00kg (9,15 euros/kg);9,15;1522
Queso Curado de vaca, oveja y cabra  CONSUMER, cuña aprox. 400g (8,99 euros/kg);3,596;598
Queso Curado de vaca, oveja y cabra  GRAN CAPIT?N, cuña aprox. 400g (10,19 euros/kg);4,076;678
Queso Curado de vaca, oveja y cabra CERRATO, cuña aprox. 400g (10,16 euros/kg);4,064;676
Queso Curado de vaca, oveja y cabra EL GRAN CARDENAL,cuña aprox. 400g (9,89 euros/kg);3,956;658
Queso Curado de vaca, oveja y cabra GARCÍA BAQUERO, cuña aprox. 400g (10,5 euros/kg);4,2;699
Queso Curado de vaca, oveja y cabra GARCÍA BAQUERO, mini aprox. 1,00kg (10,5 euros/kg);10,5;1747
Queso Curado GRAN CAPITAN, cuña;2,13;354
Queso Semicur. de vaca,oveja y cabra EL GRAN CARDENAL,cuña aprox 400g (9,32 euros/kg);3,728;620
Queso Semicurado de cabra, oveja y cabra EL PASTOR, cuña aprox. 400g (9,37 euros/kg);3,748;624
Queso Semicurado de oveja, vaca y cabra CARDENAL, mini aprox. 1,00kg (9,32 euros/kg);9,32;1551
Queso Semicurado de vaca, oveja y cabra CONSUMER, cuña aprox. 400g (8,35 euros/kg);3,34;556
Queso Semicurado de vaca, oveja y cabra GRAN CAPIT?N,cuña aprox. 400g (9,4 euros/kg);3,76;626
Queso Semicurado de vaca,oveja y cabra GARCÍA BAQUERO,cuña aprox 400g (9,59 euros/kg);3,836;638
Queso Tierno de vaca, oveja y cabra  CONSUMER, cuña aprox. 400g (7,75 euros/kg);3,1;516
Queso Tierno de vaca, oveja y cabra  EL VENTERO, cuña aprox. 400g (8,65 euros/kg);3,46;576
Queso Tierno de vaca oveja y cabra GARCÍA BAQUERO, cuña aprox. 400g (9,6 euros/kg);3,84;639
Queso Tierno de vaca, oveja y cabra LA CABAÐA, cuña aprox. 400g (8,7 euros/kg);3,48;579
Queso Viejo de oveja y vaca CAMPOCURADO, cuña aprox. 400g (11,11 euros/kg);4,444;739
Queso Viejo de vaca, oveja y cabra GARCIA BAQUERO, cuña 400g (13,63 euros/kg);5,452;907
Queso Viejo de vaca, oveja y cabra GARCÍA BAQUERO, cuña aprox. 400g (12,89 euros/kg);5,156;858
Queso Curado de oveja  DON BERNARDO, D.O. La Mancha, cuña aprox. 400g (13,76 euros/kg);5,504;916
Queso Curado de oveja  FLOR ESGUEVA, cuña aprox. 400g (13,16 euros/kg);5,264;876
Queso Curado de oveja  RONCARI, D.O. Valle de Roncal,cuña aprox. 400g (14,96 euros/kg);5,984;996
Queso Curado de Oveja FLOR ESGUEVA, cuña aprox. 400g (14,35 euros/kg);5,74;955
Queso de oveja  LANA, D.O. Idiazabal, Ahumado, cuña aprox. 400g (14,99 euros/kg);5,996;998
Queso de oveja  LANA, D.O. Idiazabal, Natural, cuña aprox. 400g (13,52 euros/kg);5,408;900
Queso de oveja  LIZARRA, D.O. Idiazabal, Ahumado, cuña aprox. 400g (13,76 euros/kg);5,504;916
Queso de oveja BOFFARD, cuña aprox. 400g (14,39 euros/kg);5,756;958
Queso de oveja IMPERIAL, cuña aprox. 400g (13,19 euros/kg);5,276;878
Queso de oveja LA VASCO NAVARRA,D.O Idiazabal,Ahumado,cuña aprox 400g (14,39 euros/kg);5,756;958
Queso de oveja LA VASCO NAVARRA,D.O Idiazabal,Natural,cuña aprox 400g (14,39 euros/kg);5,756;958
Queso de oveja LIZARRA,D.O. Idiazabal,Ahumado,cuña aprox. 400g (13,79 euros/kg);5,516;918
Queso Fresco ANGULO, Tradicional, 500g;2,97;494
Queso Fresco BERTA, tarrina 300g;1,79;298
Queso Fresco BURGO DE ARIAS, con Calcio, 3 unidades, 225g;2,33;388
Queso Fresco BURGO DE ARIAS, mini, pack 3 unid. x 75g;1,91;318
Queso Fresco BURGO DE ARIAS, pack 4 unid. x 125g;3,77;627
Queso Fresco BURGO DE ARIAS, tarrina 250g;1,8;299
Queso Fresco de Burgos BERTA, tarrina 500g;2,16;359
Queso Fresco de Burgos MAMA LOUISE, pack 4 unid. x 62,5g;1,93;321
Queso Fresco de Burgos MAMA LOUISE, 250g;1,9;316
Queso Fresco de Burgos SANNIA, tarrina 500g;2,76;459
Queso Fresco GAILLA, tarrina 300g;1,79;298
Queso Fresco GAILLA, tarrina 500g;2,75;458
CrÞme Roquefort SOCIETÉ, pack 125g;2,13;354
Queso Camembert PRESIDENT, 250g;2,13;354
Queso Roquefort SOCIÉTÉ, cuña 100g;2,14;356
Crema de queso Camembert PRESIDENT, tarrina 125g;1,36;226
Queso CAPRICE DES DIEUX, pack 200g;2,84;473
Queso MINI BABYBEL, 132g, bolsa 6 unid.;1,83;304
Queso Mini Maasdam MINI BABYBEL, 120g, pack 6 unid.;1,83;304
Queso CAPRICE DES DIEUX, pack 200g;2,84;473
Queso Feta en aceite TGT, 150g;2,34;389
Tarta de Queso ALDANONDO, 180g;1,25;208
Queso Rallado ALDANONDO, 100g;0,92;153
Queso Rallado CENTRAL LECHERA ASTURIANA, bolsa 90g;0,92;153
Queso Rallado EL CASERIO, bolsa 90g;0,94;156
Queso Rallado Emmental GROSJEAN, bolsa 100g;0,65;108
Queso Rallado Emmental GROSJEAN, 500g;3,4;566
Queso Rallado Emmental NEUTRO, 200g;1,64;273
Queso Rallado Emmental PRESIDENT, bolsa 100g;0,92;153
Queso Rallado Emmental PRESIDENT, 200g;1,83;304
Queso Rallado Filatto EL CASERIO, sobre 90g;0,97;161
Queso Rallado HOCHLAND, bolsa 100g;0,53;88
Queso Rallado Mozzarella DANAZELL, bolsa 200g;1,62;270
Queso Rallado Mozzarella EL CASERIO, 180g;1,67;278
Queso Rallado para pizza PIZZAFONTE, 200g;1,21;201
Queso Rallado Parma HOCHLAND, bolsa 50g;0,43;72
Queso Rallado 4 Quesos EL CASERIO, bolsa 140g;1,64;273
Pik Croq LA VACA QUE RIE, 140g, caja 6 unid.;1,74;290
Queso Fundido CONSUMER, en porciones, 250g;0,94;156
Queso Fundido desnatado LA VACA QUE RIE, en porciones, 250g;1,37;228
Queso Fundido EL CASERIO, en porciones, 125g;0,76;126
Queso Fundido EL CASERIO, en porciones, 250g;1,42;236
Queso Fundido EL CASERIO, en porciones, 375g;2,19;364
Queso Fundido LA VACA QUE RIE, en porciones, 250g;1,23;205
Queso Fundido SANTÉ, en porciones, 250g;1,5;250
Queso KIRI con Nata, 6 porciones, pack 120g;1,56;260
Queso Fundido CONSUMER, en lonchas, 150g;0,6;100
Queso Fundido CONSUMER, en lonchas, 300g;1,18;196
Queso Fundido Desnatado NUR DIET, en lonchas, 150g;0,65;108
Queso Fundido EL CASERIO, en lonchas, 150g;0,76;126
Queso Fundido EL CASERIO, en lonchas, 300g;1,47;245
Queso Fundido EL CASERIO, en lonchas, 450g;2,95;491
Queso Fundido ligero EL CASERIO, en lonchas , 150g;0,97;161
Queso Fundido SABANITAS, en lonchas 300g;1,27;211
Queso Fundido TRANCHETTES, en lonchas 150g;0,93;155
Queso Fundido TRANCHETTES, en lonchas, 300g;1,71;285
Queso Fundido TRANCHETTES, en lonchas, 450g;2,89;481
Queso a las Finas Hierbas PHILADELPHIA, tarrina 150g;1,47;245
Queso Azul SAN MILL?N, tarrina 125g;1,28;213
Queso de Ajo SAN MILL?N, tarrina 125g;1,28;213
Queso Light PHILADELPHIA, tarrina 200g;1,5;250
Queso Light SAN MILL?N, tarrina 175g;1,28;213
Queso Natural PHILADELPHIA, tarrina 200g;1,5;250
Queso Natural PHILADELPHIA, tarrina 300g;2,11;351
Queso Natural SAN MILL?N, tarrina 200g;1,28;213
Queso Roquefort PHILADELPHIA, tarrina 150g;1,47;245
Queso Salmón PHILADELPHIA, tarrina 150g;1,47;245
Crema de Membrillo QUIJOTE, fiambrera 400g;1,34;223
Membrillo CONSUMER, barqueta 400g;0,58;97
Mantequilla ARIAS, micro, 125g, pack 10 unid.;1,11;185
Mantequilla ARIAS, Salada, tarrina 125g;1,11;185
Mantequilla ARIAS, tarrina 250g;2,25;374
Mantequilla HOLANDESINA, lata 500g;5,56;925
Mantequilla PASCUAL, tarrina 250g;1,77;295
Mantequilla PRESIDENT, para Untar, tarrina 250g;1,96;326
Mantequilla Rulo CENTRAL LECHERA ASTURIANA, 250g;1,97;328
Margarina de Girasol CONSUMER, tarrina 500g;0,98;163
Margarina de Maíz ARTUA, tarrina 250g;0,92;153
Margarina de Maíz ARTUA, tarrina 500g;1,67;278
Margarina de Maíz CONSUMER,  tarrina 500g;1,01;168
Margarina FLORA Proactiv, tarrina 250g;3,37;561
Margarina LIGERESA, tarrina 250g;0,86;143
Margarina Vegetal CONSUMER Biactive Calcio, tarrina 500g;0,98;163
Margarina Vegetal FLORA, tarrina 250g;0,9;150
Margarina Vegetal Ligera CONSUMER, tarrina 500g;0,98;163
Margarina Vegetal MARGET, tarrina 500g;0,62;103
Margarina Vegetal TULIP?N, tarrina 250g;0,75;125
Nata FOUETTEE, spray 250g;1,02;170
Nata KAIKU, para Cocinar, brik 200 ml;0,87;145
Nata Líquida ASTURIANA, brik 500 ml;1,99;331
Nata Líquida CONSUMER, brik 500g;1,4;233
Nata Líquida KAIKU, brik 1l;3,24;539
Nata Líquida KAIKU, brik 200ml;0,9;150
Nata Líquida LA LECHERA, brik 500 ml;1,69;281
Nata Líquida para Cocinar CONSUMER, brik 200ml;0,52;87
Nata Líquida PASCUAL, brik 1l;2,73;454
Nata Líquida PASCUAL, brik 200 ml;0,85;141
Nata Montada CONSUMER, spray 250g;1,37;228
Nata PRESIDENT, spray 250g;1,49;248
Nata RAM, para Cocinar, brik 200 ml;0,84;140
Nata RAM, spray 250g;1,69;281
Crema de Café S?DMILCH, 10g, pack 10 unid.;0,37;62
Batido al Cacao CONSUMER, botella 1l;0,58;97
Batido al Cacao Prisma PULEVA, brik 250 ml;0,45;75
Batido al Cacao Prisma PULEVA, con Cereales, brik 250 ml;0,45;75
Batido de Cacao CACAOLAT, botella 1l;1,21;201
Batido de Cacao CELTA, brik 200 ml, pack 3 unid.;0,83;138
Batido de Cacao CHUFI, botella 1l;0,75;125
Batido de Cacao KAIKU, botella 1l;0,86;143
Batido de Cacao KAIKU, botella 200 ml;0,31;52
Batido de Cacao KAIKU, brik 200 ml, pack 3 unid.;0,86;143
Batido de Cacao OKEY, botella 750 ml;0,86;143
Batido de Cacao PASCUAL, brik 200 ml, pack 3 unid.;0,92;153
Batido de Cacao RAM, brik 200 ml, pack 3 unid.;0,85;141
Chocolate a la Taza KAIKU, brik 1l;1,59;265
Chocolate a la Taza RAM, brik 1l;1,54;256
Batido de Fresa CELTA, brik 200 ml, pack 3 unid.;0,83;138
Batido de Fresa CHOLECK, botella 1l;0,75;125
Batido de Fresa KAIKU, botella 1l;0,86;143
Batido de Fresa KAIKU, brik 200 ml, pack 3 unid.;0,89;148
Batido de Fresa OKEY, botella 200 ml, pack 6 unid.;2,28;379
Batido de Fresa OKEY, botella 750 ml;0,86;143
Batido de Fresa PASCUAL, brik 200 ml, pack 3 unid.;0,92;153
Batido de Vainilla CELTA, brik 200 ml, pack 3 unid.;0,83;138
Batido de Vainilla CHOLECK, botella 1l;0,75;125
Batido de Vainilla KAIKU, botella 1l;0,86;143
Batido de Vainilla KAIKU, botella 200 ml;0,31;52
Batido de Vainilla KAIKU, brik 200 ml, pack 3 unid.;0,86;143
Batido de Vainilla OKEY, botella 200 ml, pack 6 unid.;2,28;379
Batido de Vainilla PASCUAL, brik 200 ml, pack 3 unid.;0,92;153
Batido de Vainilla RAM, botella 1l;0,89;148
Batido Bio DON SIMON, Multifrutas, pack 3x 0.33l;1,35;225
Batido Bio DON SIMON, sabor Caribe, pack 3x 0.33l;1,35;225
Batido Bio PASCUAL, sabor Frutas Mediterráneas, brik 0,33l;0,51;85
Batido Bio PASCUAL,sabor Frutas Tropicales,Energético,brik 0,33l;0,51;85
Batido Biovit DON SIMON, Caribe, 0% Materia Grasa, brik 0,33l;0,42;70
Batido Biovit DON SIMON, Caribe, 0% Materia Grasa, brik 1l;1,07;178
Batido Biovit DON SIMON, Multifruta, 0% Materia Grasa, brik 1l;1,07;178
Batido Sport Frutas CHOLECK, Energético, brik 0,33l;0,42;70
Batido Sport Mountain CHOLECK, Energético, brik 0,33l;0,42;70
Batido Sport Tropical CHOLECK, Energético, brik 0,33l;0,42;70
Leche Merengada PULEVA, Canela y Limón, brik 1l;0,99;165
Horchata CHUFI, botella 1l;1,01;168
Horchata Prisma CHUFI, brik 0,33l;0,51;85
Café en Grano BAQUÉ, de Colombia, envase 250g;2,71;451
Café en Grano BAQUÉ, Descafeinado, envase 250g;2,16;359
Café en Grano BAQUÉ, Natural, envase 250g;1,78;296
Café en Grano BAQUÉ, Natural, envase 500g;3,53;587
Café en Grano CONSUMER, Natural, envase 250g;1,52;253
Café en Grano CONSUMER, Natural, envase 500g;3,04;506
Café en Grano CONSUMER, Torrefacto, envase 250g;1,53;255
Café en Grano FORTALEZA, Natural, pack 250g;1,72;286
Café en Grano FORTALEZA, Natural, pack 500g;3,43;571
Café en Grano FORTALEZA, Torrefacto, pack 250g;1,77;295
Café Molido BAQUÉ, Natural, envase 250g;1,23;205
Café Molido CONSUMER, Natural, envase 250g;1,16;193
Café Molido FORTALEZA, Natural, pack 250g;1,23;205
Café Molido MARCILLA, Aroma Natural, pack 250g;1,23;205
Café Molido BAQUÉ, Arábica, envase 250g;2,71;451
Café Molido BAQUÉ, de Colombia, envase 250g;2,53;421
Café Molido BAQUÉ, Expresso, envase 250g;2,71;451
Café Molido BAQUÉ, Gran Sabor, envase 250g;1,24;206
Café Molido BAQUÉ, Orígenes Selectos, pack 250g;4,09;681
Café Molido BAQUÉ, Selección, envase 500g;5,53;920
Café Molido ENERGETIC, con Ginseng, envase 250g;1,91;318
Café Molido ENERGETIC, con Guaraná, envase 250g;1,91;318
Café Molido FORTALEZA Gipuzkoa, Natural, pack 250g;1,81;301
Café Molido FORTALEZA, Grandes Orígenes, pack 250g;2,53;421
Café Molido FORTALEZA, Natural, 100% Puro Arábica, bote 250g;2,53;421
Café Molido Grandes Origenes FORTALEZA, de Colombia, pack 250g;2,53;421
Café Molido Grandes Origenes FORTALEZA, de Costa Rica, pack 250g;2,53;421
Café Molido Grandes Origenes FORTALEZA, de Kenya, pack 250g;2,53;421
Café Molido SAIMAZA, Mezcla Gran Selección, envase 250g;1,72;286
Café Molido SAIMAZA, Natural Selección, envase 250g;1,72;286
Café Molido MARCILLA, Mezcla, pack 250g;1,23;205
Café Molido Mezcla BAQUÉ, 50%Natural-50%Torrefacto, envase 250g;1,23;205
Café Molido Mezcla CONSUMER, 50%Natural-50%Torrefacto, 250g;1,16;193
Café Molido Mezcla FORTALEZA,50%Natural/50%Torrefacto,pack 250g;1,23;205
Café molido descafeinado BAQUÉ,  envase 250g;1,71;285
Café molido descafeinado BAQUÉ, de Colombia, envase 250g;2,76;459
Café molido descafeinado CONSUMER, envase 250g;1,57;261
Café Molido Descafeinado FORTALEZA, bote 250g;2,73;454
Café molido descafeinado FORTALEZA, pack 250g;1,72;286
Café soluble natural BAQUÉ, envase 200g;3,71;617
Café soluble natural CONSUMER, envase 100g;1,48;246
Café Soluble natural CONSUMER, envase 200g;3,09;514
Café soluble natural DILUZZO, envase 200g;2,37;394
Café soluble natural NESCAFÉ, Alta Rica, envase 100g;3,15;524
Café soluble natural NESCAFÉ, de Colombia, envase 100g;3,15;524
Café soluble natural NESCAFÉ, envase 100g;2,46;409
Café soluble natural NESCAFÉ, envase 200g;4,17;694
Café soluble natural NESCAFÉ, envase 50g;1,37;228
Café soluble natural NESCAFÉ Solo, envase 100g;3,21;534
Café Soluble Descafeinado BAQUÉ, envase 200g;4,02;669
Café Soluble Descafeinado CONSUMER, envase 100g;1,71;285
Café Soluble Descafeinado CONSUMER, envase 200g;3,71;617
Café Soluble Descafeinado DILUZZO, envase 200g;2,88;479
Café Soluble Descafeinado NESCAFÉ, envase 100g;2,88;479
Café Soluble Descafeinado NESCAFÉ, envase 200g;4,84;805
Café Soluble Descafeinado NESCAFÉ, envase 50g;1,58;263
Café Soluble CONSUMER, Descafeinado, pack 20g, 10 sobres;0,65;108
Café Soluble CONSUMER, Natural, pack 20g, 10 sobres;0,6;100
Café Soluble Descafeinado SOLEY, pack 20g, 10 sobres;0,8;133
Café Soluble FORTALEZA, Descafeinado, pack 20g, 10 sobres;0,73;121
Café Soluble NESCAFÉ, Descafeinado, pack 20g, 10 sobres;0,79;131
Café + Cacao NESCAFÉ Mix, envase 200g;2,02;336
Café Soluble NESCAFÉ, Expresso, envase 20g;0,93;155
Café Soluble NESTLÉ, Vienés, pack 144g, 8 unid.;2,11;351
Cappuccino NESCAFÉ, con Vainilla, pack 108g, 8 unid.;2,14;356
Cappuccino NESCAFÉ, Descafeinado, pack 125g, 10 unid.;2,21;368
Capuccino CONSUMER, pack 125g, 10 sobres;1,51;251
Capuccino NESCAFÉ, envase 125g;2,05;341
Achicoria Especial-Expres EL CHIMBO, envase 200g;0,8;133
Achicoria Especial-Expres EL CHIMBO, envase 500g;2,04;339
Achicoria Soluble CONSUMER, envase 200g;2,2;366
Achicoria Soluble LEROUX, Avellana, envase 100g;1,91;318
Achicoria Soluble LEROUX, Caramelo, envase 100g;1,91;318
Achicoria Soluble LEROUX, envase 200g;2,54;423
Achicoria Soluble LEROUX, Vainilla, envase 100g;1,91;318
Malta Muller, envase 200g;0,54;90
Achicoria y Café RICORE, envase 200g;3,82;636
Cereales para Beber EKO, Solubles, con Miel, envase 150g;1,81;301
Cereales para Beber EKO, Solubles, envase 75g;1,06;176
Cereales Solubles CONSUMER, envase 150g;1,12;186
Cereales Solubles EKO, envase 150g;1,81;301
Soluble de Cacao COLA CAO, envase 425g;1,78;296
Soluble de Cacao COLA-CAO Turbo Instantáneo, envase 400g;1,78;296
Soluble de Cacao COLA-CAO,6 Sobres Individuales, 108g, 6 unid.;1,14;190
Soluble de Cacao CONSUMER, envase 500g;1,02;170
Soluble de Cacao NESQUIK Instantáneo, envase 400g;1,56;260
Soluble de Cacao COLA-CAO, envase 800g;3,35;557
Soluble de Cacao COLA-CAO Turbo Instantáneo, envase 750g;3,35;557
Soluble de Cacao CONSUMER, envase 900g;1,67;278
Soluble de Cacao NESQUIK Instantáneo, envase 800g;3,01;501
Soluble de Cacao NESQUIK Refill, envase 1kg;3,81;634
Soluble de Cacao COLA-CAO, caja 3kg;8,96;1491
Soluble de Cacao CONSUMER, caja 3kg;5,54;922
Soluble de Cacao NESQUIK Instantáneo, caja 3kg;8,6;1431
Té Assam India HORNIMANS, Pleno e Intenso, pack 34g, 20 sobres;1,75;291
Té CONSUMER, pack 43g, 25 sobres;0,83;138
Té English Breakfast HORNIMANS,Enérgico/Intenso,pack 40g,20 sob;1,75;291
Té HORNIMANS, con Limón, pack 30g, 20 sobres;1,75;291
Té HORNIMANS, con Menta, pack 30g, 20 sobres;1,75;291
Té HORNIMANS, pack 43g, 25 sobres;1,43;238
Té Rojo HORNIMANS,con Toque de Ciruela y Anís,pack 35g,20 sobres;1,88;313
Té Rojo POMPADOUR, pack 33g, 20 sobres;1,67;278
Té Verde Citrus HORNIMANS, pack 40g, 20 sobres;1,88;313
Té Verde HORNIMANS, con Toque de Poleo Menta, pack 40g,20 sobres;1,88;313
Té Verde POMPADOUR, caja 37,5g, 25 sobres;1,67;278
Manzanilla con Anís POMPADOUR, pack 37,5g, 25 sobres;1,47;245
Manzanilla con Menta POMPADOUR, pack 35g, 20 sobres;1,58;263
Manzanilla CONSUMER, pack 33,75g, 25 sobres;0,83;138
Manzanilla HORNIMANS, pack 35g, 25 sobres;1,43;238
Manzanilla POMPADOUR, pack 13,5g, 10 sobres;0,63;105
Manzanilla POMPADOUR, pack 37,5g, 25 sobres;1,47;245
Mazanilla SUEÐOS DE ORO, pack 60g, 10 sobres;1,17;195
Tila CONSUMER, pack 30g, 25 sobres;0,83;138
Tila POMPADOUR, pack 12g, 10 sobres;0,63;105
Tila POMPADOUR, pack 30g, 25 sobres;1,47;245
Tila y Menta POMPADOUR, pack 35g, 20 sobres;1,58;263
Poleo-Menta CONSUMER, pack 30g, 25 sobres;0,83;138
Poleo-Menta POMPADOUR, pack 15g, 10 sobres;0,63;105
Poleo-Menta POMPADOUR, pack 37,5g, 25 sobres;1,47;245
Anís verde LA TISANERÍA, envase 100g;1,88;313
Hierba San Juán POMPADOUR, pack 40g, 20 sobres;1,58;263
Hierbaluisa POMPADOUR, pack 20 sobres;1,58;263
Hojas de boldo POMPADOUR, pack 30g, 20 sobres;1,47;245
Infusión de Frutas POMPADOUR, pack 60g, 20 sobres;1,47;245
Infusión de Manzanas POMPADOUR, pack 60g, 20 sobres;1,58;263
Infusión Digestiva HORNIMANS, Manzanilla/Poleo/Anis,pack 30g,20;1,75;291
Infusión Hinojo POMPADOUR, pack 40g, 20 sobres;1,58;263
Infusión HORNIMANS, de Hibisco/Frambuesa/Rosa, pack 30g,20 sobr.;1,75;291
Infusión HORNIMANS, de Manzana/Limón/Pomelo, pack 30g, 20 sobr.;1,91;318
Infusión HORNIMANS, de Mora/Pera/Regaliz, pack 30g, 20 sobr.;1,75;291
Infusión Relax HORNIMANS, Azahar/Melisa/Tila, 30g, 20 sobres;1,75;291
Mermelada Ciruela/Manzana/Miel BEBÉ,Extra,Menos Azúcar,fr. 260g;1,37;228
Mermelada de Albaricoque BEBÉ, frasco 340g;1,08;180
Mermelada de Albaricoque CONSUMER, frasco 350g;0,93;155
Mermelada de Albaricoque CONSUMER, frasco 700g;1,55;258
Mermelada de Albaricoque LESSON, frasco 330g;0,62;103
Mermelada de Albaricoque y Manzana HERO, con Fibra, frasco 260g;1,27;211
Mermelada de Ciruela BEBÉ, frasco 340g;1,08;180
Mermelada de Ciruela CONSUMER, frasco 350g;0,93;155
Mermelada de Ciruela CONSUMER, frasco 700g;1,55;258
Mermelada de Ciruela LESSON, frasco 330g;0,62;103
Mermelada de Ciruela y Kiwi HERO, con Fibra, frasco 260g;1,27;211
Mermelada de Frambuesa BEBÉ, frasco 340g;1,27;211
Mermelada de Fresa BEBÉ, frasco 340g;1,08;180
Mermelada de Fresa CONSUMER, frasco 350g;0,93;155
Mermelada de Fresa CONSUMER, frasco 700g;1,55;258
Mermelada de Fresa LESSON, frasco 330g;0,62;103
Mermelada de Fresa y Frambuesa HERO, con Fibra, frasco 260g;1,27;211
Mermelada de Frutas del Bosque BEBÉ, Extra, frasco 340g;1,27;211
Mermelada de Frutas Doradas BEBÉ, Extra, frasco 340g;1,27;211
Mermelada de Melocotón BEBÉ, frasco 340g;1,08;180
Mermelada de Melocotón CONSUMER, frasco 350g;0,93;155
Mermelada de Melocotón CONSUMER, frasco 700g;1,55;258
Mermelada de Melocotón LESSON, frasco 330g;0,62;103
Mermelada de Melocotón y Naranja HERO, con Fibra, frasco 260g;1,27;211
Mermelada de Naranja Amarga CONSUMER, frasco 700g;1,55;258
Mermelada de Naranja CONSUMER, frasco 350g;0,93;155
Mermelada de Naranjas BEBÉ, frasco 340g;1,08;180
Confitura de Albaricoque HERO, frasco 345g;1,12;186
Confitura de Arándanos HERO, frasco 345g;1,47;245
Confitura de Ciruela HERO, frasco 345g;1,12;186
Confitura de Frambuesa HERO, frasco 345g;1,47;245
Confitura de Fresa HERO, frasco 345g;1,12;186
Confitura de Melocotón HERO, frasco 345g;1,12;186
Confitura de Naranja Amarga HERO, frasco 345g;1,12;186
Confitura de Naranja Dulce HERO, frasco 345g;1,12;186
Confitura de Zarzamora HERO, frasco 345g;1,25;208
Confitura de Albaricoque HERO DIET, Sin Azúcar Añadido, 280g;1,26;210
Confitura de Ciruela HERO DIET, Sin Azúcar Añadido, frasco 280g;1,26;210
Confitura de Fresa HERO DIET, Sin Azúcar Añadido, frasco 280g;1,26;210
Confitura de Melocotón HERO DIET, Sin Azúcar Añadido,frasco 280g;1,26;210
Confitura de Naranja Amarga HERO DIET, Sin Azúcar Añadido, 280g;1,26;210
Mermelada CONSUMER, con un 70% de Albaricoque, frasco 260g;0,82;136
Mermelada CONSUMER, con un 70% de Ciruela, frasco 260g;0,82;136
Mermelada CONSUMER, con un 70% de Fresa, frasco 260g;0,82;136
Mermelada CONSUMER, con un 70% de Melocotón, frasco 260g;0,82;136
Confitura de Fresa HELIOS, pack 8 X 25g;0,82;136
Confitura de Melocotón HELIOS, pack 8 x 25g;0,81;135
Picos de Membrillo HELIOS, pack 170g;0,89;148
Surtido Confituras HERO, Tarrinas Varios Sabores, pack 8 x 30g;1,26;210
Miel con Avellana GURE EZTIAK, tarro 500g;4,81;800
Miel con Jalea Real GOZO-GOZOA, tarro 500g;7,04;1171
Miel con Jalea Real GURE EZTIAK, tarro 500g;7,26;1208
Miel de Flores HELIOS, pack 200g, 8 unid.;1;166
Miel GRANJA SAN FRANCISCO, con Dosificador, frasco 500g;2,98;496
Miel GRANJA SAN FRANCISCO, tarro 500g;2,73;454
Miel GURE EZTIA, tarro 500g;4,15;691
Miel Label Vasco GOZO-GOZOA, tarro 500g;4,22;702
Miel de Flores GRANJA SAN FRANCISCO, Ultra Cosecha, frasco 1kg;4,97;827
Miel GURE EZTIA, frasco 1kg;7,62;1268
Miel Label Vasco GOZO-GOZOA, frasco 1kg;7,85;1306
Miel Balsámica GRANJA SAN FRANCISCO,Eucalipto y Tilo,tarro 500g;3,51;584
Miel de Brezo GOZO-GOZOA, tarro 500g;4,22;702
Miel de Eucalipto GOZO-GOZOA, tarro 500g;4,22;702
Miel de Jalea Real GRANJA SAN FRANCISCO, frasco 250g;3,51;584
Miel Extra Suave GRANJA SAN FRANCISCO, Azahar/Acacia,tarro 500g;3,51;584
Miel Intensa GRANJA SAN FRANCISCO, de Encina y Brezo,tarro 500g;3,51;584
Miel Mediterránea GRANJA SAN FRANCISCO,Romero/Espliego, 500g;3,51;584
Galletas María CONSUMER, caja 800g;0,87;145
Galletas María CONSUMER, pack 200g;0,28;47
Galletas María FLORA, caja 400g;0,87;145
Galletas María FONTANEDA, caja 800g;1,38;230
Galletas YAYITAS LU, caja 600g;1,33;221
Galletas YAYITAS LU, con Chocolate y 5 Cereales, pack 400g;1,4;233
Galletas Tosta Rica CUÉTARA, caja 800g;1,5;250
Galletas Tostadas CONSUMER, caja 800g;0,87;145
Galletas Tostadas FLORA, caja 450g;0,93;155
Galletas Tosta-Fibra GULLON, pack 450g;0,73;121
Galleta María Ilustrada FONTANEDA, pack 800g;1,87;311
Galletas Chocolate MegaMañana Príncipe LU, pack 300g;1,66;276
Galletas Doradas Cuadradas CONSUMER, pack 800g;1,04;173
Galletas Doradas MARB?, caja 400g;0,96;160
Galletas Doradas MARB?, caja 800g;1,51;251
Galletas Doradas MegaMañana Príncipe LU, Cereal/Vitaminas, 300g;1,66;276
Galletas Doradas Redondas CONSUMER, pack 800g;0,98;163
Galletas GULLON, Creme Tropical, caja 800g;1,34;223
Galletas María Oro CUÉTARA, pack 212,5g, 4 unid.;1,51;251
Galletas Marie LU, caja 300g;1;166
Galletas Chiquilin ARTIACH, caja 875g;2,08;346
Galletas Clásicas con Relieve CONSUMER, pack 230g;0,39;65
Galletas Clásicas con Relieve CONSUMER, pack 700g;1,05;175
Galletas de Frutas DarVida GULLON, con Cereales y Fruta, 800g;1,82;303
Galletas GULLON, Cereales DarVida, caja 800g;1,82;303
CHIQUILIN ARTIACH, con Chocolate Blanco y Leche, caja 150g;1,33;221
FILIPINOS ARTIACH, con Chocolate Blanco y Leche, pack 150g;1,01;168
FILIPINOS ARTIACH, con Leche, pack 150g;1,01;168
FILIPINOS ARTIACH, de Chocolate Blanco, sabor Caramelo, 150g;1,01;168
FILIPINOS ARTIACH, pack 150g;1,01;168
Galletas Bañadas al Chocolate CONSUMER, pack 150g;0,5;83
Galletas Belgas con sabor Chocolate ARTIACH, pack 220g;1,08;180
Galletas con Chocolate GRANOLA, caja 300g;1,12;186
Galletas de Chocolate Leibniz BAHLSEN, pack 125g;1,45;241
Galletas LU, Petit Écolier, caja 150g;1,42;236
Galletas Ohne Gleichen BAHLSEN, pack 125g;1,45;241
Galletas Picadilly BAHLSEN, pack 100g;1,45;241
Galletas Waffeletten BAHLSEN, pack 100g;1,45;241
Rosquillas Cubiertas de Chocolate Blanco CONSUMER, pack 150g;0,52;87
Rosquillas Cubiertas de Chocolate con Leche CONSUMER, pack 150g;0,52;87
Rosquillas Cubiertas de Chocolate Negro CONSUMER, pack 150g;0,52;87
Bocaditos sabor Chocolate CUÉTARA, pack 200g;0,7;116
Galleta Integral Rellena Choco. Estetic ARLUY,bajo calorías,200g;0,71;118
Galletas con Chocolate Choco Guay TOSTA RICA, pack 168g;0,99;165
Galletas CONSUMER, Rellenas de Chocolate, pack 240g;0,52;87
Galletas Príncipe Estrellas LU, pack 150g;1,34;223
Galletas Príncipe LU, Rellenas con Chocolate, pack 250g;0,84;140
Galletas Rellenas de Chocolate Blanco Rey Arturo ARLUY,pack 160g;0,71;118
Rellenas CONSUMER, con Chocolate, pack 3 unid., 170g;1,24;206
Bocaditos sabor Limón CUÉTARA, pack 150g;0,7;116
Galletas Bañadas en Chocolate Blanco OREO ARTIACH, pack 240g;1,95;324
Galletas Bañadas en Chocolate con Leche OREO ARTIACH, pack 240g;1,95;324
Galletas Bocaditos con Crema a la Nata CUÉTARA, pack 600g;1,75;291
Galletas con Crema de Chocolate con Leche Príncipe LU, pack 180g;0,85;141
Galletas Estetic ARLUY, Rellenas de Yogur, pack 200g;0,71;118
Galletas OREO ARTIACH,Rellenas de Crema Sabor Vainilla,caja 176g;0,96;160
Galletas Rellenas BOLEO 35, de Chocolate, pack 150g;1,18;196
Galletas Rellenas de Crema de Limón Príncipe LU, pack 180g;0,73;121
Galletas Belgas Caseras ARTIACH, Finas, Crujientes, pack 220g;1,04;173
Galletas Chipsahoy ARTIACH, pack 300g;1,59;265
Galletas con Chispas de Chocolate ARLUY, pack 225g;1,08;180
Galletas con Chocolate MIKADO LU, pack 75g;1,17;195
Galletas de Chocolate Friends BAHLSEN, pack 100g;1,08;180
Galletas Dinosaurus LU, pack 185g;0,79;131
Galletas Girasol RIO, pack 200g, 3 unid.;1,28;213
Galletas Lenguas de Gato LU, pack 200g;1,47;245
Galletas Mini ChipsAhoy de Chocolate ARTIACH, pack 160g;1,05;175
Galletas Napolitanas CUÉTARA, caja 500g;1,17;195
Galletas Ositos CHIQUILIN, con Chocolate, pack 500g;2,06;343
Galletas Palmerita CUÉTARA, caja 500g;1,63;271
Galletas PIM`S Rellenas de Frambuesa LU, pack 150g;1,18;196
Galletas PIM`S Rellenas de Naranja LU, pack 150g;1,18;196
Galletas Princesa ARTIACH, pack 125g;0,66;110
Galletas SAINT AUBERT, Tartelette Fraise, pack 125g;0,92;153
Galletas YAYITAS con Chocolate LU, pack 250g;1,01;168
Galletas YAYITAS con Miel LU, pack 250g;1,01;168
Tartelettes Abricot SAINT AUBERT, pack 125g;0,92;153
Abanicos La Heladería de VIRGINIAS, 30 unid., 95g;1,59;265
Barquillos con Chocolate Príncipe LU, pack 190g;1,09;181
Barquillos con Chocolate REGLERO, pack 150g;1,23;205
Barquillos de Leche PRÍNCIPE LU, pack 190g;1,09;181
Barquillos Rellenos a la Nata CONSUMER, pack 160g;0,38;63
Barquillos Rellenos al Chocolate CONSUMER, pack 160g;0,38;63
Barquillos Rellenos al Coco CONSUMER, pack 160g;0,38;63
Cucuruchos VIRGINIAS, 110g, 10 unid.;1,02;170
Galleta ARTITURRËN ARTIACH, caja 175g;0,91;151
Galletas Rellenas ARTICHOCO ARTIACH, Crema de Chocolate, 175g;0,91;151
Galletas Rellenas ARTICOCO ARTIACH, Crema de Coco, pack 175g;0,91;151
Galletas Rellenas de Nata ARTINATA ARTIACH, Crujientes, 175g;0,91;151
Mini Cucuruchos VIRGINIAS, 100g, 12 unid.;1,02;170
Rollitos de Barquillo CUÉTARA, pack 225g;1,64;273
Barritas Recubiertas ChocoSticks GULLON,Chocolate con Leche,125g;0,78;130
Bizcochos CONSUMER, pack 400g;1,42;236
Bizcochos sin Huevo CONSUMER, pack 500g;1,23;205
Galletas Chip GULLON, Chocolate Negro con Chocolate Blanco, 125g;0,69;115
Galletas MiniDigestivas bañadas con Chocolate Negro GULLON, 125g;0,84;140
Galletas Minis-Leibniz BAHLSEN, bolsa 125g;1,1;183
Galletas Surtidas CONSUMER, caja 800g;2,35;391
Galletas Surtido BAHLSEN, Selection, caja 500g;6,96;1158
Surtido de Galletas BAHLSEN, Concerto, 175g;1,05;175
Surtido de Galletas CUÉTARA, pack 350g;1,52;253
Surtido de Galletas CUÉTARA, pack 700g;2,49;414
Danish Cookies BEAUTIFUL DENMARK, pack 450g;1,7;283
Galletas Campurrianas CUÉTARA, caja 500g;1,35;225
Galletas Caseras CONSUMER, pack 500g;0,95;158
Galletas MiniCampurrianas CUÉTARA, pack 600g;1,66;276
Nevaditos Cubiertos de Chocolate Blanco REGLERO, pack 180g;1,61;268
Nevaditos Cubiertos de Chocolate REGLERO, pack 180g;1,61;268
Nevaditos de Hojaldre REGLERO, caja 500g;1,84;306
Rosquillas al Vino REGLERO, con Azúcar, en Grano, pack 500g;1,84;306
Surtido de Galletas Danesas REGENCY, pack 400g;1,98;329
Surtido de Pastas REGLERO, caja 500g;1,84;306
Galleta Snack sticks RIO, pack 125g;0,55;92
Galletas Crackers RITZ de LU, pack 200g;1,24;206
Galletas Crackers Tuc LU, saladas, pack 100g;0,67;111
Galletas Festival RIO, bandeja 125g;0,7;116
Galletas Mini RIO, envase 300g;1,24;206
Galletas MiniFish RIO, envase 300g;1,24;206
Galletas Snack MiniPizza Tuc LU, pack 85g;0,94;156
Galletas Stick Brezel RIO, pack 175g;1,14;190
Galletas de  Avena Cubiertas de Chocolate HOB-NOBS MCVITIES,250g;1,6;266
Galletas de Desayuno con Fibra VITALÍNEA, pack 450g;1,54;256
Galletas Dietéticas de Fibras con Chocolate GULLON, pack 500g;1,82;303
Galletas Dietéticas GULLON,con Fibra/Trigo/Maíz/Avena,pack 500g;1,82;303
Galletas FLORA, con Fibra, pack 185g;0,74;123
Galletas FLORA, con Pasas, Naranjas y Fibra, pack 125g;0,74;123
Galletas Integrales de Copos de Avena y Pasas GULLON, pack 250g;1,21;201
Galletas Integrales HOB-NOBS MCVITIES, pack 300g;1,61;268
Galletas Integrales Marie LU, pack 280g;1;166
Galletas María CONSUMER Integral, pack 800g;0,99;165
Galletas María MARB?, con Fibra, caja 400g;1,14;190
Galletas Sin Azúcar Diet GULLON, caja 500g;1,82;303
Galletas YAYITAS Integrales y 5 Cereales LU, pack 410g;1,39;231
GULLON, María Ligera, Sin Sal y Sin Azúcar, caja 600g;1,77;295
Integrales F-Plus CUÉTARA,con Fibra, 8 Vitaminas, pack 550g;1,78;296
Magdalenas Cuadradas CONGA, pack 350g;0,6;100
Magdalenas Cuadradas CONSUMER, caja 700g;1,67;278
Magdalenas Cuadradas CONSUMER, pack 350g, 12 unid.;0,81;135
Magdalenas Cuadradas MARTINEZ, bolsa 750g, 24 unid.;2,37;394
Magdalenas Integrales ESPIGAS, Sin Azúcar, pack 350g;1,97;328
Magdalenas LA BELLA EASO, Cuadradas, bolsa 350g, pack 12 unid.;1,05;175
Magdalenas LA BELLA EASO, Redondas, pack 700g, 24 unid.;1,87;311
Magdalenas Redondas Caseras CONSUMER, pack 615g, 21 unid.;1,18;196
Magdalenas Redondas CONGA, pack 330g;0,55;92
Magdalenas Redondas CONSUMER, pack 350g, 12 unid.;0,69;115
Magdalenas Redondas CONSUMER, pack 600g;1,49;248
Magdalenas Redondas LA BELLA EASO, bolsa 350g, 12 unid.;0,93;155
Mini Magdalenas MILDRED, con Mantequilla, pack 200g;1,09;181
Mini Magdalenas MILDRED, con Trocitos de Chocolate, pack 200g;1,09;181
Mini Magdalenas MILDRED, Redondas, pack 250g;0,8;133
Barquitos H.E. CONDE, bolsa 250g, 12 unid.;0,86;143
Magdalenas con Chocolate CONGA, pack 225g, 6 unid.;0,55;92
Magdalenas Mojicones CASADO, con Aceite de Oliva, pack 670g;2,18;363
Magdalenas Valencianas CONGA, pack 350g;0,58;97
Magdalenas Valencianas CONSUMER, 350g;0,72;120
Magdalenas Valencianas DULCESOL, bolsa 350g, 12 unid.;0,87;145
Magdalenas Valencianas ESPIGAS, Integrales,Sin Azúcar,pack 160g;1,4;233
Mirandinas CORAL, bolsa 500g;1,84;306
Bizcochada Elaboración Artesana LA CUEVA, sin Conservantes, 350g;1,25;208
Mantecadas CONSUMER, bolsa 600g;1,68;280
Sobaos Pasiegos CONSUMER, paquete 340g, 18 unid.;0,87;145
Sobaos Pasiegos Grandes CONSUMER, pack 230g, 6 unid.;0,67;111
Sobaos Pasiegos Grandes CONSUMER, pack 700g, 18 unid.;2,15;358
Sobaos Pasiegos LA CONSTANCIA, Medianos, pack 450g, 12 unid.;1,52;253
Sobaos Pasiegos MARTINEZ, bolsa 750g, 36 unid.;2,68;446
Sobaos Pasiegos MARTINEZ, pack 350g, 18 unid.;1,55;258
Sobaos Pasiegos VEGA DE PAS, con Mantequilla, caja 550g;2,16;359
Sobaos Pasiegos VEGA DE PAS, Medianos, pack 450g, 12 unid.;1,52;253
Croissants Bañados de Chocolate LA BELLA EASO, bolsa 200g;1,09;181
Croissants CONGA, bolsa 270g, pack 12 unid.;0,68;113
Croissants CONSUMER, con suela al cacao, bolsa 230g;0,9;150
Croissants CONSUMER, pack 270g, 12 unid.;0,84;140
Croissants LA BELLA EASO, Curvos, pack 250g, 12 unid.;1,05;175
Croissants MILDRED, bolsa 500g;1,96;326
Croissants rellenos de chocolate CONSUMER, pack 200g;0,99;165
MiniCroissants CONSUMER, pack 225g;0,8;133
MiniCroissants LA BELLA EASO, bolsa 400g;1,72;286
MiniCroissants LA BELLA EASO, pack 200g;0,98;163
MiniCroissants Rellenos DULCESOL, Crema Cacao con Avellana, 200g;0,94;156
MiniCroissants TXINDOKI, pack 240g;1,12;186
Petit Croissant DULCESOL, pack 225g;1,08;180
Bimbollos BIMBO, pack 270g, 6 unid.;1,29;215
Bollos Madame Brioche BIMBO, bolsa 250g;1,31;218
Briochettes Madame Brioche BIMBO, bolsa 210g;1,31;218
Croissants Madame Brioche BIMBO, bolsa 250g;1,31;218
Ensaimadas DULCESOL, pack 200g, 6 unid.;1,02;170
Medias Noches BIMBO, pack 350g, 12 unid.;1,68;280
Medias Noches CONSUMER, bolsa 200g;0,74;123
Medias Noches LA BELLA EASO, bolsa 200g, 8 unid.;0,78;130
Medias Noches TXINDOKI, pack 225g;1;166
Napolitanas BIMBO, Rellenas de Chocolate, bolsa 270g;1,61;268
Pan de Leche CONSUMER, pack 400g, 10 unid.;1,59;265
Pan de Leche en Rebanadas LA BELLA EASO, pack 500g, 14 unid.;1,92;319
Pan de Leche LA BELLA EASO, pack 210g, 6 unid.;1,24;206
Pan de Leche LA BELLA EASO, pack 350g, 10 unid.;1,81;301
Bollo Bimbocao BIMBO, pack 65g, 3 unid.;1,25;208
Bollo Bimbocaotubo BIMBO, pack 95g, 2 unid.;1,25;208
Bollo con Pepitas de Chocolate Doowap LA BELLA EASO, pack 250g;1,62;270
Bollycao con Leche PANRICO, pack 268g, 4 unid.;1,78;296
Bollycaos DONUTS, bolsa 210g, 4 unid.;1,61;268
MiniBollycao PANRICO, bolsa 90g, 6 unid.;0,73;121
Pandorinos Rellenos DULCESOL, Crema Cacao/Avellana, 200g,4 unid.;1,08;180
American DONUTS Rellenos de Crema al Cacao, pack 148g, 2 unid.;0,99;165
American DONUTS Rellenos de Crema, pack 148g, 2 unid.;0,99;165
Donetes de DONUTS, bandeja 108g, 6 unid.;0,88;146
DONUTS, bandeja 192g, 4 unid.;1,36;226
DONUTS, bandeja 288g, 6 unid.;2;333
DONUTS, bandeja 41g, 2 unid.;0,75;125
DONUTS Bombón, con Chocolate, bandeja 180g, 4 unid.;1,47;245
DONUTS Bombón, con Chocolate, bandeja 96g, 2 unid.;0,82;136
DONUTS Cream Rellenos de Crema de Cacao, pack 120g, 2 unid.;0,91;151
DONUTS Cream Rellenos de Crema, pack 120g, 2 unid.;0,91;151
DUPIS de BIMBO, bandeja 200g, 4 unid.;1,3;216
Bizcochos con Chocolate  BIMBO, bandeja 160g, 4 unid.;1,03;171
Búlgaros GARRO, de Chocolate, pack 160g, 5 unid.;0,61;101
Cuadraditos de Chocolate DULCESOL, pack 240g;0,95;158
Palitos y Crema al Cacao Dip-Dip PANRICO, pack 50g;0,81;135
Pastel BIMBO Círculo Rojo, pack 180g, 4 unid.;1,03;171
Pastel Chocobony SIMPSONS BIMBO,Vitamina/Cereal,pack 50g,2 unid.;0,85;141
Pastelito BIMBO, Pantera Rosa, pack 100g, 2 unid.;0,85;141
Pastelito BIMBO, Tigretón, pack 2 unid.;0,85;141
Pastelito BONY de BIMBO, pack 2 unid.;0,85;141
Pastelito de Chocolate PHOSKITOS, pack 40g, 4 unid.;1,55;258
Pastelitos BIMBO, Variedades, 4 unid., pack 180g;1,64;273
Pastelitos PANRICO, Variados, 4 unid., pack 125g;1,17;195
Surtido DULCESOL, pack 350g;1,51;251
Xuxos de Chocolate PANRICO, pack 255g, 3 unid.;1,6;266
Xuxos PANRICO, pack 255g, 3 unid.;1,6;266
Pastel con Frutas Fruchte MILDRED, Cubierto de Chocolate, 400g;1,7;283
Pastel con Relleno de Kiwis MILDRED, Cubierto de Chocolate, 400g;1,7;283
Pastel de Chocolate MILDRED, Cubierto de Chocolate, pack 400g;1,7;283
Pastel de Chocolate MONTECARLO, pack 400g;0,98;163
Pastel de Kiwi MONTECARLO, pack 400g;0,98;163
Pastel de Limón MONTECARLO, pack 400g;0,98;163
Pastel de Mantequilla MILDRED, pack 400g;1,7;283
Pastel Marmol MONTECARLO, Cubierto de Chocolate, pack 400g;0,98;163
Bracito de Fresa ANGEL GARRO, pack 160g, 5 unid.;0,61;101
Bracito sabor Trufa ANGEL GARRO, pack 160g, 5 unid.;0,61;101
Brazo Gitano de Fresa ANGEL GARRO, pack 200g;0,61;101
Delicias de Almendras MONTE TURIA, pack 330g;1,2;200
Gofres WAFFY, pack 75g, 2 unid.;0,78;130
Pastelillos Flax Trophy GAUZONAK, pack 55 ml, 12 unid.;0,78;130
Pastelitos de Cocos MONTE TURIA, pack 200g;0,85;141
Rosegones MONTE TURIA, pack 250g;1,04;173
Lazos de Hojaldre CONSUMER, pack 130g;0,68;113
Mini Palmeras MILDRED, pack 120g;0,99;165
Palmeritas de Chocolate CONSUMER, pack 220g;0,99;165
Palmeritas de Hojaldre DULCESOL, pack 180g;0,74;123
Pastas de Té con Mantequilla CASADO, bandeja 500g;2,03;338
Pastas de Té CONSUMER, bandeja 400g;1,59;265
Bases para Pizzas PANRICO, pack 260g, 2 unid.;1,22;203
Canutillo de Hojaldre con Cabello ?ngel CONSUMER,pack 190g,5 uni;0,69;115
Canutillo de Hojaldre con Crema CONSUMER, pack 190g, 5 unid.;0,69;115
Corbatas CONSTANCIA, caja 400g;2,32;386
Hojaldres con Miel CONSUMER, pack 240g;0,97;161
Napolitanas con Chocolate DULCESOL, bolsa 240g;1,06;176
Napolitanas Rellenas de Crema DULCESOL, bandeja 240g;1,06;176
Bizcocho de Espuma LA BELLA EASO, pack 250g, 18 unid.;1,06;176
Bizcochos al Huevo CONSUMER, pack 250g;0,72;120
Bizcochos TOLEDANA, soletilla, bolsa 230g;0,74;123
Bocaditos DULCESOL, bolsa 280g, 14 unid.;0,88;146
Bocaditos DULCESOL, con Chocolate, bolsa 220g;0,88;146
Rosquillas Fritas MANCHINGO, bolsa 330g;1,44;240
Torta de Aceite ESPIGAS, Sin Azúcar, pack 200g;1,92;319
Torta de Chocolate y Nueces PORTA, pack 250g;1,1;183
Torta de Nueces PORTA, pack 380g;1,69;281
Tortas de Aceite INÉS ROSALES, pack 180g, 6 unid.;1,15;191
Tortas de Almendra INÉS ROSALES, pack 240g;1,25;208
Tortas de Anís CONSUMER, pack 225g, 7 unid.;0,61;101
Tortas de Anís DULCESOL, pack 400g, 12 unid.;1,07;178
Tortas de Polvorón INÉS ROSALES, pack 180g, 6 unid.;0,92;153
Berlina Cubierta de Chocolate FRIPAN, bandeja 4 unid.;1,74;290
Berlina Natural FRIPAN, bandeja 4 unid.;1,65;275
Berlina Natural FRIPAN, bandeja 6 unid.;2,46;409
Besitos de Coco GËMEZ GARCÍA, bolsa 400g;1,95;324
Bollos de Leche ARRIAUNDI, bandeja 4 unid.;2,04;339
Bollos de Mantequilla ARRIAUNDI, bandeja 3 unid.;2,16;359
Bomba Cubierta de Chocolate ARRIAUNDI, bandeja 4 unid.;2,37;394
Croissants Artesanos FRIDA, bandeja 4 unid.;1,62;270
Croissants con Mantequilla CERCADILLO, bolsa 8 unid.;2,28;379
Croissants Rectos Frida, familiar, bandeja 4 unid.;1,41;235
Croissants rectos FRIDA, 87,5g, bandeja 2 unid.;0,66;110
Croissants Rellenos de Nata CERCADILLO, bandeja 2 unid.;2,1;349
Croissants Rellenos de Trufa CERCADILLO, bandeja 2 unid.;2,1;349
Cuernos Rellenos de Chocolate FRIDA, bandeja 3 unid.;2,1;349
Desayuno Familiar,2 Donuts/2 Croissants/2 Mallas,bandeja 6 unid.;2,2;366
Ensaimadas Rellenas de Crema FRIDA, bandeja 2 unid.;2,1;349
Ensaimadas Rellenas de Nata FRIDA, bandeja 2 unid.;2,1;349
Flauta de Chocolate FRIDA, bandeja 5 unid.;1,11;185
Flautas Rellenas de Chocolate FRIDA, bandeja 5 unid.;2,1;349
Magdalenas Caseras GËMEZ GARCÍA, bolsa 12 unid.;2,1;349
Magdalenas Integrales, bolsa 9 unid.;2,1;349
Mallas con Chocolate y Avellana FRIDA, bandeja 6 unid.;2,1;349
Mantecadas Caseras GËMEZ GARCÍA, bandeja 480g;1,98;329
Mini Bollos Suizos, pack 10 unid.;1,77;295
Mini Caracolas con Pasas y Cerezas BERLYS, bandeja 8 unid.;2,1;349
Mini Croissants CERCADILLO, bolsa 12 unid.;2,28;379
Mini Croissants de mantequilla FRIDA, bolsa 12 unid.;1,38;230
Mini Croissants Integrales CERCADILLO, bolsa 12 unid.;2,28;379
Mini Delicias Rellenas de Chocolate FRIDA, bandeja 14 unid.;2,1;349
Mini Ensaimadas Rellenas Cabello de ?ngel FRIDA, bandeja 8 unid.;2,4;399
Mini Napolitanas rellenas de crema FRIDA, bandeja 14 unid.;2,1;349
Napolitanas Rellenas de Chocolate FRIDA, bandeja 3 unid.;2,1;349
Palmeras Cubiertas de Chocolate BERLYS, bandeja 3 unid.;2,22;369
Palmeras Cubiertas de Coco BERLYS, bandeja 3 unid.;2,22;369
Palmeritas bañadas en chocolate BERLYS, bandeja 18 unid.;2,1;349
Palmeritas Surtidas BERLYS, bandeja 18 unid.;2,22;369
Pasteles de Arroz ARRIAUNDI, bandeja 4 unid.;2,52;419
Pasteles de Manzana ARRIAUNDI, bandeja 4 unid.;2,52;419
Postre de Manzana BERLYS, Crema Pastelera, bandeja 2 unid.;1,77;295
Postre Goshua, Bizcocho con Nata, bandeja 1 unid.;1,47;245
Rosquillas Fritas Caseras GËMEZ GARCÍA, bolsa 400g;2,01;334
Pan de Molde BIMBO, Familiar, para Sandwich, pack 770g;1,86;309
Pan de Molde BIMBO, Gigante, para Sandwich, pack 1kg;2,39;398
Pan de Molde BIMBO, Grande, para Sandwich, pack 545g;1,37;228
Pan de Molde BIMBO, Mediano, para Sandwich, pack 450g;1,13;188
Pan de Molde BIMBO, Pequeño, para Sandwich, pack 295g;1,05;175
Pan de Molde BIMBO,Semilla de Oro Rústico,Artesanales,pack 650g;1,73;288
Pan de Molde Blanco BROOK`S American Sandwich, pack 550g;1,59;265
Pan de Molde CONSUMER, pack 310g;0,66;110
Pan de Molde CONSUMER, para Sandwich, pack 600g;0,98;163
Pan de Molde CONSUMER, para sandwich, pack 770g;1,16;193
Pan de Molde Inglés BIMBO, Semilla de Oro, pack 650g;1,62;270
Pan de Molde JAI, pack 475g;0,66;110
Pan de Molde Pack Ahorro PANRICO, pack 475g;1,07;178
Pan de Molde PANRICO, familiar, pack 770g;1,66;276
Pan de Molde PANRICO, pack 310g;1,05;175
Pan de Molde PANRICO, para Sandwich, pack 600g;1,29;215
Pan de Molde sin Cortezas BIMBO, 100% miga, pack 450g;1,99;331
Pan de Horno Silueta BIMBO, Integral, pack 500g;1,84;306
Pan de Molde BIMBO,Semilla Inglés Rústico,Artesanales,pack 650g;1,62;270
Pan de Molde Fresco Integral Absolute Bran CONSUMER, pack 475g;0,86;143
Pan de Molde Integral BROOK`S American Sandwich, pack 550g;1,69;281
Pan de Molde Integral SILUETA, pack 300g;1,28;213
Pan de Molde Integral SILUETA, pack 600g;1,57;261
Pan de Molde Integral SILUETA, 8 Cereales, pack 600g;1,93;321
Pan de Molde PRIMERA LÍNEA, Integral, pack 300g;1,15;191
Pan de Molde Primera Línea PANRICO, pack 475g;1,4;233
Pan de Molde Primera Línea PANRICO, 10 cereales, pack 570g;1,4;233
Pan de Molde SILUETA, con Fibra, pack 300g;1,4;233
Pan de Silueta BIMBO, 8 Cereales, pack 300g;1,4;233
Pan Tost. Integ. Sin Sal/Sin Azúcar RECONDO, 30 Rebanadas, 260g;1,08;180
Pan Tost. Integr. Sin Sal/Sin Azúcar CONSUMER, 30 Reb., 260g;0,83;138
Pan Tostado CONSUMER, 100 Rebanadas, pack 900g;1,82;303
Pan Tostado CONSUMER, 30 Rebanadas, pack 270g;0,83;138
Pan Tostado Integral CONSUMER, Sin Sal, 100 Rebanadas, pack 900g;1,82;303
Pan Tostado Integral CONSUMER, 100 rebanadas, pack 900g;1,82;303
Pan Tostado Integral CONSUMER, 30 Rebanadas, pack 270g;0,83;138
Pan Tostado Integral JAI, 28 Rebanadas, 245g;0,56;93
Pan Tostado Integral RECONDO, 30 Rebanadas, pack 270g;1,08;180
Pan Tostado Integral SILUETA, con 8 Cereales, pack 250g;1,74;290
Pan Tostado Integral SILUETA, 30 Rebanadas, pack 265g;1,55;258
Pan Tostado JAI, Sin Sal, 28 Rebanadas, pack 245g;0,56;93
Pan Tostado JAI, 28 Rebanadas, pack 245g;0,56;93
Pan Tostado RECONDO, con 10 Cereales, 30 Rebanadas, pack 270g;1,12;186
Pan Tostado RECONDO, Normal, 30 Rebanadas, pack 270g;1,08;180
Pan Tostado RECONDO, Sin Grasa, 30 Rebanadas, pack 270g;1,12;186
Pan Tostado RECONDO, Sin Sal y Sin Azúcar,30 Rebanadas,pack 270g;1,08;180
Pan Tostado SILUETA, Sin Sal, 30 Rebanadas, pack 265g;1,55;258
Biscottes CONSUMER, Normal, 100 Rebanadas, pack 750g;1,41;235
Biscottes CONSUMER, Sin Sal y Sin Azúcar, 100 Rebanadas,pack 750;1,41;235
Biscottes CONSUMER, Sin Sal, 100 Rebanadas, pack 750g;1,41;235
Biscottes Integrales CONSUMER, 100 Rebanadas, pack 750g;1,41;235
Biscottes Integrales JAI, 100 Rebanadas, pack 700g;1,16;193
Biscottes JAI, 100 Rebanadas, pack 700g;1,16;193
Maxi Burguers BIMBO, pack 300g, 4 unid.;1,16;193
Pan de Molde BIMBO,Hot Dogs y Bocatas,bolsa 330g,pack 6 unid.;1,16;193
Pan para Hamburguesa BROOK`S American Burguer, 165g, 2 unid.;0,59;98
Pan para Hamburguesa BROOK`S American Burguer, 330g, 4 unid.;1,07;178
Pan para Hamburguesa con Sésamo CONSUMER, pack 300g, 4 unid.;0,61;101
Pan para Hamburguesas y Bocatas BIMBO, pack 220g, 4 unid.;1,12;186
Pan para Hot Dogs CONSUMER, pack 310g, 6 unid.;0,61;101
Pan para Salchichas BROOK`S American Hot Dog, 330g, 6 unid.;1,07;178
Panecillos para Bocatas BIMBO, Sin Colesterol, pack 220g, 4 unid;1,03;171
Barritas Muesli con Avellana HERO DIET, 150g,6 unid.;1,46;243
Barritas Muesli con Chocolate HERO DIET, 150g, 6 unid.;1,46;243
Barritas Muesli con Coco HERO DIET, 150g, 6 unid.;1,46;243
Cereales Copos de Maíz CONSUMER Corn Flakes, 8 vitam.,caja 500g;1,19;198
Cereales KELLOGG`S Muesli con Frutas, caja 500g;3,02;502
Cereales Original KELLOGG`S, Muesli, caja 500g;2,69;448
Copos de Maíz Tostados Corn Flakes KELLOGG`S, caja 375g;1,84;306
Corn Flakes KELLOGG`S, caja 500g;2,05;341
Corn Flakes KELLOGG`S, con Chocolate, caja 375g;2,28;379
Muesli Cruj. Dos Chocolates Absolute Muesli CONSUMER,caja 500g;2,03;338
Muesli Cruj. Frutos Secos Absolute Muesli CONSUMER,caja 500g;2,03;338
Muesli Crujiente con Chocolate QUAKER, pack 375g;2,46;409
Muesli Suizo CONSUMER Absolut Muesli, caja 500g;1,58;263
Cereal Fitness NESTLE de Trigo Integral 500 g;2,86;476
Cereal Relleno Melocotón y Albaricoque,CONSUMER Absolut Balanced;2,33;388
Cereales ALL-BRAN KELLOGG`S, con Chocolate, caja 375g;2,72;453
Cereales de Salvado ALL-BRAN KELLOGG`S, caja 375g;1,88;313
Cereales de Salvado CONSUMER Absolut Bran, caja 500g;1,53;255
Cereales KELLOGG`S Optima Fruit & Fiber, caja 375g;2,6;433
Cereales KELLOGG`S Ëptima Mil y Un Sabores, caja 375g;2,6;433
Cereales KELLOGG`S Special K Frutas Rojas, caja 250g;2,37;394
Cereales Rellenos de Frutas Rojas,CONSUMER Absolut Balanced,375g;2,33;388
Copos Arroz/Trigo Inflado CONSUMER AbsolutVital,Frutas Rojas,300;2,08;346
Copos de Trigo Integral con Salvado Bran Flakes KELLOGS, 375g;2,6;433
Copos Tostados de Arroz/Trigo Integral Special K KELLOGG`S, 375g;2,16;359
Copos Trigo Integral y Frutos Secos CONSUMER Absolut, caja 375g;1,88;313
5 Cereales+manzana+frambuesa+fibra CONSUMER Biactive, pack 300g;2,22;369
Barritas de Cereales CHOCO KRISPIES, pack 20g, 6 unid.;2,03;338
Barritas de Cereales SMACKS, pack 20g, 6 unid.;2,03;338
Bolas de Maíz CONSUMER Honey Pops, caja 375g;1,35;225
Cereales de Trigo Inflado/Azucarado Smacks KELLOGG`S, caja 375g;2,14;356
Cereales Dorados con Miel NESTLÉ Estrellitas, caja 375g;1,96;326
Cereales Golden Grahams NESTLÉ, caja 375g;2,02;336
Cereales Infant. CONSUMER Corn Flakes,Multiminis,pack 150g,6unid;1,35;225
Cereales Infant. CONSUMER Readys, Trigo y Caramelo, caja 500g;1,61;268
Copos de Arroz Tostado Inflado Rice Krispies KELLOGG`S,caja 375g;2,23;371
Copos de Maíz Glaseados con Azúcar CONSUMER Snowys, caja 375g;1,35;225
Copos de Maíz Tostados/Azucarados Frosties KELLOGG`S,caja 375g;2,04;339
Copos de Maíz, Trigo y Avena con Miel Pop`s de KELLOGG`S, 375g;2,45;408
Bolas de Cereal COLA CAO, Recubiertas de Cola Cao, caja 375g;1,98;329
Cereales Chocos KELLOGG`S,Trigo Crujiente con Chocolate, 375g;1,98;329
Cereales CONSUMER Boky Chocs,de Arroz Inflado Chocolateado, 500g;1,71;285
Cereales CONSUMER Choco Bills, con Trigo y Chocolate, caja 375g;1,35;225
Cereales de Trigo Tostado con Chocolate Chocapic NESTLÉ,375g;1,96;326
Cereales NESQUIK, con Chocolate, caja 375g;1,96;326
Cereales Rellen. Chocolate CONSUMER Bagies,8 Vitam.,caja 375g;2,03;338
Cereales Rellenos Vainilla y Chocolate CONSUMER Bagies,caja 375g;2,03;338
Cereales Smacks Chocolatines KELLOGG`S, rellenos chocolate, 375g;2,6;433
Maíz con Chocolate CONSUMER Choc & Roll, caja 375g;1,35;225
Vino Tinto ALARDE BERBERANA, D.O. Rioja, reserva, botella 750 ml;8,28;1378
Vino Tinto AZAI, D.O. Rioja, reserva, botella 750 ml;5,62;935
Vino Tinto BUSTINZA, D.O. Rioja, Reserva, bot. 750ml;7,65;1273
Vino Tinto CAMPO VIEJO, D.O. Rioja, gran reserva, botella 750 ml;12,12;2017
Vino Tinto CAMPO VIEJO, D.O. Rioja, reserva, botella 750 ml;8,27;1376
Vino Tinto COTO DE IMAZ, D.O. Rioja, reserva, botella 750 ml;8,09;1346
Vino Tinto FINCA VALPIEDRA, D.O. Rioja, Reserva, bot. 750ml;23,66;3937
Vino Tinto IMPERIAL, D.O. Rioja, Reserva, bot.750ml;17,89;2977
Vino Tinto MARQUÉS DE ARIENZO, D.O. Rioja, Reserva,bot.750ml;16,22;2699
Vino Tinto MARQUÉS DE C?CERES, D.O. Rioja, Reserva,bot.750ml;11,81;1965
Vino Tinto MARQUÉS DE RISCAL, D.O. Rioja, Reserva, bot.750 ml;11,86;1973
Vino Tinto MARQUÉS ROMERAL, D.O.Rioja,gran reserva,botella 750m;11,72;1950
Vino Tinto RAMËN BILBAO, D.O. Rioja, reserva, botella 750 ml;9,96;1657
Vino Tinto SIGLO, D.O. Rioja, gran reserva, botella 750 ml;12,22;2033
Vino Tinto SIGLO, D.O. Rioja, reserva, botella 750 ml;8,74;1454
Vino Tinto VIÐA ALCORTA, D.O. Rioja, Reserva, bot. 750ml;9,79;1629
Vino Tinto VIÐA ARANA, D.O. Rioja, Reserva, bot. 750ml;17,66;2938
Vino Tinto VIÐA ARDANZA, D.O. Rioja, Reserva, botella 750ml;19,34;3218
Vino Tinto VIÐA POMAL, D.O. Rioja, reserva, botella 750 ml;10,91;1815
Vino Tinto VIÐA SALCEDA, D.O. Rioja, reserva, botella 750 ml;10,97;1825
CAMPO VIEJO y ALBOR, D.O. Rioja, crianza,estuche 3unid. x 750ml;12,47;2075
Vino Tinto ANTIGUA USANZA, D.O. Rioja, crianza, botella 750 ml;5,6;932
Vino Tinto AÐARES, D.O. Rioja, crianza, botella 750 ml;5,56;925
Vino Tinto AZAI, D.O. Rioja, crianza, botella 750 ml;3,11;517
Vino Tinto BERBERANA CARTA DE ORO, D.O. Rioja,crianza,bot. 750ml;4,91;817
Vino Tinto BERONIA, D.O. Rioja, crianza, botella 750 ml;6,22;1035
Vino Tinto BORDËN, D.O. Rioja, crianza, botella 750 ml;5,97;993
Vino Tinto BUSTINZA, D.O. Rioja, crianza, bot. 750 ml;4,37;727
Vino Tinto CAMPO VIEJO, D.O. Rioja, crianza, botella 750 ml;4,52;752
Vino Tinto CVNE, D.O. Rioja, crianza, botella 750 ml;5,19;864
Vino Tinto EL COTO, D.O. Rioja, crianza, botella 375 ml;3,74;622
Vino Tinto EL COTO, D.O. Rioja, crianza, botella 750 ml;4,99;830
Vino Tinto GLORIOSO, D.O. Rioja, crianza, botella 750 ml;5,91;983
Vino Tinto LAN, D.O. Rioja, crianza, botella 750 ml;7,47;1243
Vino Tinto MARQUÉS DE ARIENZO, D.O. Rioja, crianza,botella 750ml;7,49;1246
Vino Tinto MARQUÉS DE C?CERES,D.O. Rioja,crianza,botella 750ml;6,19;1030
Vino Tinto PATERNINA BANDA AZUL,D.O. Rioja,crianza,botella 750ml;4,37;727
Vino Tinto RAMËN BILBAO, D.O. Rioja, crianza, botella 750 ml;4,99;830
Vino Tinto ROMERAL, D.O. Rioja, crianza, botella 750 ml;4,31;717
Vino Tinto SALCÉDA, D.O. Rioja, crianza, botella 750 ml;6,84;1138
Vino Tinto SIGLO, D.O. Rioja, crianza, botella 750 ml;4,52;752
Vino Tinto VIÐA BERCEO, D.O. Rioja, crianza, botella 750 ml;5,93;987
Vino Tinto VIÐA REAL, D.O. Rioja, crianza, botella 750 ml;6,23;1037
Vino Tinto AZAI, D.O. Rioja, joven, botella 750 ml;2,76;459
Vino Tinto BERBERANA CARTA DE ORO, D.O. Rioja, joven, bot. 750ml;2,86;476
Vino Tinto BUSTINZA, D.O. Rioja, Joven, bot. 750 ml;2,22;369
Vino Tinto CARTA DE ORO, joven, botella 750 ml;2,5;416
Vino Tinto CASTILLO SAN ASENSIO,D.O. Rioja, joven, botella 750ml;2,36;393
Vino Tinto CORO, D.O. Rioja, joven, botella 750 ml;2,22;369
Vino Tinto MARQUÉS DE ARESO, D.O. Rioja Joven, botella 750 ml;1,86;309
Vino Tinto MERINDAD, D.O. Rioja, joven, botella 750 ml;2,18;363
Vino Tinto OTOÐAL, D.O Rioja, joven, botella 750 ml;3,74;622
Vino Tinto ROMERAL, D.O. Rioja, joven, botella 750 ml;2,49;414
Vino Tinto SIGLO, D.O. Rioja, joven, botella 750 ml;2,86;476
Vino Tinto SOLAR DE CARRIËN, D.O. Rioja, joven, botella 750 ml;2,5;416
Vino Tinto Tempranillo CAMPO VIEJO,D.O. Rioja, joven, bot. 750ml;2,7;449
Vino Tinto Tempranillo LAGUNILLA,D.O. Rioja,joven, botella 750ml;4,37;727
Vino Tinto Tempranillo MARQUÉS GRIÐON, botella 750 ml;3,74;622
Vino Tinto CASTILLO DE OLITE, D.O. Navarra, crianza, bot. 750 ml;3,99;664
Vino Tinto CASTILLO DE OLITE, D.O.Navarra, joven, botella 750 ml;2,03;338
Vino Tinto Consumer ECHAVE, D.O. Navarra, joven, botella 750 ml;1,34;223
Vino Tinto GRAN FEUDO, D.O. Navarra, crianza, botella 750 ml;4,35;724
Vino Tinto GRAN FEUDO, D.O. Navarra, reserva, botella 750 ml;6,22;1035
Vino Tinto LAS CAMPANAS, crianza, botella 750 ml;3,69;614
Vino Tinto PLENO, D.O. Navarra, joven, botella 750 ml;1,4;233
Vino Tinto PRíNCIPE DE VIANA,D.O. Navarra,reserva,botella 750 ml;6,97;1160
Vino Tinto SEÐORIO DE SARRIA, D.O. Navarra, crianza, bot. 750 ml;4,15;691
Vino Tinto TOGAL, D.O. Navarra, crianza, botella 750 ml;2,5;416
Vino Tinto TOGAL, D.O. Navarra, joven, botella 750 ml;1,24;206
Vino Tinto CALLEJO, D.O. Ribera del Duero, Reserva, bot.750ml;15,68;2609
Vino Tinto PROTOS, D.O. Ribera del Duero, Reserva, bot. 750ml;20,78;3458
Vino Tinto PROTOS, D.O. Ribera del Duero,Gran Reserva,bot.750ml;34,66;5767
Vino Tinto QUINTA DE TARSUS,D.O.Ribera Duero,Reserva,bot.750 ml;15,81;2631
Vino Tinto SEÐORIO DE NAVA, D.O.Ribera de Duero, Reserva;18,56;3088
Vino Tinto SEÐORIO DE NAVA,Finca San Cobate,D.O.Ribera Duero,Rsv;49,88;8299
Vino Tinto TORREMILANOSO,D.O. Ribera de Duero,crianza,bot. 750ml;9,99;1662
Vino Tinto VALPINCIA, D.O. Ribera del Duero, crianza,bot. 750 ml;6,24;1038
Vino Tinto VALPINCIA, D.O. Ribera del Duero, joven, bot. 750 ml;3,12;519
Vino Tinto VEGA CUBILLAS,D.O. Ribera de Duero,crianza,bot. 750ml;8,09;1346
Vino Tinto VEGA CUBILLAS,D.O. Ribera del Duero,joven,bot. 750ml;3,43;571
Vino Tinto VEGA IZAN, D.O. Ribera del Duero, Reserva, bot. 750ml;14,04;2336
Vino Tinto VIÐA MAYOR,D.O. Ribera del Duero, crianza,bot. 750 ml;8,74;1454
Vino Tinto CASTILLO DE SOLDEPEÐAS,D.O.Valedepeñas,joven,bot750ml;1,34;223
Vino Tinto CONSUMER, D.O. Valdepeñas, joven, botella 750 ml;1,24;206
Vino Tinto LOS MOLINOS, D.O. Valdepeñas, crianza, botella 750 ml;2,37;394
Vino Tinto LOS MOLINOS, D.O. Valdepeñas, joven, botella 750 ml;1,56;260
Vino Tinto SEÐORIO DE VAL, D.O. Valdepeñas, crianza, bot. 750 ml;2,24;373
Vino Tinto SEÐORIO DE VAL, D.O. Valdepeñas, joven, bot. 750 ml;1,53;255
Vino Tinto Tempranillo VIÐA ALBALI,D.O.Valdepeñas,joven,bot750ml;2,4;399
Vino Tinto VIÐA ALBALI, D.O. Valdepeñas, gran reserva,bot.750 ml;6,22;1035
Vino Tinto VIÐA ALBALI, D.O. Valdepeñas, reserva, botella 750 ml;2,62;436
Vino Tinto Castillo de Sauvignon LABLANCA, botella 750 ml;2,37;394
Vino Tinto ESTOLA, D.O. La Mancha, reserva 97, botella 750 ml;3;499
Vino Tinto MONASTERIO DE LAS VIÐAS,D.O.Cariñena,joven,bot.750 ml;2,5;416
Vino Tinto MONTE DUCAY, D.O. Cariñena, crianza, botella 750 ml;2,06;343
Vino Tinto SANTA ELENA, D.O. La Mancha, joven, botella 750 ml;1,59;265
Vino Tinto CASTILLO SAN SIMËN, D.O. Jumilla, crianza, bot. 750m;2,13;354
Vino Tinto CONDESTABLE, D.O. Jumilla, crianza, botella 750 ml;2,34;389
Vino Tinto CONDESTABLE, D.O. Jumilla, reserva, botella 750 ml;3,12;519
Vino Tinto SAN ISIDRO, D.O. Jumilla, crianza, botella 750 ml;3,12;519
Vino Tinto CARTA DE PLATA, Vinos de la Tierra, crianza,bot.750ml;2,29;381
Vino Tinto DON RAMËN, D.O. Campo de Borja, botella 750 ml;2,24;373
Vino Tinto JAUME SERRA, crianza, botella 750 ml;2,9;483
Vino Tinto MONTESIERRA, D.O. Somontano, crianza, botella 750 ml;6,16;1025
Vino Tinto MONTESORO, D.O. Bierzo, botella 750 ml;2,5;416
Vino Tinto PALACIO DE LOS GUZMANES, joven, botella 750 ml;2,5;416
Vino Tinto PEÐASCAL, de Mesa, botella 750 ml;2,91;484
Vino Tinto PISUERGA, crianza, botella 750 ml;3,59;597
Vino Tinto RAIMAT ABADIA, botella 750 ml;6,45;1073
Vino Tinto REGUART, D.O. PenedÞs, crianza, botella 750 ml;3,28;546
Vino Tinto SEÐORIO DE LAZAN, D.O. Somontano, reserva, bot.750 ml;9,66;1607
Vino Tinto TORRES CORONAS, botella 750 ml;4,73;787
Vino Tinto VIÐA DEL MAR, D.O. PenedÞs, botella 750 ml;1,65;275
Vino Tinto VIÐA TITO, D.O. Campo de Borja, botella 750 ml;1,97;328
Vino Rosado CAMPO VIEJO, D.O. Rioja, botella 750 ml;2,7;449
Vino Rosado CVNE, D.O. Rioja, botella 750 ml;3,33;554
Vino Rosado MARQUÉS DE ARESO, D.O. Rioja, botella 750 ml;1,86;309
Vino Rosado MARQUÉS DE C?CERES, D.O. Rioja, botella 750 ml;4,22;702
Vino Rosado ROMERAL, D.O. Rioja, botella 750 ml;2,49;414
Vino Rosado SIGLO, D.O. Rioja, botella 750 ml;2,86;476
Vino Rosado CASTILLO DE OLITE, D.O. Navarra, botella 750 ml;2,03;338
Vino Rosado Consumer ECHAVE, D.O. Navarra, botella 750 ml;1,34;223
Vino Rosado GRAN FEUDO, D.O. Navarra, botella 750 ml;2,96;493
Vino Rosado IRACHE, D.O. Navarra, botella 750 ml;2,71;451
Vino Rosado LAS CAMPANAS, D.O. Navarra, botella 750 ml;3,41;567
Vino Rosado MARQUÉS DE VACARLOS, botella 750ml;2,81;468
Vino Rosado SEÐORIO DE SARRIA, D.O. Navarra, botella 750 ml;3,11;517
Vino Rosado TOGAL, D.O. Navarra, botella 750 ml;1,24;206
Vino Rosado CASTILLO DE SOLDEPEÐAS, D.O. Valdepeñas, bot. 750;1,34;223
Vino Rosado Consumer TIERRA LEAL, D.O. Valdepeñas,botella 750 ml;1,24;206
Vino Rosado LOS MOLINOS, D.O Valdepeñas, botella 750 ml;1,56;260
Vino de Aguja Rosado CAPEL, joven, botella 750 ml;1,53;255
Vino de Aguja Rosado CONSUMER, joven, botella 750 ml;1,15;191
Vino de Aguja Rosado CRESTA ROSA, botella 750 ml;3,07;511
Vino de Aguja Rosado JORDAN, botella 750 ml;1,25;208
Vino de Aguja Rosado MATEUS, botella 750 ml;3,64;606
Vino de Aguja Rosado PEÐASCAL, botella 750 ml;2,91;484
Vino de Aguja Rosado PINORD, botella 750 ml;2,96;493
Vino de Aguja Rosado REGUART, D.O. Penedés, botella 750 ml;2,44;406
Vino de Aguja Rosado VIÐA URDIÐA, botella 750 ml;1,65;275
Vino de Aguja Rosado VIÐAS TITO, D.O. Campo de Borja, bot.750 ml;1,97;328
Vino Rosado CAÐADOR, D.O. Jumilla, botella 750 ml;1,15;191
Vino Rosado MONASTERIO DE LAS VIÐAS, D.O. Cariñena, bot. 750 ml;2,5;416
Vino Rosado REGUART, D.O. Penedés, botella 750 ml;2,03;338
Vino Rosado TORRES CASTA, D.O. Penedés, botella 750 ml;3,56;592
Vino Rosado VAL DE CONDES, D.O. Cigales, botella 750 ml;2,5;416
Vino Rosado VIÐA DEL MAR, D.O. Penedés, botella 750 ml;1,65;275
Vino Rosado VIÐA SANTA ELENA, D.O. La Mancha, botella 750 ml;1,59;265
Vino Blanco de Aguja JORDAN, botella 750 ml;1,25;208
Vino Blanco de Aguja PESCADOR, botella 750 ml;3,07;511
Vino Blanco CAMPO VIEJO, D.O. Rioja, botella 750 ml;2,7;449
Vino Blanco CASTILLO DE OLITE, D.O. Navarra, botella 750 ml;2,03;338
Vino Blanco DIAMANTE, D.O. Rioja, botella 750 ml;3,11;517
Vino Blanco, D.O. Rioja, MARQUÉS DE C?CERES, bot. 750ml;3,6;599
Vino Blanco MARQUÉS RISCAL, D.O. Rueda, botella 750 ml;5,67;943
Vino Blanco MONOPOLE, D.O. Rioja, botella 750 ml;4,72;785
Vino Blanco MUGA,D.O.Rioja,Fermentado en Barrica Nueva de Roble;6,59;1096
Vino Blanco ROMERAL, D.O. Rioja, botella 750 ml;2,49;414
Vino Blanco SATINEL, D.O. Rioja, semidulce, botella 750 ml;4,22;702
Vino Blanco VIÐA MARIAN, D.O. Rueda, botella 750 ml;2,37;394
Vino Blanco VIÐA REAL, D.O. Rioja, bot. 750ml;5,93;987
Vino Blanco Albariño CONDES DE ALBAREI,D.O.Rias Baixas,bot.750ml;7,8;1298
Vino Blanco Albariño LINAR VIDES, D.O. Rias Baixas, bot.750 ml;8,11;1349
Vino Blanco Albariño PAZO VILLAREI,D.O.Rias Baixas,bot.750ml;9,69;1612
Vino Blanco Albariño TERRA DOURO,D.O. Rias Baixas,bot.750 ml;11,1;1847
Vino Blanco PAZO, D.O. Ribeiro, botella 750 ml;2,43;404
Vino Blanco XANANDRO, D.O. Ribeiro, botella 750 ml;3,69;614
Vino Blanco CASTILLO SAN DIEGO, Babardillo, botella 750 ml;3,33;554
Vino Blanco CONSUMER, D.O. Valdepeñas, botella 750 ml;1,24;206
Vino Blanco LOS MOLINOS, D.O. Valdepeñas, botella 750 ml;1,56;260
Vino Blanco REGUART, D.O. Penedés, botella 750 ml;2,03;338
Vino Blanco SANTA ELENA, D.O. La Mancha, botella 750 ml;1,65;275
Vino Blanco TORRES VIÐA SOL, D.O. Penedés, botella 750 ml;4,2;699
Vino Blanco VIÐA DEL MAR, D.O. Penedés, botella 750 ml;1,65;275
Sangría PEÐASOL, brik 1l;0,99;165
Vino Tinto ALBOROZO, de mesa, garrafa 2l;1,87;311
Vino Tinto ALBOROZO, de mesa, garrafa 5l;4,37;727
Vino Tinto CONSUMER, de mesa, brik 1l;0,69;115
Vino Tinto COTO SERANO, de mesa, brik 1l;0,52;87
Vino Tinto DON SIMËN, de mesa, brik 1l;0,97;161
Vino Blanco CONSUMER, de mesa, brik 1l;0,69;115
Vino Blanco COTO SERANO, de mesa, brik 1l;0,52;87
Vino Blanco DON SIMËN, de mesa, brik 1l;0,97;161
Vino Rosado CONSUMER, de mesa, brik 1l;0,69;115
Vino Rosado COTO SERANO, de mesa, brik 1l;0,52;87
Vino Rosado DON SIMËN, de mesa, brik 1l;0,97;161
Vino Tinto BERBERANA, de mesa, botella 750 ml;1,61;268
Vino Tinto BERBERANA, Selección Oro, de mesa, botella 750 ml;2,5;416
Vino Tinto CONSUMER, de mesa, botella 1l;0,9;150
Vino Tinto DON PAULO, de mesa, botella 750 ml;1,4;233
Vino Tinto DON PAULO, Premium, de mesa, botella 750 ml;1,97;328
Vino Tinto ELEGIDO, de mesa, botella 1l;1,06;176
Vino Tinto ELEGIDO, Selección, Cosechero, de mesa, bot. 750 ml;1,72;286
Vino Tinto ELEGIDO, Selección,envejecido en barrica, bot.750 ml;1,72;286
Vino Tinto GRAN VEGA, de mesa, botela 750 ml;0,72;120
Vino Tinto IREGUA, de mesa, botella 750 ml;1,65;275
Vino Tinto MONTEVIEJO, de mesa, botella 1l;1,15;191
Vino Tinto Tempranillo ALBOR, de mesa, botella 750 ml;2,28;379
Vino Tinto VIÐA SOLANA, de mesa, botella 750 ml;1,15;191
Vino Tinto VIÐA URDIÐA, de mesa, botella 750 ml;1,24;206
Vino Rosado BERBERANA, de mesa, botella 750 ml;1,61;268
Vino Rosado CINCO VIÐAS, de mesa, botella 750 ml;1,84;306
Vino Rosado CONSUMER, de mesa, botella 1l;0,9;150
Vino Rosado DON PAULO, de mesa, botella 750 ml;1,4;233
Vino Rosado ELEGIDO, de mesa, botella 1l;1,06;176
Vino Rosado GRAN VEGA, de mesa, botella 750 ml;0,72;120
Vino Rosado IREGUA, de mesa, botella 750 ml;1,65;275
Vino Rosado MONTEVIEJO, de mesa, botella 1l;1,15;191
Vino Rosado PISUERGA, de mesa, botella 750 ml;3,12;519
Vino Rosado VIÐA SOLANA, de mesa, botella 750 ml;1,15;191
Vino Rosado VIÐA URDIÐA, de mesa, botella 750 ml;1,24;206
Vino Blanco BERBERANA, de mesa, botella 750 ml;1,61;268
Vino Blanco CONSUMER, de mesa, botella 1l;0,9;150
Vino Blanco ELEGIDO, de mesa, botella 1l;1,06;176
Vino Blanco GRAN VEGA, de mesa, botella 750 ml;0,72;120
Vino Blanco MONTEVIEJO, de mesa, botella 1l;1,15;191
Champagne Brut HENRI ABELÉ, botella 750 ml;24,12;4013
Champagne Brut Imperial MOET & CHANDON, botella 750 ml;24,7;4110
Champagne Brut MUMM, Cordon Rouge, botella 750 ml;24,97;4155
Champagne Brut NICOLAS FEUILLATTE, botella 750 ml;23,44;3900
Champagne Brut TAITTINGER, Reserva, botella 750 ml;29,04;4832
Champagne Brut VEUVE CLICQUOT PONSARDIN, bot.700 ml;29,68;4938
Champagne Cuvée DON PERIGNON, botella 750ml;93,6;15574
Champagne LA GRANDE DAME, botella 750ml;81,22;13514
Champagne MO?T CHANDON, Brut Imperial, bot.750ml;35,16;5850
Cava Brut Anna CODORNIU, botella 750 ml;7,17;1193
Cava Brut BACH, botella 750 ml;3,07;511
Cava Brut Carta Nevada FREIXENET, botella 700 ml;3,64;606
Cava Brut CASTILLO PERELADA, Reserva, botella 750 ml;4,37;727
Cava Brut CODORNIU, Non Plus Cuvée, botella 750 ml;15;2496
Cava Brut Consumer ALBA BLANC, botella 750 ml;2,5;416
Cava Brut DELAPIERRE, Tradicional, botella 750 ml;2,86;476
Cava Brut EXCELENCIA, botella 750 ml;3,64;606
Cava Brut Extra CODORNIU, botella 750 ml;4,78;795
Cava Brut Extra RONDEL, botella 750 ml;2,27;378
Cava Brut FREIXENET CORDËN NEGRO, botella 750 ml;4,84;805
Cava Brut Grapa CANALS & NUBOILA, botella 750 ml;2,96;493
Cava Brut Grapa Consumer ALBA BLANC, botella 750 ml;3,42;569
Cava Brut II LUSTROS, botella 750 ml;6,71;1116
Cava Brut JAUME SERRA, Reserva, botella 700 ml;4,28;712
Cava Brut JUVE Y CAMPS, Tradicional, botella 750 ml;9,29;1546
Cava Brut MONT MICHEL, botella 750 ml;3,12;519
Cava Brut Nature CHANDON, botella 750 ml;10,61;1765
Cava Brut Nature CODORNIU, Mediterránia, botella 750 ml;6,86;1141
Cava Brut Nature CONDE DE CARALT, botella 750 ml;3,69;614
Cava Brut Nature Consumer ALBA BLANC, botella 750 ml;3,42;569
Cava Brut Nature FREIXENET, botella 750 ml;6,5;1082
Cava Brut Nature Lavit SEGURA VIUDAS, botella 750 ml;6,23;1037
Cava Brut Nature PINORD MARRUGAT, botella 750 ml;7,18;1195
Cava Brut Nature Reserva JUVE Y CAMPS, botella 750 ml;12,38;2060
Cava Brut NON PLUS ULTRA, botella 750 ml;9,35;1556
Cava Brut RAIMAT, Tradición, botella 750 ml;5,62;935
Cava Brut Reserva CHANDON, botella 750 ml;9,36;1557
Cava Brut Reserva L`Hereu MARQUÉS DE MONISTROL, botella 750 ml;5,78;962
Cava Brut SEGURA VIUDAS, botella 750 ml;5,36;892
Cava Brut VALL D`LLUNA, botella 750 ml;1,87;311
Cava Brut VALLFORMOSA, botella 750 ml;4,53;754
Cava Brut Zero CASTELLBLANCH, Reserva, botella 750 ml;4,89;814
Cava JAUME CODORN?U, bot. 750ml;29,47;4903
Cava Seco Carta Nevada FREIXENET, botella 750 ml;3,11;517
Cava Seco Consumer ALBA BLANC, botella 750 ml;2,5;416
Cava Seco Extra CODORNIU, botella 750 ml;4,78;795
Cava Seco Extra VALLFORMOSA, botella 750 ml;3,68;612
Cava Seco FREIXENET CORDËN NEGRO, botella 750 ml;4,37;727
Cava Seco SEGURA VIUDAS, botella 750 ml;4,28;712
Cava Seco VALL D`LLUNA, botella 750 ml;1,87;311
Cava Semi Seco CANALS & NUBIOLA PLATA, botella 750 ml;3,02;502
Cava Semi Seco Carta Nevada FREIXENET, botella 750 ml;3,11;517
Cava Semi Seco CASTELLBLANCH, botella 750 ml;2,76;459
Cava Semi Seco Extra CODORNIU, botella 750 ml;4,78;795
Cava Semi Seco Extra Consumer ALBA BLANC, botella 750 ml;2,5;416
Cava Semi Seco Extra JAUME SERRA, botella 750 ml;3,02;502
Cava Semi Seco Extra VALLFORMOSA, botella 750 ml;3,68;612
Cava Semi Seco FREIXENET CORDËN NEGRO, botella 750 ml;4,37;727
Cava Semi Seco RONDEL ORO, botella 750 ml;2,27;378
Cava Semi Seco RONDEL VERDE, botella 750 ml;2,27;378
Cava Semi Seco SEGURA VIUDAS, botella 750 ml;4,28;712
Cava Semi Seco VALL D`LLUNA, botella 750 ml;1,78;296
Cava Benjamín CODORNIU, botella 200 ml, pack 3 unid.;3,69;614
Cava Gran Cremant Brut CODORNIU, botella 750 ml;3,94;656
Cava Gran Cremant Seco DUBOIS, botella 750 ml;1,86;309
Cava Gran Cremant Semi Seco CODORNIU, botella 750 ml;4,21;700
Cava Gran Cremant Semi Seco L`AIXERTELL, botella 750 ml;2,38;396
Cava Grand Cremant Brut CASTELLBLANCH, botella 750 ml;2,5;416
Cava Grand Cremant Seco CODORNIU, botella 750 ml;3,94;656
Cava Grand Cremant Semi Seco CASTELLBLANCH, botella 750 ml;2,5;416
Cava Mini Nevada Semi Seco FREIXENET, botella 200ml,pack 3 unid.;3,48;579
Cava Rosado Consumer ALBA BLANC, botella 750 ml;3,46;576
Sidra Achampanada LAGOE, botella 700 ml;0,61;101
Sidra del País CONSUMER, botella 750 ml;1,14;190
Sidra EL GAITERO, extra, número 4, botella 750 ml;1,65;275
Sidra EL GAITERO, número 1, botella 750 ml;1,12;186
Sidra Extra CONSUMER, botella 1l;0,82;136
Sidra Extra CONSUMER, botella 250 ml, pack 6 unid.;1,56;260
Sidra Extra CONSUMER, botella 750 ml;0,8;133
Sidra Extra JAI-ALAI, Selección, botella 700 ml;1,04;173
Sidra JAI ALAI, Reserva especial, botella 750 ml;2,12;353
Sidra JAI-ALAI, botella 1l;1,15;191
Sidra JAI-ALAI, botella 250 ml, pack 6 unid.;2,25;374
Jerez VALDESPINO, dulce, botella 700 ml;3,82;636
Jerez VALDESPINO, seco, botella 700 ml;3,82;636
Manzanilla LA GITANA, botella 370 ml;3,06;509
Manzanilla LA GITANA, botella 700 ml;5,07;844
Manzanilla LA GUITA, botella 700 ml;5,24;872
Vino Fino TIO PEPE, botella 750 ml;5,67;943
Jerez Oloroso CANASTA, crianza, botella 750 ml;6,17;1027
Vino Amontillado MUSA, botella 750 ml;1,89;314
Vino Fino C.B., botella 700 ml;3,15;524
Moscatel CONSUMER, botella 750 ml;2,45;408
Vino Dulce MALAGA VIRGEN, botella 750 ml;6,14;1022
Vino Dulce Quinado SANSËN, botella 1l;3,89;647
Vermouth Blanco CASTALI, botella 1l;2,24;373
Vermouth Blanco MARTINI, botella 1l;5,04;839
Vermouth Rojo CASTALI, botella 1l;2,24;373
Vermouth Rojo MARTINI, botella 1l;5,04;839
Bitter CONSUMER, 200ml x 6 unid.;1,39;231
Bitter KAS, sin alcohol, 200ml x 6 unid.;2,53;421
Anís CASTELLANA, botella 1l;6,71;1116
Anis Dulce MONO, botella 1l;6,94;1155
Anís FLOR DE TUNA, botella 1l;5,09;847
Anissete MARIE BLIZARD, botella 1l;6,81;1133
Ginebra BEEFEATER, botella 700 ml;9,66;1607
Ginebra GORDON`S, botella 700 ml;7,68;1278
Ginebra LARIOS, botella 1l;8,01;1333
Ginebra MEEGRANS, botella 1l;4,72;785
Ginebra M.G., botella 1l;7,6;1265
Ginegra TANQUERAY, botella 700 ml;9,34;1554
Vodka ERISTOFF, botella 700 ml;6,19;1030
Vodka PRÍNCIPE KOOLROFF, botella 1l;5,04;839
Vodka SMIRNOFF, botella 700 ml;7,56;1258
Ron BACARDÍ, botella 1l;10,97;1825
Ron BACARDI, reserva 8 años, botella 700ml;16,9;2812
Ron Blanco RHUMBA, botella 1l;5,3;882
Ron CACIQUE, botella 700 ml;9,68;1611
Ron HAVANA CLUB, 3 años, botella 700 ml;8,84;1471
Ron NEGRITA, botella 700 ml;5,82;968
Ron PAMPERO, botella 700 ml;9,91;1649
Armagnac CLÉS DES DUCS, botella 700 ml;17,12;2849
Brandy CAPATAZ GALLARDO, reserva, botella 700 ml;5,72;952
Brandy CARLOS I, botella 700 ml;22,77;3789
Brandy CARLOS III, botella 700 ml;8,31;1383
Brandy DUQUE DE ALBA, botella 700 ml;22,83;3799
Brandy LEPANTO, botella 700 ml;24,69;4108
Brandy MAGNO, botella 700 ml;8,75;1456
Brandy SOBERANO, botella 1l;7,69;1280
Brandy TERRY CENTENARIO, botella 1l;7,23;1203
Brandy TORRES, 10 años, botella 700 ml;9,18;1527
Brandy TORRES, 5 años, botella 700 ml;7,48;1245
Brandy TRIUNFADOR, botella 1l;4,78;795
Brandy VETERANO, botella 1l;7,31;1216
Cognac REMY MARTIN, botella 700 ml;27,45;4567
Whisky BALLANTINES, botella 700 ml;9,56;1591
Whisky CLAN CAMPBELL, botella 700 ml;8,74;1454
Whisky CUTTY SHARK, botella 700 ml;9,66;1607
Whisky DOBLE V, botella 700 ml;5,88;978
Whisky DYC, botella 700 ml;6,54;1088
Whisky J.B., botella 700 ml;9,62;1601
Whisky JOHNNIE WALKER, botella 700 ml;9,35;1556
Whisky OLD GLEN ORSON, botella 700 ml;6,07;1010
Whisky PASSPORT SCOTCH, botella 700 ml;7,89;1313
Whisky VAT 69, botella 700 ml;6,23;1037
Whisky WHITE LABEL, botella 700 ml;9,72;1617
Whisky CARDHU, 12 años, botella 700 ml + regalo Cortapuros;20,79;3459
Whisky CHIVAS REGAL, 12 años, botella 700 ml;18,71;3113
Whisky de Malta GLENFIDDICH, 700 ml;19,14;3185
Whisky FOUR ROSES BOURBON 0,7l 0.7 l;10,06;1674
Whisky JACK DANIEL`S OLD, 7 años, botella 700 ml;14,55;2421
Crema Catalana DULCEDIA, botella 700 ml;4,61;767
Crema Catalana MELODY, botella 700 ml;6,08;1012
Crema de Whisky BAILEYS, botella 700ml;9,77;1626
Crema de Whisky BIG LABEL, botella 700 ml;4,52;752
Licor de avellana FRANGELICO, botella 700 ml;10,07;1676
Licor de avellana LIQUORINO, botella 700 ml;2,63;438
Licor de manzana GRANPOMIER, botella 700 ml;5,41;900
Licor de manzana LIQUORINO, botella 700 ml;2,63;438
Licor de melocotón GRANDPECHER, botella 700 ml;5,41;900
Licor de melocotón LIQUORINO, botella 700 ml;2,63;438
Aguardiente de Hierbas RUAVIEJA, botella 700 ml;5,89;980
Aguardiente RUAVIEJA, botella 700 ml;8,45;1406
Cocktail de Whisky P?CHE, botella 700 ml;6,25;1040
Licor COINTREAU, botella 700 ml;12,18;2027
Licor de Café TIA MARIA, botella 700 ml;11,21;1865
Licor de Whisky DRAMBUIE, botella 700 ml;16,25;2704
LICOR 43, botella 700 ml;10,76;1790
Patxaran AMBOTO, botella 1l;5,8;965
Patxaran BASARANA, etiqueta negra, botella 1l;7,51;1250
Patxaran ETXEKO, botella 1 litro;9,89;1646
Patxaran ETXEKO, botella 700 ml;7,51;1250
Patxaran ILUNDAIN, botella 1l;4,99;830
Patxaran LA NAVARRA, botella 700 ml;6,18;1028
Patxaran ZOCO, botella 1l;7,19;1196
Agua de Manantial AQUAREL, botella 1,5l;0,38;63
Agua de Manantial AQUAREL, botella 1,5l, pack 6 unid.;2,27;378
Agua Mineral BETELU, botella 1,5l;0,26;43
Agua Mineral CONSUMER, botella 1,5l;0,25;42
Agua Mineral CONSUMER, botella 1,5l, pack 6 unid.;1,51;251
Agua Mineral FONT VELLA, botella 1,5l;0,4;67
Agua Mineral FONT VELLA, botella 1,5l, pack 6 unid.;2,39;398
Agua Mineral INSALUS, botella 1,5l;0,37;62
Agua Mineral CONSUMER, botella 5l;0,88;146
Agua de Manantial AQUAREL, botella 5l;1,31;218
Agua Mineral FONT REGAS, con grifo,  8l;1,51;251
Agua Mineral FONT VELLA, botella 5l;1,64;273
Agua Mineral FONTDOR, botella 5l;1,26;210
Agua Mineral FONTECABRAS, botella 5l;0,51;85
Agua Mineral FUENTE LIVIANA, botella 2l;0,44;73
Agua Mineral FUENTE LIVIANA, botella 2l, pack 6 unid.;2,65;441
Agua Mineral SOLAN DE CABRAS, botella 5l;1,77;295
Agua Mineral SOLAN DE CABRAS, brik 2l;0,89;148
Agua de Manantial AQUAREL, botella 330 ml;0,26;43
Agua Mineral CONSUMER, botella 330 ml;0,16;27
Agua Mineral CONSUMER, botella 500 ml;0,19;32
Agua Mineral FONT VELLA, botella 330 ml;0,25;42
Agua Mineral FONT VELLA, botella 330 ml, pack 12 unid.;3,02;502
Agua Mineral FONT VELLA, tapón sport, botella 500 ml;0,33;55
Agua Mineral VILADRAU, tapón sport, botella 500 ml;0,27;45
Agua Mineral VILADRAU, tapón sport, botella 500 ml, pack 6 unid.;1,63;271
Agua Mineral FONTER, con gas, botella 1,25l;0,47;78
Agua Mineral PERRIER, con gas, botella 750 ml;0,91;151
Agua Mineral VICHY CATALAN, con gas, botella 1l;0,76;126
Agua Mineral VICHY CATALAN, con gas, botella 250 ml,pack 6 unid.;3,15;524
Néctar de Cítricos CONSUMER, brik 1l;0,66;110
Néctar de melocotón CONSUMER, sin azucar añadido,brik 1,5 litros;0,82;136
Néctar de naranja CONSUMER, sin azucar añadido, brik 1,5 litros;0,82;136
Néctar de Naranja FRUSOLE, brik 1l;0,53;88
Néctar de Naranja y Plátano CONSUMER, brik 1l;0,66;110
Néctar de piña CONSUMER, sin azucar añadido, brik 1,5 litros;0,82;136
Néctar Elaborado con Frutas CONSUMER, brik 1l;0,66;110
Néctar Elaborado con Frutas del Bosque CONSUMER, brik 1l;0,66;110
Néctar Elaborado con Frutas del Bosque, KASFRUIT, botella 1l;0,74;123
Néctar Elaborado con Frutas FRUSOLE, brik 1l;0,53;88
Néctar HERO, Bienestar, con Calcio, brik 1l;1,47;245
Néctar HERO, Bienestar, con Fibra, brik 1l;1,47;245
Néctar HERO, Bienestar, con Vitaminas A, C y E, brik 1l;1,47;245
Néctar Multifruta KASFRUIT, brik 1l;0,74;123
Néctar multifrutas CONSUMER, sin azucar añadido, brik 1,5 litros;0,82;136
Zumo de Manzana CONSUMER, brik 1l;0,66;110
Zumo de Manzana FRUSOLE, brik 1l;0,55;92
Zumo de Manzana KASFRUIT, brik 1l;0,74;123
Zumo de Melocotón KASFRUIT, brik 1l;0,74;123
Zumo de Melocotón y Manzana DON SIMËN, con Calcio, brik 1l;0,82;136
Zumo de Melocotón y Uva CONSUMER, brik 1l;0,66;110
Zumo de Melocotón y Uva FRUSOLE, brik 1l;0,55;92
Zumo de Naranja CONSUMER, brik 1l;0,66;110
Zumo de Naranja DON SIMËN, con Calcio, brik 1l;0,82;136
Zumo de Naranja Exprimida DON SIMËN, brik 1l;1,03;171
Zumo de Naranja FRUSOLE, brik 1l;0,55;92
Zumo de Naranja KASFRUIT, brik 1l;0,74;123
Zumo de Piña CONSUMER, brik 1l;0,66;110
Zumo de Piña y Uva DON SIMËN, con Calcio, brik 1l;0,82;136
Zumo de Piña y Uva FRUSOLE, brik 1l;0,55;92
Zumo de Piña y Uva KASFRUIT, brik 1l;0,74;123
Zumo de Tomate KASFRUIT, Sabor Tomate, brik 1l;0,74;123
Néctar de Naranja y Mango JUVER ON, para Animarte, brik 330 ml;0,6;100
Néctar de Naranja y Plátano CONSUMER, brik 200 ml, pack 3 unid.;0,66;110
Néctar de Piña y Kiwi JUVER OFF, para Relajarte, brik 330 ml;0,6;100
Néctar Frutas del Bosque CONSUMER, brik 200 ml, pack 3 unid.;0,66;110
Néctar HERO, Bienestar, con Calcio, brik 330 ml;0,66;110
Néctar HERO, Bienestar, con Fibra, brik 330 ml;0,66;110
Néctar HERO, Bienestar, con Vitaminas A, C y E, brik 330 ml;0,66;110
Zumo de Manzana CONSUMER, con Vitamina C,brik 200ml,pack 3 unid.;0,68;113
Zumo de Manzana KASFRUIT, brik 200 ml, pack 3 unid.;0,8;133
Zumo de Melocotón KASFRUIT, brik 200 ml, pack 3 unid.;0,8;133
Zumo de Melocotón y Uva CONSUMER, brik 200 ml, pack 3 unid.;0,68;113
Zumo de Melocotón y Uva FRUSOLE, brik 200 ml, pack 3 unid.;0,58;97
Zumo de Naranja CONSUMER, brik 200 ml, pack 3 unid.;0,68;113
Zumo de Naranja KASFRUIT, brik 200 ml, pack 3 unid.;0,8;133
Zumo de Piña y Uva CONSUMER, brik 200 ml, pack 3 unid.;0,68;113
Zumo de Piña y Uva FRUSOLE, brik 200 ml, pack 3 unid.;0,58;97
Zumo de Piña y Uva KASFRUIT, brik 200 ml, pack 3 unid.;0,8;133
Néctar de Melocotón BISOL, botella 1l;0,6;100
Néctar de Melocotón GRANINI, botella 1l;1,4;233
Néctar de Naranja BISOL, botella 1l;0,6;100
Néctar de Naranja GRANINI, botella 1l;1,4;233
Néctar de Naranja, Manzana y Zanahoria CONSUMER, botella 1l;1;166
Néctar de Naranja y Zanahoria GRANINI, botella 1l;1,4;233
Néctar de Pera CONSUMER, botella 1l;0,87;145
Néctar de Piña BISOL, botella 1l;0,6;100
Néctar de Piña GRANINI, botella 1l;1,4;233
Néctar de Pomelo Rosa GRANINI, botella 1l;1,4;233
Néctar de Zanahoria CONSUMER, botella 1l;1;166
Néctar Elaborado Mediante Cóctel de Frutas GRANINI, botella 1l;1,4;233
Zumo de Frutas CONSUMER, con Vitaminas, botella 1l;1,06;176
Zumo de Manzana CONSUMER, botella 1l;1;166
Zumo de Melocotón y Uva CONSUMER, botella 1l;0,87;145
Zumo de Naranja HERO, botella 1l;1,24;206
Zumo de Piña CONSUMER, botella 1l;0,94;156
Zumo de Pomelo CONSUMER, botella 1l;1;166
Zumo de Tomate BISOL, botella 1l;0,6;100
Zumo de Tomate CONSUMER, botella 1l;1;166
Zumo Vegetal CONSUMER, con Vitaminas, botella 1l;1,06;176
Concentrado de Granadina RIVES, Sin Alcohol, botella 1l;3,76;626
Néctar de Limón PULCO Exprimido, botella 1l;2,66;443
Néctar de Melocotón CONSUMER, botella 200 ml, pack 4 unid.;1,16;193
Néctar de Piña CONSUMER, botella 200 ml, pack 4 unid.;1,16;193
Néctar de Zanahoria CONSUMER, botella 200 ml, pack 4 unid.;1,16;193
Zumo de Manzana CONSUMER, botella 200 ml, pack 4 unid.;1,16;193
Zumo de Tomate CONSUMER, botella 200 ml, pack 4 unid.;1,16;193
Refresco de Limón SUNNY Delight, botella 0,5 litros;0,87;145
Refresco de Limón SUNNY Delight, botella 1,5 litros;1,72;286
Refresco de Naranja California SUNNY DELIGHT, 200ml, pack 8unid.;3,19;531
Refresco de Naranja Florida SUNNY DELIGHT, 200ml, pack 8 unid.;3,19;531
Refresco Naranja SUNNY DELIGHT, California, 1,5L;1,72;286
Refresco Naranja SUNNY DELIGHT, Florida, 1,5l;1,72;286
Refresco SIMON LIFE, sabor fresa, 0,5l;0,75;125
Refresco SIMON LIFE, sabor mandarina, 0,5l;0,75;125
Refresco SIMON LIFE, sabor naranja, 0,5l;0,75;125
Refresco SUNNY DELIGHT, Caribbean, 1,5l;1,72;286
Refresco SUNNY DELIGHT, sabor fresa, 0,5l;0,84;140
Refresco SUNNY DELIGHT, sabor mango, 0,5l;0,84;140
Zumo de Naranja ALVALLE, 1l;2,27;378
Zumo de Naranja DON SIMON, natural refrigerado, brik 1l;2,15;358
Zumo de Naranja Minute Maid DANONE, brik 1l;2,22;369
Cerveza AGUILA AMSTEL, botella 1l;0,91;151
Cerveza CRUZCAMPO, botella 1l;0,93;155
Cerveza CRUZCAMPO,envase plástico,tapón rosca,bot.1litro,4 unid.;3,75;624
Cerveza MAHOU CLASICA, botella 1l;0,91;151
Cerveza MEIBURG, botella 1l;0,61;101
Cerveza Aguila AMSTEL, botella 250 ml, pack 6 unid.;1,66;276
Cerveza BASS, inglesa, botella 330 ml;0,9;150
Cerveza BAVARIA, botella 250 ml, pack 6 unid.;1,67;278
Cerveza BUDWEISER, botella 330 ml;0,91;151
Cerveza CARLSBERG, botella 250 ml, pack 6 unid.;2,46;409
Cerveza CONSUMER, botella 250 ml, pack 6 unid.;1,29;215
Cerveza CORONITA, mexicana, botella 330 ml;0,96;160
Cerveza CRUZCAMPO, botella 250 ml, pack 6 unid.;1,77;295
Cerveza HEINEKEN, botella 250 ml, pack 6 unid.;2,81;468
Cerveza KELER 18 6x0,25 l;1,91;318
Cerveza MAHOU Cinco Estrellas, botella 0,66 litros;0,95;158
Cerveza MAHOU 5 ESTRELLAS, botella 250 ml, pack 6 unid.;1,94;323
Cerveza MODELO, mexicana negra, botella 330 ml;0,96;160
Cerveza SAN MIGUEL, botella 250 ml, pack 6 unid.;1,8;299
Cerveza VOLL-DAMM Extra, botella 250ml, pack 6 unid.;2,53;421
Cerveza WARSTEINER, botella 330 ml;0,92;153
Cerveza AGUILA AMSTEL, lata 330 ml;0,37;62
Cerveza BABARIA, holandesa, lata 330 ml;0,41;68
Cerveza BUDWEISER, lata 330 ml;0,63;105
Cerveza CARLSBERG, lata 330 ml;0,52;87
Cerveza CONSUMER, alemana, lata 330 ml;0,3;50
Cerveza CONSUMER, holandesa, lata 330 ml;0,29;48
Cerveza CORDËN GARD, lata 330 ml;0,25;42
Cerveza CRUZCAMPO, lata 330 ml;0,39;65
Cerveza HEINEKEN, holandesa, lata 330 ml, pack 6 unid.;3,03;504
Cerveza HEINEKEN, lata 330 ml;0,53;88
Cerveza KRONENBOURG, lata 330 ml;0,53;88
Cerveza MAHOU 5 ESTRELLAS, lata 330 ml;0,45;75
Cerveza SAN MIGUEL, lata 330 ml;0,38;63
Cerveza SAN MIGUEL, lata 500 ml;0,53;88
Cerveza BAVARIA, sin alcohol, lata 330 ml;0,41;68
Cerveza BAVARIA, sin alcohol, pack 6 unid., bot.250 ml;1,67;278
Cerveza BUCKLER, sin alcohol, lata 330 ml;0,41;68
Cerveza BUCKLER, sin alcohol, pack 6 unid., bot.250ml;1,77;295
Cerveza BUCKLER, sin alcohol, sabor limón, lata 330 ml;0,44;73
Cerveza BUCKLER,sin alcohol,sabor limón, pack 6 unid, bot.250ml;1,95;324
Cerveza CONSUMER, sin alcohol, pack 6 unid., bot.250ml;1,25;208
Cerveza KALIBER, sin alcohol, pack 6 unid., bot.250 ml;1,68;280
Cerveza SAN MIGUEL, sin alcohol, lata 330 ml;0,4;67
Cerveza SAN MIGUEL, sin alcohol, pack 6 unid., bot.250ml;1,72;286
Cerveza CRUZCAMPO, Shandy, pack 6 unid., bot.250ml;2,16;359
Cerveza FRANZISKANER, alemana, botella 330 ml;0,92;153
Refresco de cola COCA COLA, botella 2l;1,18;196
Refresco de cola COCA COLA, light, botella 2l;1,27;211
Refresco de cola COCA COLA, light, sin cafeína, botella 2l;1,27;211
Refresco de cola COCA COLA, sin cafeína, botella 2l;1,18;196
Refresco de cola CONSUMER Latín Cola, botella 1,5l;0,54;90
Refresco de cola CONSUMER Latín Cola, light, botella 1,5l;0,54;90
Refresco de cola CONSUMER Latín Cola, sin cafeína, botella 1,5l;0,54;90
Refresco de cola CONSUMER Latín Cola,light, sin cafeína,bot 1,5l;0,54;90
Refresco de cola PEPSI BOOM, sin cafeína, botella 2l;1,02;170
Refresco de cola PEPSI, botella 2l;1,02;170
Refresco de cola PEPSI, light, botella 2l;1,02;170
Refresco de cola PEPSI, light, sin cafeína, botella 2l;1,02;170
Refresco de cola PEPSI Twist, botella 2 litros;1,02;170
Refresco de cola COCA COLA, dúo-dozen, lata 330 ml;4,52;752
Refresco de cola COCA COLA, lata 330 ml;0,38;63
Refresco de cola COCA COLA, light, lata 330 ml;0,39;65
Refresco de cola COCA COLA, light, sin cafeína, lata 330 ml;0,39;65
Refresco de cola COCA COLA, sin cafeína, lata 330 ml;0,38;63
Refresco de cola CONSUMER Latín Cola, lata 330 ml;0,18;30
Refresco de cola CONSUMER Latín Cola, sin cafeína, lata 330 ml;0,18;30
Refresco de cola PEPSI BOOM, sin cafeína, lata 330 ml;0,32;53
Refresco de cola PEPSI, lata 330 ml;0,32;53
Refresco de cola PEPSI, lata 330 ml, pack 12 unid.;3,58;596
Refresco de cola PEPSI, light, lata 330 ml;0,32;53
Refresco de cola PEPSI, light, sin cafeína, lata 330 ml;0,32;53
Refresco de cola PEPSI MAX, lata 330 ml;0,32;53
Refresco de cola PEPSI Twist, lata 330 ml;0,32;53
Refresco de cola COCA COLA, botella 200 ml, pack 6 unid.;2,67;444
Refresco de cola COCA COLA, botella 500 ml;0,67;111
Refresco de cola PEPSI, botella 500 ml;0,57;95
Refresco de cola PEPSI, light, botella 500 ml;0,57;95
Refresco de naranja Consumer BLURS, botella 1,5l;0,54;90
Refresco de naranja FANTA, botella 2l;1,04;173
Refresco de naranja FANTA, lata 330 ml;0,31;52
Refresco de naranja KAS, botella 2l;0,99;165
Refresco de naranja KAS, botella 200 ml, pack 6 unid.;2,26;376
Refresco de naranja KAS, lata 330 ml;0,29;48
Refresco de naranja SCHWEPPES, botella 2l;0,99;165
Refresco de naranja SCHWEPPES, lata 330 ml;0,28;47
Refresco de limón Consumer BLURS, botella 1,5l;0,54;90
Refresco de limón Consumer BLURS, lata 330 ml;0,18;30
Refresco de limón FANTA, botella 2l;1,04;173
Refresco de limón FANTA, lata 330 ml;0,31;52
Refresco de limón KAS, botella 2l;0,99;165
Refresco de limón KAS, botella 200 ml, pack 6 unid.;2,26;376
Refresco de limón KAS, lata 330 ml;0,29;48
Refresco de limón SCHWEPPES, botella 2l;0,99;165
Refresco de limón SCHWEPPES, lata 330 ml;0,28;47
Refresco de fresa SIMËN LIFE, brik 1l;1,05;175
Refresco de frutas del bosque RADICAL, sin gas, 500 ml;0,63;105
Refresco de limón CONSUMER Sin Burbujas, botella 1,5l;0,73;121
Refresco de limón CONSUMER Sin Burbujas, botella 500 ml;0,36;60
Refresco de limón RADICAL, sin gas, botella 500 ml;0,63;105
Refresco de limón TRINA, lata 330 ml;0,35;58
Refresco de manzana CONSUMER Sin Burbujas, botella 1,5l;0,73;121
Refresco de manzana CONSUMER Sin Burbujas, botella 500 ml;0,36;60
Refresco de manzana RADICAL, sin gas, botella 500 ml;0,63;105
Refresco de manzana TRINA, botella 2l;1,3;216
Refresco de naranja CONSUMER Sin Burbujas, botella 1,5l;0,73;121
Refresco de naranja CONSUMER Sin Burbujas, botella 500 ml;0,36;60
Refresco de naranja RADICAL, sin gas, botella 500 ml;0,63;105
Refresco de naranja SIMËN LIFE, brik 1l;1,05;175
Refresco de naranja SONFIL, sin gas, botella 1l;1,26;210
Refresco de naranja TRINA, botella 1,5 l;1,02;170
Refresco de naranja TRINA, lata 330 ml;0,35;58
Refresco de piña CONSUMER Sin Burbujas, botella 1,5l;0,73;121
Refresco de piña CONSUMER Sin Burbujas, botella 500 ml;0,36;60
Refresco de piña RADICAL, sin gas, botella 500 ml;0,63;105
Refresco multifrutas BIOLIVIANA, brik 330 ml;0,59;98
Refresco SONFIL,zumo con leche,200 ml x 3 unid.;1,11;185
Zumo elaborado con frutas BIOSOLAN, sin gas, brik 330 ml;0,8;133
Té al limón LIPTON, lata 330 ml;0,47;78
Té al limón NESTEA, sin gas, botella 1l;1,26;210
Té al limón NESTEA, sin gas, lata 330 ml;0,52;87
Té al limón NESTEA, sin gas, sin azúcar, botella 1l;1,26;210
Té al limón NESTEA, sin gas, sin azúcar, lata 330 ml;0,52;87
Té al limón SAN BENEDETTO, botella 1,5l;0,83;138
Té al melecotón LIPTON, lata 330 ml;0,47;78
Refresco de GUARAN?, Antartica, lata 330 ml;0,36;60
Refresco de lima-limón CONSUMER Blurs, botella 1,5l;0,54;90
Refresco de lima-limón CONSUMER Blurs, lata 330 ml;0,18;30
Refresco de limón TANG, sin gas, sobre 40g, pack 3 unid.;1,02;170
Refresco de manzana CONSUMER Blurs, botella 1,5l;0,54;90
Refresco de manzana KAS, lata 330 ml;0,31;52
Refresco de naranja TANG, sin gas, sobre 40g, pack 3 unid.;1,02;170
Refresco SEVEN UP, lata 330 ml;0,3;50
Refresco SEVEN.UP, botella 2l;1,05;175
Refresco SEVEN.UP, botella 500 ml;0,58;97
Refresco SPRITE, botella 2l;1,01;168
Concentrado de avellana RIVES, sin alcohol, botella 700 ml;3,19;531
Gaseosa CONSUMER Blurs, botella 1,5l;0,34;57
Gaseosa CONSUMER Blurs, botella 500 ml;0,2;33
Gaseosa LA CASERA, botella 1,5l;0,57;95
Gaseosa LA CASERA, botella 500 ml;0,38;63
Gaseosa LA CASERA, Fresh, botella 1,5l;0,63;105
Gaseosa LA CASERA, lata 330 ml;0,24;40
Gaseosa ULIFRESS, botella 1,5l;0,25;42
Licor de manzana PRECO, sin alcohol, botella 700 ml;1,19;198
Mosto Blanco CONSUMER, botella 1l;0,64;106
Mosto Blanco GREIP, botella 1l;0,91;151
Mosto Tinto CONSUMER, botella 1l;0,83;138
Mosto Tinto GREIP, botella 1l;0,91;151
Tónica CONSUMER, botella 200 ml, pack 6 unid.;0,98;163
Tónica SCHWEPPES, botella 1l;0,99;165
Tónica SCHWEPPES, botella 200 ml, pack 6 unid.;2,39;398
Tónica SCHWEPPES, lata 330 ml;0,41;68
Bebida Isotónica AQUARIUS, botella 1l;1,26;210
Bebida Isotónica AQUARIUS, lata 330 ml;0,54;90
Bebida Isotónica AQUARIUS, sabor naranja, botella 1l;1,26;210
Bebida Isotónica AQUARIUS, sabor naranja, lata 330 ml;0,54;90
Bebida Isotónica GATORADE, sabor limón, botella 0,5l;0,95;158
Bebida Isotónica GATORADE, sabor limón, botella 1,5l;2,22;369
Bebida Isotónica GATORADE, sabor naranja, botella 0,5l;0,95;158
Bebida Isotónica GATORADE, sabor naranja, botella 1,5 l;2,22;369
Bebida Isotónica ISOSTAR, sabor limón, en polvo, bote 425g;8,36;1391
Bebida Isotónica ISOSTAR, sabor naranja, en polvo, bote 425g;6,56;1091
Bebida Energética RED BULL, lata 250 ml;1,21;201
Aceite de Oliva CARBONELL,0,4?, bot. 1l;2,77;461
Aceite de Oliva CONSUMER,0,4?, bot 1l;2,08;346
Aceite de Oliva CONSUMER,1?,bot 1l;2,08;346
Aceite de Oliva KOIPE,1?, bot. 1l;2,65;441
Aceite de Oliva OLILAN 1?, bot 1l;2,21;368
Aceite de Oliva OLILAN,0.4?,bot 1l;2,21;368
Aceite de Oliva YBARRA,0,4?, bot. 1l;2,53;421
Aceite Oliva Virgen CONSUMER, Arbequina, botella 500ml;2,22;369
Aceite Oliva Virgen CONSUMER, Hojiblanca, botella 500ml;1,85;308
Aceite Oliva Virgen CONSUMER, Picual, botella 500ml;1,85;308
Aceite Oliva Virgen Extra CARBONELL, botella 750ml;2,73;454
Aceite Oliva Virgen Extra OLILAN, botella 750ml;2,41;401
Aceite Oliva Virgen Extra SUBLIME, botella 750ml;2,95;491
Aceite Oliva Virgen Extra YBARRA, botella 750ml;2,63;438
Aceite de Oliva Virgen Extra HOJIBLANCA, botella 1l;2,77;461
Aceite de Oliva Virgen Extra KOIPE, botella 1l;2,67;444
Aceite de Oliva Virgen Extra OLILAN, botella 1l;2,47;411
Aceite de Girasol CONSUMER, botella 1l;0,84;140
Aceite de Girasol ELOSOL, botella 5l;5,1;849
Aceite de Girasol KOIPESOL, botella 1l;1,23;205
Aceite de Girasol LANISOL, botella 1l;0,91;151
Aceite de Maíz ASUA, botella 1l;1,42;236
Sal Especiada para Carne CONSUMER, para sazonar, pack 90g;0,84;140
Sal Especiada para Pescados/Ensaladas CONSUMER,sazonar,pack 90g;0,84;140
Sal Marina Gruesa CONSUMER,Carnes/Pescados a la plancha,pack 1k;0,21;35
Sal vacuum fina CONSUMER, pack 1kg;0,22;37
Sal vacuum yodada CONSUMER, pack 1kg;0,22;37
Sal yodada CONSUMER, salero 125g;0,45;75
VINAGRE BCO.PROCER 0,75L+0,25L 1.0 L;0,6;100
Vinagre Blanco CONSUMER, botella 1l;0,51;85
Vinagre Blanco CONSUMER, botella 500 ml;0,36;60
Vinagre Blanco PROCER, botella 1l;0,69;115
Vinagre Rojo CONSUMER, botella 1l;0,51;85
Vinagre Rojo CONSUMER, botella 500 ml;0,36;60
Vinagre Balsámico de Modena ALIÐO, botella 250 ml;2,2;366
Vinagre de Jerez CONSUMER, botella 750 ml;1,74;290
Vinagre de Jerez YBARRA, botella 500 ml;4,06;676
Vinagre de Manzana CONSUMER, botella 250 ml;0,9;150
Vinagre de Manzana CONSUMER, botella 750 ml;1,03;171
Vinagre de Rioja CONSUMER, botella 250 ml;1,28;213
Vinagre de Romero y Espliego CONSUMER, botella 250 ml;1,2;200
Vinagre de Sidra FEMUA, 750 ml;1,07;178
Vinagre de Vino al Ajo CONSUMER, botella 250 ml;1,2;200
Vinagre de Vino al Estragón CONSUMER, botella 250 ml;1,2;200
Vinagre de Vino Rioja CONSUMER, botella 750 ml;1,39;231
Vinagre Envejecido RIOJAVINA, botella 750 ml;1,51;251
Vinagre RIOJAVINA, concentrado de limón, botella 500 ml;0,48;80
Vino RIOJAVINA,con plantas en maceración,para cocinar,bot. 375g;1,49;248
Mayonesa CALVÉ, frasco 225g;0,67;111
Mayonesa CONSUMER, frasco 225 ml;0,51;85
Mayonesa CONSUMER, frasco 450 ml;0,8;133
Mayonesa HELLMANS, tarro 450g;0,95;158
Mayonesa KRAFFT, Pleno sabor, frasco 225g;0,61;101
Mayonesa KRAFFT, Pleno sabor, frasco 450g;0,91;151
Mayonesa LANDIRA, frasco 450g;0,61;101
Mayonesa MUSA, frasco 220g;0,62;103
Mayonesa MUSA, frasco 440g;0,95;158
Mayonesa YBARRA, frasco 105g;0,48;80
Mayonesa YBARRA, frasco 225g;0,58;97
Mayonesa YBARRA, frasco 450g;0,97;161
Mayonesa YBARRA, suave, frasco 450g;0,95;158
Mayonesa 100% Aceite de Oliva YBARRA, frasco 225g;1,22;203
Salsa Ligera CONSUMER, frasco 225 ml;0,53;88
Salsa Ligera CONSUMER, frasco 450 ml;0,83;138
Salsa Ligera LIGERESA, frasco 450g;1,11;185
Salsa Ligera LIGERESA, pack 225g;0,73;121
Salsa ligera YBARRA, frasco 225g;0,63;105
Salsa Ligera YBARRA, pack 450 ml;0,95;158
Jugo de carne BOVRIL, frasco 125g;2,88;479
Salsa Alioli CONSUMER,para Carnes asados y Arroces,frasco 225 m;0,66;110
Salsa barbacoa YBARRA, frasco 225g;0,87;145
Salsa bearnesa YBARRA, frasco 225g;0,68;113
Salsa con Queso Azul HELLMANNS, frasco 250g;1,79;298
Salsa de Alioli YBARRA, para carnes y arroces, frasco 225g;0,87;145
Salsa de Yogur HELLMANNS, frasco 250g;1,79;298
Salsa Frankfurt YBARRA, Mahonesa con Mostaza, frasco 225g;0,68;113
Salsa gaucha YBARRA, 225g;0,87;145
Salsa HEINZ, para Sandwich, sabor Jamón, envase 300g;2,31;384
Salsa Mil Islas HELLMANS, pack 250g;1,79;298
Salsa pimienta verde YBARRA, solomillo/patatas asadas, 225g;0,87;145
Salsa Roquefort YBARRA, frasco 225g;0,87;145
Salsa Rosa CONSUMER,para Ensalada Pescado/Marisco,frasco 225 ml;0,57;95
Salsa Salad-Cream HELLMANS, pack 250g;1,79;298
Salsa Tártara YBARRA, carnes frías/pescados, frasco 225g;0,68;113
Salsa Vinagreta HELLMANS,con Aceite Oliva Extra Virgen,pack 250;1,79;298
Salsa YBARRA, cocktail, frasco 225g;0,68;113
Salsa Bolonesa SPAGHETTERIA, tomate con carne, pack 260g;1,14;190
Salsa Carbonara SPAGHETTERIA, queso y bacon, pack 260g;1,27;211
Salsa Napolitana SPAGUETTERIA, tomate con especias, pack 260g;1,14;190
Salsa Piamontesa SPAGHETTERIA, 260g;1,14;190
Salsa Ranchera YBARRA, frasco 225g;0,89;148
Salsa Siciliana SPAGHETTERIA, frasco 260g;1,14;190
Salsa de Especias HP 430 g;2,4;399
Salsa de Soja KIKKOMAN, frasco 250g;2,88;479
Salsa Mango CHUTNEY SHARVOOD 227g;2,77;461
Salsa Picante de Tomate, para Doritos Díppas, envase 326g;2,09;348
Salsa Picante LAU, pack 85g;0,93;155
Salsa Picante TABASCO, pack 60g;2,86;476
Salsa Suave de Tomate, para Doritos Díppas, envase 326g;2,09;348
Salsa Worcestershire LEA & PERRINS, carne en plancha,frasco 150g;2,59;431
Salsa Bechamel GALLINA BLANCA, para pastas, pack 55g;1,12;186
Salsa Pimienta Verde GALLINA BLANCA, para carnes, pack 36g;1,12;186
Ketchup CALVÉ, con dosificador, envase 570g;1,49;248
Ketchup CONSUMER, frasco 330g;0,77;128
Ketchup HEINZ, frasco 340g;1,13;188
Ketchup LAYONE, envase 300g;0,37;62
Ketchup ORLANDO, pack 300g;0,6;100
Ketchup PRIMA, envase 340g;0,67;111
Ketchup PRIMA, sabor barbacoa, envase 340g;0,67;111
Ketchup PRIMA, sabor picante, envase 340g;0,67;111
Mostaza de Dijon GREY-POUPON, al vino, frasco 215g;1,87;311
Mostaza LAYONE, envase 300g;0,38;63
Mostaza MAILLE, a la pimienta verde, frasco 215g;1,87;311
Mostaza MAILLE, cremosa, frasco 350g;2,36;393
Mostaza Prima, pack 300g;0,69;115
Ajo CONSUMER, para sazonar, frasco 58g;0,64;106
Ajo DUCROS, frasco 279g;4,06;676
Ajo DUCROS, para sazonar, frasco 58g;1,16;193
Ajo en láminas DUCROS, frasco 22g;1,16;193
Ajónjoli DUCROS, frasco 55g;1,12;186
Albahaca DUCROS, para sazonar, frasco 12g;1,16;193
Anis Verde DUCROS, para sazonar, frasco 37g;1,16;193
Canela en Rama CONSUMER, frasco 10g;0,64;106
Canela Molida CONSUMER, para sazonar, frasco 39g;0,64;106
Cebolla DUCROS, para sazonar, frasco 30g;1,16;193
Colorante para Alim.s CONSUMER, frasco 60g;0,64;106
Colorante para Alim.s DUCROS, frasco 60g;1,16;193
Comino Entero DUCROS, para sazonar, frasco 35g;1,16;193
Comino Molido DUCROS, para sazonar, frasco 41g;1,16;193
Curry DUCROS, frasco 42g;1,16;193
Estragón DUCROS, para sazonar, frasco 4g;1,16;193
Hierbabuena DUCROS, frasco 13g;1,16;193
Laurel DUCROS, para sazonar, frasco 24g;1,16;193
Nuez Moscada Molida CONSUMER, para sazonar, frasco 43g;0,64;106
Orégano DUCROS, frasco 79g;2,91;484
Orégano DUCROS, para sazonar, frasco 10g;1,16;193
Perejíl CONSUMER, para sazonar, frasco 5g;0,64;106
Perejil DUCROS, frasco 31g;2,42;403
Perejíl DUCROS, para sazonar, frasco 5g;1,16;193
Pimentón Dulce CONSUMER, para sazonar, frasco 45g;0,64;106
Pimienta Blanca Molida CONSUMER, para sazonar, frasco 50g;0,64;106
Pimienta Cayena CONSUMER, para sazonar, frasco 15g;0,64;106
Pimienta Cayena Molida DUCROS, para sazonar, frasco 38g;1,16;193
Pimienta Negra Molida CONSUMER, para sazonar, frasco 48g;0,64;106
Romero DUCROS, para sazonar, frasco 27g;1,16;193
Sal de Ajo DUCROS, para sazonar, frasco 70g;1,16;193
Sazonador de Ajo y Perejil DUCROS, frasco 43g;1,16;193
Sazonador DUCROS, para callos, frasco 35g;1,16;193
Sazonador DUCROS, para huevos fritos, frasco 50g;1,12;186
Sazonador DUCROS, para pinchos, frasco 35g;1,16;193
Sazonador DUCROS, para pizza, frasco 30g;1,12;186
Sazonador DUCROS, para sofritos y guisos, frasco 39g;1,16;193
Sazonador DUCROS Universal, para todos los platos, frasco 43g;1,16;193
Sazonador para carnes DUCROS, frasco 19g;1,16;193
Sazonador para Ensaladas DUCROS, frasco 20g;1,16;193
Sazonador para Espaguettis DUCROS, frasco 32g;1,16;193
Sazonador para Pescado DUCROS, frasco 45g;1,16;193
Tomillo CONSUMER, para sazonar, frasco 11g;0,64;106
Tomillo Entero DUCROS, para sazonar, frasco 11g;1,16;193
Pimentón Dulce CONSUMER, lata 75g;0,9;150
Pimentón Dulce DUCROS, lata 160g;2,2;366
Pimentón Dulce DUCROS, lata 75g;1,12;186
Pimentón Picante CONSUMER, lata 75g;0,9;150
Pimentón Picante DUCROS, lata 75g;1,18;196
Ajo DUCROS, en molinillo, para sazonar, frasco 40g;2,09;348
Ajo Granulado ESPECIER, caja 120g;1,34;223
Aliño para Ensalada DUCROS, Clásica, pack 5g;0,45;75
Aliño para Ensalada DUCROS, de Pasta, pack 5g;0,45;75
Aliño para Ensalada DUCROS, de Tomate, pack 8g;0,45;75
Azafrán DUCROS, en hebras, caja 0.5g;2,34;389
Azafrán en Hebras CONSUMER, pack 0,5g;1,99;331
Azafrán en Rama ESPECIER, caja 0,5g;2,76;459
Colorante DUCROS, 25 sobres, pack 35g;1,42;236
Estragón ESPECIER, caja 20g;1,38;230
Laurel en Hojas CONSUMER, caja 15g;0,71;118
Laurel en hojas DUCROS, bolsa 15g;0,91;151
Pimienta Steak DUCROS, Molinillo para sazonar, frasco 35g;2,09;348
Pimienta verde DUCROS, lata 35g;1,07;178
Alubia Canela CONSUMER, pack 500g;2,84;473
Alubia palmeña gorda CONSUMER, malla 500g;1,83;304
Alubia palmeña menuda CONSUMER, malla 500g;1,77;295
Alubias Blancas CONSUMER, largas, pack 1kg;1,46;243
Alubias Blancas EL HOSTAL, Extra, pack 1kg;2,02;336
Alubias Blancas MARAVILLA, largas, caja 1kg;2,09;348
Alubias Palmeñas CONSUMER, Extra, pack 1kg;1,98;329
Alubias Para Fabada CONSUMER, malla 500g;5,4;898
Alubias Pintas CONSUMER, Extra, pack 1kg;1,46;243
Alubias Pintas EL HOSTAL, Extra, pack 1kg;2,19;364
Judión de la Granja CONSUMER, malla 500g;3,03;504
Garbanzo castellano CONSUMER, malla 500g;1,78;296
Garbanzo pedrosillano CONSUMER, malla 500g;1,69;281
Garbanzos Mejicanos CONSUMER, Extra, pack 1kg;1,19;198
Garbanzos Mejicanos EL HOSTAL, Extra, pack 1kg;1,93;321
Garbanzos Mejicanos MARAVILLA, caja 1kg;1,99;331
Garbanzos Mejicanos MORANZA DE ANTAÐO, pack 1kg;1,03;171
Lenteja de Salamanca CONSUMER, pack 500g;1,69;281
Lenteja Pardina CONSUMER, malla 500g;1,59;265
Lentejas Castellanas CONSUMER, Extra, pack 1kg;0,78;130
Lentejas Castellanas MORANZA DE ANTAÐO, pack 1kg;0,58;97
Lentejas CONSUMER, Cocción Rápida, Extra, caja 1kg;1,02;170
Lentejas MARAVILLA, Cocción Rápida, caja 1kg;1,56;260
Lentejas Pardina CONSUMER, Extra, pack 1kg;0,96;160
Lentejas Pardina EL HOSTAL, Extra, pack 1kg;1,38;230
Lentejas Pardina MARAVILLA, caja 1kg;1,56;260
Arroz CONSUMER, Extra, 1kg;0,75;125
Arroz Extra LA CIGALA, Redondo, al Vacio, pack 1kg;1,09;181
Arroz I SOS, pack 1kg;1,1;183
Arroz Redondo CONSUMER, Envasado al Vacío, pack 1kg;1,03;171
Arroz Basmati India NOMEN,para Ensaladas/Guarniciones,pack 250g;1,23;205
Arroz Cocción Rápida SOS, pack 375g;1,68;280
Arroz Integral CONSUMER, Envasado al Vacío, pack 1kg;1,12;186
Arroz Largo CONSUMER, Ideal ensaladas y guarniciones, pack 1kg;0,84;140
Arroz Largo SOS,especial para Ensaladas y Guarniciones,pack 1kg;1,49;248
Arroz Vaporizado BRILLANTE, Color Natural, pack 1kg;1,47;245
Arroz Vaporizado CONSUMER, El arroz que no se pasa, pack 1kg;1,03;171
Fideos Cabellin JAI, bolsa 500g;0,28;47
Fideos Cabellin n? 0 GALLO, pack 500g;0,67;111
Fideos Finos CONSUMER, pack 500g;0,4;67
Fideos Gruesos CONSUMER, pack 500g;0,4;67
Fideos n?2 GALLO, pack 500g;0,67;111
Fideos n?4 GALLO, pack 500g;0,67;111
Fideua CONSUMER, bolsa 500g;0,4;67
Macarrones CONSUMER, pack 500g;0,4;67
Macarrones JAI, bolsa 500g;0,28;47
Macarrones Pluma 6 GALLO, pack 500g;0,67;111
Tiburón CONSUMER, bolsa 500g;0,4;67
Tiburón n?0 GALLO, bolsa 500g;0,67;111
Tiburon n?1 GALLO, pack 500g;0,67;111
Spaghettis ARDILLA, bolsa 500g;0,61;101
Spaghettis CONSUMER, bolsa 500g;0,4;67
Spaghettis JAI, bolsa 500g;0,28;47
Spaguettis n?3 GALLO, bolsa 1kg;1,24;206
Spaguettis n?3 GALLO, pack 500g;0,67;111
Tallarines CONSUMER, bolsa 500g;0,4;67
Tallarines Linguine GALLO, paquete 500g;0,67;111
Pasta de Espirales CONSUMER, pack 500g;0,4;67
Pasta de Estrellas GALLO, pack 500g;0,67;111
Pasta Infantil Surtida EL PAVO, Barrufets forma de pitufos, 250g;0,54;90
Pasta Maravilla CONSUMER, pack 500g;0,4;67
Pastas de Helices GALLO, pack 500g;0,67;111
Bavette Tallarín BARILLA, pack 500g;0,87;145
Espaguettis n?5 Largos BARILLA, pack 500g;0,97;161
Farfalle BARILLAS, caja 500g;0,87;145
Penne Rigate BARILLA, caja 500g;0,87;145
Spaguettis BARILLA, caja 500g;0,87;145
Espirales con Vegetales CONSUMER, pack 500g;0,76;126
Macarrones con Fibra CONSUMER, pack 500g;0,76;126
Nidos de Espinaca GALLO, pack 500g;1,41;235
Pajaritas con Vegetales GALLO, pack 250g;0,58;97
Plumas con Vegetales CONSUMER, pack 500g;0,76;126
Plumas con Vegetales GALLO, pack 250g;0,58;97
Spaguettis con Fibra CONSUMER, pack 500g;0,76;126
Spaguettis con Vegetales CONSUMER, pack 500g;0,76;126
Espirales al Huevo CONSUMER, pack 500g;0,76;126
Espirales GALLO, al Huevo, pack 500g;1,09;181
Fideos n? 0 GALLO, al Huevo, pack 500g;1,09;181
Macarrones GALLO, al Huevo, pack 250g;0,58;97
Nido GALLO, al Huevo, pack 500g;1,41;235
Plumas Rayadas al Huevo CONSUMER, pack 500g;0,76;126
Plumas Rayadas GALLO, al Huevo, pack 500g;1,09;181
Spaguettis al Huevo CONSUMER, pack 500g;0,76;126
Spaguettis GALLO, al Huevo, pack 500g;1,09;181
Tiburón n? 0 GALLO, al Huevo, pack 500g;1,09;181
Lasaña al Huevo EL PAVO,con sémolas trigo,200g,18 unid;1,17;195
Lasaña EL PAVO, a las Espinacas, 18 unid., pack 200g;1,17;195
Pasta para Canelones GALLO, 20 placas, pack 125g;0,57;95
Ravioli con Relleno de Carne GALLO, pack 250g;1,28;213
Tortellini con Carne STARLUX, pack 250g;1,7;283
Tortellini con Queso STARLUX, pack 250g;1,7;283
Tortellini de Jamón y Queso BARILLA, pack 250g;1,82;303
Tortellini de Jamón y Queso STARLUX, pack 250g;1,7;283
Tortellini Venus GALLINA BLANCA, Salsa de Almendras,pack 150g;1,63;271
Puré de Patatas CONSUMER, con leche, pack 230g;0,94;156
Puré de Patatas CONSUMER, pack 230g;0,94;156
Puré de Patatas MAGGI, a la jardinera, pack 90g;1,23;205
Puré de Patatas MAGGI, a los 3 quesos, pack 90g;1,23;205
Puré de Patatas MAGGI, con leche, pack 115g;0,94;156
Puré de Patatas MAGGI, instantáneo, con champiñones, pack 90g;1,23;205
Puré de Patatas MAGGI, pack 230g;1,46;243
Crema de Champiñones GALLINA BLANCA, sobre 70g;0,48;80
Crema de Espárragos GALLINA BLANCA, completa, sobre 81g;0,66;110
Crema de Espárragos MAGGI, sobre 70g;0,45;75
Sopa Completa a la Jardinera GALLINA BLANCA, pack 85g;0,66;110
Sopa Completa de Ave con Fideos GALLINA BLANCA, pack 100g;0,66;110
Sopa con Pollo y Fideos GALLINA BLANCA, sobre 88g;0,66;110
Sopa de Ajo MAGGI, pack 68g;0,42;70
Sopa de Ave con Fideos GALLINA BLANCA, sobre 80g;0,48;80
Sopa de Ave con Fideos KNORR, sobre 60g;0,45;75
Sopa de Cabello de ?ngel KNORR, sobre 75g;0,45;75
Sopa de Carne con Estrellitas KNORR, sobre 71g;0,45;75
Sopa de Cebolla KNORR, sobre 49g;0,45;75
Sopa de Champiñones GALLINA BLANCA, pack 75g;0,66;110
Sopa de Champiñones KNORR, pack 76g;0,45;75
Sopa de Maravilla GALLINA BLANCA, sobre 90g;0,48;80
Sopa de Pollo con Fideos GALLINA BLANCA, sobre 72g;0,48;80
Sopa de Pollo con Fideos KNORR, sobre 85g;0,45;75
Sopa de Puerros KNORR, pack 84g;0,45;75
Sopa de Ternera con Estrellitas GALLINA BLANCA, sobre 80g;0,48;80
Sopa de Verduras GALLINA BLANCA, sobre 57g;0,47;78
Sopa Infantil de Pollo y Pasta MAGGI, sobre 46g;0,57;95
Sopa Infantil de Ternera con Pasta MAGGI, sobre 50g;0,57;95
Sopa Infantil de Verduras con Pasta al Huevo MAGGI, pack 50g;0,57;95
Sopa Jardinera GALLINA BLANCA, pack 79g;0,47;78
Sopa Minestrone KNORR, pack 86g;0,45;75
Sopa 12 Verduras KNORR, sobre 52g;0,45;75
Menestra de verduras KNORR, pack 48g;0,96;160
Potaje Casero GALLINA BLANCA, con Garbanzos y Fideos, pack 96g;1,14;190
Puré de Calabacín KNORR, con Patata, pack 90g;0,99;165
Puré KNORR, de 7 verduras, sobre 75g;0,99;165
Sopa de Arroz y Fideos GALLINA BLANCA, con Patatas, pack 130g;1,14;190
Sopa de Cocido con Pasta GALLINA BLANCA, sobre 82g;1,13;188
Sopa de Pollo KNORR, con Fideos gruesos, pack 87,5g;1,1;183
Sopa Especial KNORR, con pescado y fideos, 4 rac., bolsa 87g;1,11;185
Sopa Extra de Pollo GALLINA BLANCA, sobre 115g;1,13;188
Sopa Jardinera KNORR, con Pasta, pack 59g;0,99;165
Sopa Pescadores Extra GALLINA BLANCA, con Arroz y Marisco, 110g;1,04;173
Puré de Verduras GALLINA BLANCA, brik 1l;2,3;383
Puré de Verduras KNORR, brik 1 litro;2,26;376
Sopa de Pollo con Fideos KNORR, brik 1 Litro;2,26;376
Sopinstant con Verduras GALLINA BLANCA, sobre 60g;0,93;155
Sopinstant Crema de Mariscos GALLINA BLANCA, con Picatostes, pac;0,93;155
Sopinstant Crema de Pollo GALLINA BLANCA, con Picatostes, pack 6;0,93;155
Sopinstant de Champiñones GALLINA BLANCA, sobre 57g;0,93;155
Sopinstant de Espárragos GALLINA BLANCA, sobre 57g;0,93;155
Sopinstant de Pollo y Pasta GALLINA BLANCA, sobre 39g;0,93;155
Crema de Champiñones con Picatostes KNORR, pack 65g, 3 racione;1,01;168
Crema de Langosta KNORR, pack 75g;1,13;188
Crema de Marisco KNORR, 4 raciones, pack 113,5g;1,13;188
Crema de Pollo KNORR, con Picatostes, pack 62g;1,01;168
Caldo con Carne STARLUX, pack 255g, 24 pastillas;1,98;329
Caldo con Pollo AVECREM, caja 84g, 8 pastillas;0,81;135
Caldo de Carne STARLUX, pack 127g, 12 pastillas;1,12;186
Caldo de Carne STARLUX, pack 85g, 8 pastillas;0,77;128
Caldo de Pollo AVECREM, pack 126g, 12 pastillas;1,21;201
Caldo Suave de Carne con Verdura STARLUX,pack 120g,12 pastill.;1,04;173
Caldo Casero de Pollo con Verduras KNORR, brik 1 litro;1,19;198
Caldo Casero GALLINA BLANCA, brik 1 litro;1,43;238
Caldo de Jamón STARLUX, 8 pastillas, bolsa 84g;0,83;138
Caldo de Pescado KNORR, 12 pastillas, pack 127g;1,13;188
Caldo de Pollo AVECREM, tarro 110g;1,82;303
Caldo STARLUX, vegetal, 12 pastillas, caja 127g;1,16;193
Consomé MAGGI, 24 cubitos, pack 96g;1,27;211
Cubitos AVECREM, con Ajo y Perejil, caja 67g;0,93;155
Cubitos AVECREM, con Cebolla y Ajo, caja 60g;0,93;155
Cubitos para Caldo STARLUX, Champiñón y Perejil, 6 unid., 60g;0,85;141
Cubitos para Caldos AVECREM, Bacon y Queso, 6 unid., pack 67g;0,93;155
Cubitos para Caldos STARLUX, Ajo y Perejil, 6 unid., pack 60g;0,85;141
Cubitos para Caldos STARLUX, Bacon y Cebolla, 6 unid, pack 60g;0,85;141
Cubitos para Caldos STARLUX, Finas Hierbas, 6 unid., pack 60g;0,85;141
Cubitos para Caldos STARLUX,Pimienta/Laurel/Ajo,6 unid,pack 60g;0,85;141
Sazonador a las Finas Hierbas AVECREM, frasco 100g;1,82;303
Sazonador al Ajo y Perejíl AVECREM, frasco 110g;1,82;303
Gazpacho ALVALLE, brik 1l;2,96;493
Gazpacho DON SIMON, brik 1l;2,86;476
Harina Bizcochona HARINSA, trigo con levadura, pack 500g;0,61;101
Harina de Trigo CONSUMER, pack 1kg;0,28;47
Harina de Trigo CONSUMER, para fritos, pack 1kg;0,45;75
Harina de Trigo CONSUMER, para repostería, pack 1kg;0,53;88
Harina de Trigo CONSUMER, para repostería, pack 500g;0,26;43
Harina de trigo GALLO, Extra, para condimentar y repostería, 1kg;0,74;123
Harina para Pizza HARINSA, pack 500g;0,61;101
Preparado para Churros HARINSA, pack 500g;1,2;200
Preparado para Tortitas HARINSA, pack 500g;1,21;201
Pan Rallado con Ajo y Perejíl CONSUMER, pack 250g;0,33;55
Pan Rallado CONSUMER, bolsa 250g;0,33;55
Pan Rallado CONSUMER, bolsa 500g;0,58;97
Pan Rallado RIERA MARS?, con Ajo y Perejil, bolsa 125g;0,59;98
Sémola de Arroz RIERA MARS?, pack 250g;0,53;88
Sémola de Trigo RIERA MARS?, pack 250g;0,53;88
Tapioca RIERA MARS?, pack 300g;1,56;260
Tomate entero CIDACOS, lata 240g;0,37;62
Tomate entero CIDACOS, lata 480g;0,66;110
Tomate Natural CONSUMER, entero, lata 240g;0,39;65
Tomate Natural CONSUMER, entero, lata 480g;0,53;88
Tomate STARLUX Tomator, tamizado, lata 410g;0,43;72
Tomate Triturado APIS, con cebolla, lata 410g;0,56;93
Tomate Triturado CONSUMER, lata 400g;0,27;45
Tomate Triturado CONSUMER, lata 800g;0,43;72
Tomate Triturado IAN, lata 400g;0,37;62
Tomate Triturado IAN, lata 800g;0,61;101
Tomate Triturado Natural Extra APIS, lata 410g;0,42;70
Sofrito Tomate SOLIS, frasco 400g;1,5;250
Tomate Casero ORLANDO, frasco 365g;1,22;203
Tomate Cocinado GUTARRA, frasco 600g;1,48;246
Tomate Frito con Aceite de Oliva Virgen Extra FRUCO, frasco 380g;0,83;138
Tomate Frito CONSUMER, frasco 350g;0,44;73
Tomate Frito CONSUMER, frasco 550g;0,59;98
Tomate Frito SOLIS, frasco 400g;0,53;88
Tomate Frito con Aceite de Oliva YBARRA, lata 410g;1,25;208
Tomate Frito CONSUMER, lata 205g;0,3;50
Tomate Frito CONSUMER, lata 410g;0,36;60
Tomate Frito ORLANDO, lata 410g;0,55;92
Tomta Frito con Pimiento del Piquillo IAN, lata 410g;0,87;145
Tomate Frito APIS, brik 215g, pack 3 unid.;1,1;183
Tomate Frito CONSUMER, brik 400g;0,32;53
Tomate Frito ORLANDO, brik 400g;0,48;80
Tomate Frito SOLÍS, brik 400g;0,45;75
Pimiento Rojo CONSUMER, lata 250g;0,82;136
Pimiento Rojo en Tiras CONSUMER, frasco 290g;0,83;138
Pimiento Rojo Entero CONSUMER, frasco 190g;0,83;138
Pimiento Rojo Entero CONSUMER, lata 125g;0,62;103
Pimiento Rojo Entero ISALYT, 60g, pack 3 unid.;0,75;125
Pimientos Enteros Rojos ISALYT, lata 125g;0,43;72
Pimientos Enteros Rojos ISALYT, lata 250g;0,73;121
Pimientos Entreverados ISALYT, en Tiras con Ajo y Aceite, 290g;0,68;113
Pimientos Morrones Enteros BAJAMAR, frasco 122g;0,76;126
Pimientos Morrones Enteros BAJAMAR, frasco 185g;1,02;170
Pimientos Morrones Luesia Condimentados BAJAMAR, frasco 280g;1,15;191
Pimientos Rojos Enteros CONSUMER, 60g, pack 3 unid.;0,82;136
Pimientos Agridulces UBIDEA, Calidad Primera, lata 170g;1,67;278
Pimientos del Pico J.VELA, al Ajillo, Calidad Primera, frasco 29;1,66;276
Pimientos del Pico J.VELA, Enteros, Extra, lata 150g;1,49;248
Pimientos del Pico J.VELA, Enteros, Extra, lata 330g;2,91;484
Alegrías riojanas J. VELA, lata 150g;1,7;283
Alegrías riojanas J. VELA, lata 60g;0,99;165
Pimiento del Piquillo I CARASUSAN, pack 150g;1,11;185
Pimientos del Piquillo CONSUMER, 18/20 piezas, lata 300g;2,67;444
Pimientos del Piquillo Extra CONSUMER, pack 180g;1,58;263
Pimientos del Piquillo J.VELA, Artesanos, Extra, lata 330g;3,8;632
Pimientos del Piquillo LA CARRETILLA, cal. 6/8, lata 150g;1,44;240
Pimientos Piquillo de Lodosa CONSUMER, Enteros, 18/22piezas,300g;3,3;549
Pimientos Piquillo de Lodosa CONSUMER, Enteros, 7/9 piezas, 180g;2,11;351
Pimientos Piquillo de Lodosa PEDRO LUIS, Extra, 18/22piezas,375g;3,71;617
Pimientos del Piquillo CARASUSAN, Enteros, frasco 190g;1,7;283
Pimientos del Piquillo en Tiras CARASUSAN, al ajillo, pack 190g;1,21;201
Pimientos del Piquillo Enteros CONSUMER, frasco 220g;1,99;331
Pimientos del Piquillo Entreverados al Ajillo CONSUMER, 290g;1,49;248
Pimientos del Piquillo J.VELA, Artesanos, Extra, frasco 250g;2,73;454
Pimientos del Piquillo LA CARRETILLA, frasco 290g;2,04;339
Pimientos Piquillo J.VELA, al Ajillo, Calidad Primera, 290g;1,96;326
Pimientos Piquillo J.VELA, Artesanos, Calidad Primera, 250g;1,96;326
Pimientos Piquillo PEDRO LUIS, Calidad Primera, frasco 222g;2,44;406
Espárragos CONSUMER, Extra, gruesos, 17/24 piezas, lata 500g;5,15;857
Espárragos de Navarra PEDRO LUIS, gruesos, 8/12 piezas,lata 250g;2,83;471
Espárragos GIGANTE VERDE, Extra, gruesos, 8/12 piezas, lata 500g;4,99;830
Espárragos CARRETILLA, Extra, gruesos, 6/8 piezas, lata 250g;2,48;413
Espárragos CARRETILLA, gruesos, 9/14 piezas, pack 250g;2,17;361
Espárragos CONSUMER, Extra, muy gruesos, 7/9 piezas, lata 250g;2,99;497
Espárragos CONSUMER, gruesos, 10/14 piezas, lata 250g;2,58;429
Espárragos CONSUMER, gruesos, 9/16 piezas, lata 250g;1,99;331
Espárragos GIGANTE VERDE, gruesos, 6/12 piezas, lata 250g;2,32;386
Espárragos Punta Morada CONSUMER, gruesos, 6/10 piezas,lata 250g;2,58;429
Espárragos RIMAS DEL CAMPO, gruesos, 9/16 piezas, lata 250g;1,8;299
Espárragos CARRETILLA, Extra, gruesos, 4/8 piezas, lata 150g;1,66;276
Espárragos CARRETILLA, gruesos, 9/14 piezas, lata 150g;1,64;273
Espárragos CONSUMER, gruesos, 8/12 piezas, lata 150g;1,55;258
Espárragos GIGANTE VERDE, 8/14 piezas, lata 150g;1,49;248
Espárragos RIMAS DEL CAMPO, delgados, 17/22 piezas, lata 150g;0,93;155
ESPARRAGO LEYENDA 6/9 FCO.325G 325.0 GR;3,87;644
Espárragos CARRETILLA, gruesos, 9/12 piezas, frasco 205g;1,99;331
Espárragos CONSUMER, Extra, medianos, 6/9 piezas, frasco 115g;1,64;273
Espárragos CONSUMER, gruesos, cal. 9/12, frasco 205g;1,8;299
Espárragos CONSUMER, gruesos, 9/12 piezas, frasco 205g;3,09;514
Espárragos CONSUMER, gruesos, 9/12 piezas, frasco 340g;5,15;857
Espárragos de Navarra PEDRO LUIS, Extra, gruesos,9/12piezas,340g;5,19;864
Espárragos de Navarra PEDRO LUIS,Extra,medianos,13/16piezas,205g;2,38;396
Espárragos GIGANTE VERDE, gruesos, 8/14 piezas, frasco 205g;2,67;444
Espárragos RIMAS DEL CAMPO, 13/16 piezas, frasco 205g;1,58;263
Espárragos Verdes Extra GIGANTE VERDE, medianos,13/20piezas,190g;2,21;368
Yemas de Espárrago LEYENDA, frasco 125g;1,95;324
Yemas delgadas RIMAS DEL CAMPO, lata 135g;0,88;146
Yemas medianas CARRETILLA, lata 135g;1,79;298
Alcachofa CONSUMER, cal. 5/7, lata 240g;1,23;205
Alcachofas BONDUELLE, frasco 330g;2,96;493
Alcachofas CONSUMER, cal. 6/8, lata 240g;1,26;210
Alcachofas en mitades CONSUMER, frasco 400g;3,56;592
Alcachofas GUTARRA, frasco 400g;4,15;691
Alcachofas HUMAR, frasco 400 g;3,12;519
Alcachofas LEYENDA, frasco 400g;3,69;614
Corazón Alcachofa CONSUMER, Primera, cal.10/12, 240g;1,89;314
Corazón Alcachofa CONSUMER, Primera,c. 14/16, 240g;2,21;368
Corazones de Alcachofas CIDACOS, cal. 6/8, lata 240g;1,61;268
Corazones de Alcachofas CIDACOS, cal. 8/10, lata 240g;1,7;283
Corazones de Alcachofas CIDACOS, 240g;1,2;200
GUISANTE M/FINO BONDUELLE 3+1  120.0 G;1,83;304
Guisantes Al Natural II MUSKARIA, lata 250g;0,38;63
Guisantes Al Natural II MUSKARIA, lata 95g;0,25;42
Guisantes Extrafinos CONSUMER, lata 250g;0,6;100
Guisantes Extrafinos CONSUMER, lata 95g;0,33;55
Guisantes Finos CONSUMER, lata 250g;0,55;92
Guisantes Finos CONSUMER, lata 95g;0,32;53
Guisantes Muy Finos BONDUELLE, al Natural, 3 unid., pack 120g;1,83;304
Champiñones CIDACOS, enteros, calidad primera, frasco 180g;1,09;181
Champiñones en Láminas CONSUMER, medianos, al natural, lata 105g;0,45;75
Champiñones en Láminas CONSUMER, medianos, al natural, lata 185g;0,63;105
Champiñones en Láminas Extra CONSUMER, medianos,al natural, 160g;0,88;146
Champiñones Enteros CIDACOS, Calidad Primera, lata 180g;0,98;163
Champiñones Enteros Extra CONSUMER, medianos, al natural, 105g;0,57;95
Champiñones Enteros Extra CONSUMER, medianos, al natural, 160g;0,93;155
Champiñones Enteros Extra CONSUMER, medianos, al natural, 185g;0,8;133
Champiñones Laminados CIDACOS, Calidad Extra, lata 180g;0,78;130
Rovellón CIDACOS, en trozos, lata 175g;1,01;168
Rovellones CIDACOS, en trozos, lata 175g;1,01;168
Setas de cardo PEDRO LUIS, al natural, frasco 180g;1,44;240
Maíz Blanco GIGANTE VERDE, lata 285g;1,1;183
Maíz Dulce BONDUELLE, lata 285g;0,82;136
Maíz Dulce CONSUMER, lata 140g;0,48;80
Maíz Dulce CONSUMER, lata 285g;0,66;110
Maíz Dulce GIGANTE VERDE, lata 140g;0,6;100
Maíz Dulce GIGANTE VERDE, lata 140g, pack 3 unid.;1,76;293
Maíz Dulce GIGANTE VERDE, lata 285g;0,84;140
Maíz Light GIGANTE VERDE, lata 285g;1,1;183
Maíz Tierno Dulce BONDUELLE, lata 140g, pack 3 unid.;1,8;299
Macedonia con Verduras CONSUMER, frasco 400g;1,18;196
Macedonia de legumbres BONDUELLE, frasco 340g;1,32;220
Macedonia de Verduras HELIOS, al natural, frasco 400g;1,33;221
Macedonia LEYENDA, frasco 400g;1,32;220
Menestra de Verduras CARRETILLA, frasco 235g;1,73;288
Menestra de Verduras HELIOS, al natural, frasco 400g;2,46;409
Menestra LEYENDA, frasco 400g;3,26;542
Menestra Navarra BONDUELLE,Alcachof/Espár/Guisan/Zanahor, 400g;3,24;539
Menestra Navarra CONSUMER, Guisante/Alcachofa/Espárrago, 400g;3,22;536
Acelgas GUTARRA, frasco 425g;1,56;260
Acelgas Troceadas CONSUMER, frasco 425g;1,3;216
Borrajas GUTARRA, frasco 400g;2,04;339
Borrajas Troceadas CONSUMER, frasco 400g;1,85;308
Brotes de Ajo GUTARRA, frasco 120g;0,91;151
Brotes de Ajo Troceados CONSUMER, frasco 300g;1,05;175
Cardo Troceado CONSUMER, frasco 400g;1,52;253
Cardo Troceado GUTARRA, frasco 400g;1,77;295
Espinacas CONSUMER, Calidad Primera, frasco 425g;1,32;220
Espinacas GUTARRA, frasco 425g;1,56;260
Judía Plana BONDUELLE, frasco 356g;1,23;205
Judias Verdes Cortadas en Trozos Medianos MARTINEZ, frasco 360g;0,85;141
Judías Verdes GUTARRA, frasco 350g;1,48;246
Judias Verdes Troceadas CONSUMER, Calidad Primera, frasco 350g;1,08;180
Puerros Naturales LEYENDA, frasco 400g;2,32;386
Trozos de Puerros CONSUMER, frasco 400g;1,72;286
Coles de Bruselas CONSUMER, medianas, Calidad Primera, 400g;1,37;228
Espárragos agridulces CARRETILLA, frasco 110g;1,48;246
Guisantes BONDUELLE, frasco 465g;1,67;278
Guisantes Extra Muy Finos CONSUMER, frasco 340g;1,24;206
Guisantes y Zanahorias CONSUMER, frasco 425g;1,4;233
Habitas fritas HUMAR, frasco 320g;5,72;952
Habitas Tiernas Extra CONSUMER, frasco 320g;4,05;674
Patata Entera BONDUELLE, frasco 340g;1,26;210
Patatas Enteras CONSUMER, frasco 350g;1,17;195
Tres Legumbres BONDUELLE,Guisantes/Zanahorias/Patatas, 465g;1,75;291
Tres Legumbres CONSUMER, Patatas/Guisantes/Zanahorias, 425g;1,33;221
Zanahorias Extra Tempranas Baby CONSUMER, muy finas, frasco 330g;1,18;196
Berenjenas de Almagros Aliñadas CALZADO, lata 210g;1,01;168
Brotes de Soja BONDUELLE, pack 90g, 3 unid.;2,05;341
Choucroute KHUNE, lata 710g;2,05;341
Judía verde ancha MARTÍNEZ, 420g;0,79;131
Macedonia de verduras BONDUELLE, lata 130g, pack 3 unid.;1,75;291
Mini Mazorca GIGANTE VERDE, lata 220g;1,66;276
Apio Rallado BONDUELLE, frasco 280g;1,26;210
Apio Rallado en Tiras CONSUMER, frasco 180g;0,7;116
Berenjenas de Almagros Troceadas CALZADO, frasco 220g;1,39;231
Brotes de Soja AMALUR, frasco 190g;1,08;180
Brotes de Soja CONSUMER, frasco 150g;0,91;151
Creasalad Mediterránea BONDUELLE, frasco 300g;1,83;304
Creasalad Oriental BONDUELLE, frasco 300g;1,83;304
Ensalada Caprichos GUTARRA, frasco 170g;1,37;228
Ensalada China AMALUR, frasco 190g;1,55;258
Ensalada Hawaiana AMALUR, frasco 190g;1,55;258
Palmito Entero GIGANTE VERDE, frasco 250g;3,5;582
Remolacha Roja en Rodajas BONDUELLE, frasco 305g;1,26;210
Zanahoria en Tiras CONSUMER, frasco 180g;0,7;116
Zanahoria KUHNE, en tiras, frasco 190g;1,46;243
Zanahoria Rallada BONDUELLE, frasco 280g;1,26;210
Bonito CONSUMER, en aceite de oliva, lata 115g;1,48;246
Bonito CONSUMER, en aceite de oliva, lata 266g;3,53;587
Bonito del Norte AZKUE, en Aceite Vegetal, lata 110g;1,24;206
Bonito del Norte CAMPOS, en Aceite de Oliva, lata 115g;1,49;248
Bonito del Norte CAMPOS, en Aceite de Oliva, lata 266g;3,87;644
Bonito del Norte ORTIZ, en Aceite de Oliva, lata 250g;4,27;710
Bonito en Aceite de Oliva ALBO, lata 112g;1,67;278
Bonito en Aceite de Oliva ORTIZ, pack 112g;1,84;306
Bonito del Norte en Aceite de Oliva CONSUMER, frasco 425g;6,44;1072
Bonito del Norte en aceite de Oliva Slección CONSUMER, tarro 925;14,82;2466
Bonito del Norte ORTIZ, en Aceite de Oliva, tarro 220g;4,18;695
Bonito en Aceite de Oliva CONSUMER, frasco 220g;4,09;681
Ventresca de Atún Claro en Aceite de Oliva ISABEL, pack 90g;2,32;386
Ventresca de Atún Claro ORTIZ, en Aceite de Oliva, lata 110g;3,49;581
Ventresca de Bonito en Aceite de Oliva CONSUMER, pack 115g;4,58;762
Ventresca de Bonito ORTIZ, pack 110g;5,02;835
Bonito CONSUMER, en Escabeche, lata 190g;3,53;587
Bonito CONSUMER, en Escabeche, lata 85g;1,48;246
Bonito del Norte AZKUE, en Escabeche, lata 80g;1,11;185
Bonito del Norte CAMPOS, en Escabeche, lata 81g;1,53;255
Bonito del Norte en Escabeche ALBO, pack 82g;1,67;278
Bonito del Norte en Escabeche ORTIZ, lata 82g;1,84;306
Bonito del Norte ORTIZ, en Escabeche, Frito, lata 140g;2,84;473
Bonito del Norte ORTIZ, en Escabeche, lata 190g;4,11;684
Atún Claro al Natural RIANXEIRA, lata 56g, pack 3 unid.;1,44;240
Atún Claro en Aceite de Oliva ALBO, lata 92g, pack 3 unid.;2,39;398
Atún Claro en Aceite de Oliva CONSUMER, lata 92g, pack 3 unid.;1,55;258
Atún Claro en Aceite de Oliva Virgen Extra ALBO,pack 92g,3 unid;2,56;426
Atún Claro en Aceite Vegetal CONSUMER, lata 80g, pack 3 unid.;1,03;171
Atún Claro en Aceite Vegetal RIANXEIRA, lata 80g, pack 3 unid.;1,28;213
Atún Claro en Escabeche CONSUMER, pack 52g, lata 3 unid.;1,23;205
Atún Claro en Escabeche RIANXEIRA, lata 52g, pack 3 unid.;1,38;230
Atún Claro Natural CONSUMER, lata 52g, pack 3 unid.;1,28;213
Atún en Aceite ISABEL, lata 65g, pack 3 unid.;0,99;165
Atún en Aceite Vegetal MARINEIRA, lata 65g, pack 3 unid.;0,92;153
Atún Claro CAMPOS, en Aceite Vegetal, lata 115g;0,69;115
Atún Claro CAMPOS, en Aceite Vegetal, lata 266g;1,7;283
Atún Claro CAMPOS, en Escabeche, lata 190g;1,7;283
Atún Claro CAMPOS, en Escabeche, lata 81g;0,69;115
Atún Claro en Aceite de Oliva ALBO, caja 112g;1,07;178
Atún Claro en Aceite de Oliva CONSUMER, pack 111g;0,85;141
Atún Claro en Aceite Vegetal CONSUMER, lata 111g;0,66;110
Atún Claro en Aceite Vegetal CONSUMER, lata 220g;1,07;178
Atún Claro ISABEL, en Aceite Vegetal, lata 266g;1,89;314
Atún Claro ISABEL, en Aceite Vegetal, lata 400g;1,84;306
Atún Claro MARINEIRA, en Aceite Vegetal, latón 1kg;4,02;669
Atún Claro MARINEIRA, en Escabeche, latón 650g;4,02;669
Atún Claro Picantona ALBO, pack 112g;1,07;178
Calamar ALBO, trozos en tinta, caja 112g;1,21;201
Calamar DANI, en Salsa Americana, lata 156g;0,85;141
Calamar RIANXEIRA, en Salsa Americana, 3 unid., pack 180g;1,25;208
Calamar RIANXEIRA,en Tinta con Aceite de Oliva,3 unid.,lata 180g;1,25;208
Calamar Vieira MIAU, en salsa, caja 80g, pack 3 unid.;1,17;195
Calamares en Salsa Americana MIAU, pack 80g, 3 unid.;1,17;195
Calamares en Salsa CONSUMER, lata 115g;0,51;85
Calamares en Salsa CONSUMER, pack 92g, 3 unid.;1,2;200
Calamares en Tinta CONSUMER, lata 115g;0,51;85
Calamares en Tinta CONSUMER, pack 92g, 3 unid.;1,2;200
Calamares MIAU, trozos en tinta, pack 80g, 3 unid.;1,17;195
Rodajas de Calamar en Salsa Americana DANI, pack 185g;1,89;314
Trozos de Calamares en su Tinta MIAU, pack 115g;0,71;118
Chipirones en Aceite de Oliva CONSUMER, lata 115g;1,49;248
Chipirones en Tinta CONSUMER, lata 115g;1,49;248
Chipirones Rellenos ALBO, en su tinta, pack 115g;2,43;404
Pulpitos en Aceite Vegetal DANI, caja 156g;1,31;218
Pulpo al Ajillo CONSUMER, lata 115g;1,73;288
Pulpo DANI, en Aceite Vegetal, 3 unid., pack 153g;1,35;225
Pulpo en Aceite de Oliva CONSUMER, lata 115g;1,73;288
Mejillón al Natural CONSUMER, cal. 14/18, pack 69g;1;166
Mejillón en Escabeche CALVO, cal. 14/18, pack 72g;1,1;183
Mejillón en Escabeche CONSUMER, cal. 10/12, pack 69g;1,35;225
Mejillón en Escabeche CONSUMER, cal. 14/18, pack 69g;1;166
Mejillón en Escabeche CONSUMER, cal. 18/20, 3 unid., pack 43g;1,32;220
Mejillón en Salsa de Vieira CONSUMER, cal. 14/18, pack 111g;1;166
Mejillón en Salsa Vieira MIAU, pack 115g;1,06;176
Mejillón ISABEL, en Escabeche, cal. 12/16, lata 69g;0,98;163
Mejillón ISABEL, en Escabeche, lata 43g, pack 3 unid.;1,42;236
Mejillón MIAU, en Escabeche, cal. 14/16, lata 69g;1,06;176
Mejillón Natural MIAU, lata 69g;1,06;176
Mejillón Picante en Escabeche CONSUMER, cal. 14/18, pack 69g;1;166
Mejillón Picante MIAU, en Escabeche, cal. 12/18, lata 69g;1,06;176
Mejillón RIANXEIRA, en Escabeche, 3 unid., pack 150g;1,54;256
Mejillones en Escabeche MIAU, 3 unid., pack 150g;1,55;258
Berberecho Línea Azul NOLY, al natural, pack 135g;2,61;434
Berberecho Línea Oro NOLY, cal. 30/40, pack 65g;3,62;602
Berberecho NOLY, al natural, cal. 40/50, pack 65g;2,68;446
Berberechos al Natural RIANXEIRA, envase 135g;3,15;524
Berberechos CONSUMER, cal. 40/50, frasco 60g;2,68;446
Berberechos CONSUMER, lata 60g;2,47;411
Berberechos CONSUMER, 25/35 piezas, lata 60g;4,5;749
Berberechos ISABEL, al Natural, 3 unid., pack 156g;2,84;473
Berberechos MARIÐEIRA, cal. 60/80, lata 65g;1,56;260
Berberechos NOLY, cal. 60/80, al Natural, lata 65g;1,73;288
Bereberechos MARIÐEIRA, envase 135g;2,36;393
Sardina en Aceite de Oliva ALBO, lata 120g;1,07;178
Sardina en Aceite de Oliva CONSUMER, cal. 3/5, pack 115g;0,6;100
Sardina en Escabeche CONSUMER, cal. 3/5, pack 80g;0,6;100
Sardinas en Aceite de Oliva ISABEL, pack 115g;0,76;126
Sardinas en Aceite MIAU, pack 120g;0,79;131
Sardinas en Escabeche MIAU, cal. 3/4, pack 84g;0,79;131
Sardinas ISABEL, en Escabeche, cal. 3/4, lata 80g;0,76;126
Sardinas RIANXEIRA, en Aceite de Oliva, lata 113g;0,82;136
Sardinas RIANXEIRA, en Escabeche con Aceite de Oliva, lata 80g;0,82;136
Sardina Picante en Aceite de Oliva CONSUMER, cal. 3/5, pack 80g;0,6;100
Sardinas en Tomate CONSUMER, cal. 3/5, pack 80g;0,6;100
Sardinas en Tomate MIAU, cal. 3/4, pack 120g;0,79;131
Sardinas ISABEL, en Tomate, cal. 3/4, lata 115g;0,76;126
Sardinas MIAU, picantes, pack 84g;0,79;131
Sardinas Picantes ALBO, pack 120g;1,07;178
Sardinas Picantes ISABEL, con guindilla, pack 80g;0,76;126
Sardinas RIANXEIRA, en Tomate con Aceite de Oliva, lata 74g;0,82;136
Sardinilla en Aceite de Oliva RIANXEIRA, pack 81g;0,89;148
Sardinillas al limón CONSUMER, 60g;0,68;113
Sardinillas con pimiento CONSUMER, 60g;0,68;113
Sardinillas en aceite de Oliva CONSUMER, 85g;0,68;113
Sardinillas en Aceite Vegetal ISABEL, rico en Omega 3, lata 57g;0,79;131
Sardinillas picantes en aceite de Oliva CONSUMER, 60g;0,68;113
Almeja Chilena NOLY, lata 78g;1,58;263
Almejas al Natural DANI, cal. 12/18, lata 56g;1,51;251
Almejas Chilenas al Natural CONSUMER, medianas, cal. 15/22, pack;1,4;233
Almejas Chilenas MARINEIRA, lata 78g;1,42;236
Navajas al Natural DANI, cal. 4/6, lata 56g;2,06;343
Navajas Chilenas MARINEIRA, lata 78g;2,02;336
Navajas NOLY, lata 78g;2,52;419
Navajuelas al Natural CONSUMER, medianas, cal. 8/14, pack 110g;1,56;260
Navajuelas Chilenas DANI, lata 56g;1,73;288
Navajuelas NOLY, lata 78g;1,79;298
Arroyabitos de Gulas ARROYABE, con Guindilla, tarro 230g;3,26;542
Caballa del Sur Aceite Vegetal UBAGO,sin piel/espinas,pack 90g;0,83;138
Caballa del Sur en Aceite de Oliva CONSUMER, lata 115g;0,85;141
Filete de Caballa DANI, con tomate, lata 125g;0,78;130
Filete de Caballa DANI, en Aceite Vegetal, caja 125g;0,78;130
Gulas UBAGO, al ajillo, lata 120g;1,94;323
Huevas de Lompo NOLY, tarro 100g;2,17;361
Anchoa del Cantábrico en aceite vegetal CONSUMER, lata 29g;0,89;148
Anchoa en Aceite de Oliva MIAU, lata 29g;1,94;323
Anchoa en Aceite de Oliva MIAU, lata 29g, pack 3 unid.;4,46;742
Anchoa en Aceite de Oliva ORTIZ, a la Antigua, tarro 55g;4,59;764
Anchoa en Aceite de Oliva ORTIZ, tarro 55g;4,48;745
Anchoa en Aceite LA CASTREÐA, lata 29g;1,64;273
Anchoa en Aceite LA CASTREÐA, lata 50g;3,68;612
Anchoa en Aceite LA CASTREÐA, tarro 125g;9,31;1549
Anchoa en Aceite LA CASTREÐA, tarro 65g;5,24;872
Anchoa en Aceite MUTRIKUARRA, tarro 100g;4,23;704
Anchoa en Aceite MUTRIKUARRA, tarro 60g;2,46;409
Anchoa en Aceite SILVIA, 26g;0,85;141
Anchoa en Aceite Vegetal MARIÐEIRA, lata 29g;0,49;82
Anchoas en Aceite de Oliva ORTIZ, lata 29g;2,14;356
Boquerón NASSARI, al Ajillo, 45g;1,38;230
Melocotón CONSUMER, en Almibar, lata 240g;0,63;105
Melocotón CONSUMER, en Almibar, lata 480g;0,82;136
Melocotón FRURY, en Almibar, lata 480g;0,79;131
Melocotón HELIOS, en Almibar, sin azúcar, frasco 480g;1,35;225
Melocotón PICUEZO, en Almibar, lata 480g;1,01;168
Melocotónr PICUEZO, en Almibar, lata 240g;0,77;128
Piña en Rodajas CONSUMER, lata 340g;1,12;186
Piña en Rodajas CONSUMER, lata 500g;1,35;225
Piña en Rodajas DEL MONTE, lata 350g;1,45;241
Piña en Rodajas LA FUENTE TURA, lata 340g;0,95;158
Piña en Rodajas LA FUENTE TURA, lata 500g;1,26;210
Cerezas Confitadas Extra BEBÉ, sobre 100g;1,06;176
Cerezas Rojas BEBÉ, en Almibar, frasco 90g;1,13;188
Cocktail de Frutas DEL MONTE, en Almibar, lata 500g;2,61;434
Coctel de Frutas COFRUSA, lata 240g;0,69;115
Fresas HELIOS, en Almibar, frasco 150g;1,14;190
Melocotónes Enteros CAMPOREL, en Almibar, frasco 450g;1,45;241
Melocotones Enteros CIDACOS, en Almibar, frasco 1,8kg;4,1;682
Pera en Almibar COFRUSA, pack 480g;1,43;238
Azúcar Blanco AZUCARERA, pack 1kg;0,92;153
Azúcar Glacé AZUCARERA, para decorar y repostería, pack 250g;1,37;228
Azúcar Moreno de Caña AZUCARERA, bolsa 1kg;2,16;359
Azucarillos PRIETO, pack 1kg;1,59;265
Terrones de Azúcar AZUCARERA,sin Envolver,225 Terrones,caja 1kg;1,41;235
Terrones de Azúcar Light SUCR?N, bajo en Calorías, pack 290g;2,12;353
Terrones de Azúcar Moreno de Caña AZUCARERA, sin envolver, 500g;1,37;228
Caramelo Líquido ROYAL, botella 400g;1,56;260
Sirope Topps ROYAL, sabor Caramelo,cobertura líquida,envase 250g;1,41;235
Sirope Topps ROYAL, sabor Fresa, cobertura líquida, envase 250g;1,41;235
Sirope Topps ROYAL,sabor Chocolate,cobertura líquida,envase 250g;1,41;235
Flan Clásico MANDARIN, pack 30g, 6 unid.;0,76;126
Flan POTAX, pack 192g, 6 unid.;0,99;165
Flan ROYAL, pack 130g, 8 unid.;1,09;181
Natillas ROYAL, caseras, pack 100g;0,88;146
Preparado ROYAL, para Natillas Instantáneas, pack 94g;0,88;146
Arroz con Leche MULTIFOOD, barqueta 250g;1,17;195
Migas Extremeñas FLORIST?N, pack 550g;2,83;471
Migas FLORIST?N, pack 550g;2,46;409
Molde de Bizcocho MONTECARLO, pack 400g;1,74;290
Pastel de Queso ROYAL, pack 335g;2,17;361
Pastel Mousse ROYAL, sabor chocolate, pack 225g;2,17;361
Pastel Mousse ROYAL, sabor limón, pack 207g;2,17;361
Preparado para Pastel ROYAL, limón, caja 105g;0,92;153
Harina de Maíz MAIZENA, paquete 350g;1,28;213
Harina Fina de Maíz MAIZENA, para cocina ligera, pack 700g;2,18;363
Levadura de Panadería VAHINÉ, pack 21g, 3 sobres;1,2;200
Levadura POTAX, pack 38g;0,92;153
Levadura ROYAL, pack 64g, 4 unid.;0,96;160
Maíz Instantáneo Express MAIZENA, para Salsas y Cremas, pack 250;1,61;268
Preparado para Pastel MANDARÍN,fresco, sabor Limón, pack 100g;0,8;133
Preparado para Pastel MANDARÍN,fresco,sabor Chocolate,pack 100g;0,8;133
Preparado para Pastel ROYAL, sabor Chocolate, pack 105g;0,9;150
Rebocina RIERA MARS?, pack 250g;0,78;130
Gelatina Alimentaria Sin Sabor VAHINÉ,en Hojas, pack 17g,9 unid.;1,77;295
Gelatina de Fresa MANDARÍN, pack 92g;0,67;111
Gelatina de Fresa ROYAL, pack 90g;0,87;145
Gelatina de Limón MANDARÍN, pack 92g;0,67;111
Gelatina de Limón ROYAL, pack 90g;0,87;145
Gelatina de Naranja ROYAL, pack 90g;0,87;145
Gelatina de Piña ROYAL, pack 85g;0,87;145
Gelatina Neutra en polvo ROYAL, pack 20g, 2 sobres;1,03;171
Almendras en Laminillas VAHINÉ, bolsa 100g;2,6;433
Almendras Machacadas VAHINÉ, bolsa 100g;2,56;426
Almendras Molidas VAHINÉ, bolsa 100g;2,6;433
Bolitas Multicolor VAHINÉ, para Postres, frasco 80g;1,36;226
Coco Rallado VAHINÉ, bolsa 100g;1,1;183
Crocanti de Almendras VAHINÉ, bolsa 100g;3;499
Felicidades VAHINÉ, adorno para Tartas, pack 1 unid.;0,95;158
Fideos al Cacao VAHINÉ, frasco 65g;1,5;250
Fideos VAHINÉ, Arco Iris, frasco 65g;1,08;180
Lápiz Pastelero VAHINÉ, sabor Vainilla, para Postres, pack 25g;1,86;309
Molde de Bizcocho MONTECARLO, pack 400g;1,74;290
Pasas de Corinto VAHINÉ, bolsa 100g;1,47;245
Pasas Sultana VAHINÉ, bolsa 100g;1,46;243
Perlitas de Chocolate VAHINÉ, para Postres, pack 100g;1,83;304
Preparado para Bizcochos ROYAL, caja 375g;1,83;304
Preparado ROYAL, para Tarta de Crema, pack 350g;2,02;336
Tarta de Manzana MANDARÍN,Crema Pastelera y Glaseado,pack 363g;1,74;290
Vainilla Azucarada VAHINÉ, frasco 90g;1,2;200
Vainilla en Polvo VAHINÉ, para Flanes/Natillas/Tartas, pack 5g;2,6;433
Vainilla en Vainas VAHINÉ, pack 3g, 2 vainas;4,03;671
Velitas Mágicas VAHINÉ, adornos para Tartas, pack 10 unid.;1,29;215
Cracker Integral RECONDO, 250 g;0,96;160
Cracker RECONDO, normal, 250 g;0,96;160
Pan Tostado ANITIN, con ajo y perejil, 160g;0,72;120
Panecillos CONSUMER, pack 200g;0,6;100
Panecillos Integrales CONSUMER, pack 200g;0,6;100
Mini Biscotte LU, 60 rebanadas, 120 g;0,69;115
Mini Biscottes CONSUMER, caja 105g;0,51;85
Mini Biscottes de Harina de Trigo Integral CONSUMER, caja 105g;0,51;85
Mini Tostas BIMBO, pack 100g;1,1;183
Mini tostas Integrales BIMBO, 100 g;1,1;183
Mini tostas redondas BIMBO, 100 g;1,1;183
Pan Tostado Chapata LU, Artesanales, 20 Rebanadas, pack 120g;0,79;131
Tostadas Canapé RECONDO, Cuadradas, finas, pack 100g;0,97;161
Tostadas Canapé RECONDO, Redondas, finas, pack 100g;0,97;161
Tostas con Vitaminas BIMBO, Redondas, 40 unid., pack 300g;1,32;220
Volovan GESNOIN, 6 unid, 150 g;1,56;260
Volovan GESNOIN,16 unid, 90 g;2,17;361
Picos de harina de trigo CONSUMER, pack 250g;0,43;72
Picos Integrales de harina de trigo CONSUMER, pack 250g;0,43;72
Rosquillas de harina de trigo con Ajonjoli CONSUMER, pack 250g;0,51;85
Rosquillas Integrales de harina de trigo CONSUMER, pack 250g;0,43;72
Trencinas CONSUMER, pack 250g;0,49;82
Aceitunas con Hueso CONSUMER, bolsa 100g;0,26;43
Aceitunas Con Hueso CONSUMER, frasco 190g;0,74;123
Aceitunas Con Hueso CONSUMER, frasco 400g;1,49;248
Aceitunas Manzanilla JOLCA, bolsa 100g;0,32;53
Aceitunas Manzanilla Sabor a Anchoa CONSUMER, frasco 109g;0,7;116
Aceitunas OLIVAX, con hueso, bolsa 100g;0,25;42
Aceitunas Manzanilla Sin Hueso JOLCA, bolsa 75g;0,32;53
Aceitunas Sin Hueso CONSUMER, bolsa 75g;0,26;43
Aceitunas Sin Hueso CONSUMER, frasco 330g;1,49;248
Aceitunas Verdes en Rodajas CONSUMER, frasco 105g;0,52;87
Aceitunas Gazpachas CONSUMER, frasco 190g;0,74;123
Aceitunas Gordal Picantes CONSUMER, frasco 180g;0,97;161
Aceitunas Negras CONSUMER, lata 185g;0,45;75
Aceitunas Negras En Rodajas CONSUMER, frasco 105g;0,52;87
Aceitunas Negras LA ESPAÐOLA, lata 185g;0,79;131
Aceitunas Negras Sin Hueso CONSUMER, lata 150g;0,62;103
Aceitunas Negras Sin Hueso LA ESPAÐOLA, lata 115g;0,78;130
Aceitunas Verdes Aliñadas CONSUMER, frasco 190g;0,7;116
Aceituna Rellena LA ESPAÐOLA, pack 3 unid., 50g;1,18;196
Aceitunas Rellenas de Anchoa CONSUMER, frasco 150g;0,5;83
Aceitunas Rellenas de Anchoa CONSUMER, pack 130g;0,43;72
Aceitunas Rellenas de Anchoa CONSUMER, pack 50g, 3 unid.;0,78;130
Aceitunas Rellenas de Anchoa CONSUMER, 40% menos sal, lata 130g;0,59;98
Aceitunas Rellenas de Anchoa EL SERPIS, lata 130g;0,74;123
Aceitunas Rellenas de Anchoa LA ESPAÐOLA Clásicas, lata 85g;0,61;101
Aceitunas Rellenas de Anchoa LA ESPAÐOLA, lata 150g;0,82;136
Aceitunas Rellenas de Anchoa LA ESPAÐOLA,35% menos sal,lata 130g;0,86;143
Aceitunas Rellenas de Anchoa Suaves LA ESPAÐOLA,lata 40g x 3unid;1,12;186
Aceitunas Rellenas de Pimiento CONSUMER, lata 150g;0,62;103
Aceitunas Rellenas de Pimiento LA ESPAÐOLA, lata 130g;0,79;131
Cebollitas Agridulces RIOVERDE, frasco 180g;1,13;188
Cebollitas CONSUMER, frasco 190g;0,88;146
Guindilla IBARRA, TXUMITXA, frasco 145g;2,77;461
Guindilla Vasca CONSUMER, frasco 145g;2,51;418
Guindilla Vasca KUMAS, frasco 120g;1,64;273
Pepinillos con Sabor a Anchoa CONSUMER, frasco 180g;0,99;165
Pepinillos con Sabor a Anchoa RIOVERDE, frasco 180g;1,23;205
Pepinillos EL FARO, frasco 205g;1,17;195
Pepinillos en Rodajas CONSUMER, frasco 105g;0,53;88
Pepinillos Grandes CONSUMER, pack 190g;0,8;133
Pepinillos Pequeños CONSUMER, pack 190g;0,8;133
Piparra Extra UBIDEA, frasco 75 g;1,29;215
Aceitunas Gordal con Cebollita CONSUMER, frasco 190g;1,39;231
Aceitunas Gordal con Guindilla CONSUMER, frasco 190g;1,39;231
Aceitunas Gordal con Pepinillos CONSUMER, frasco 190g;1,39;231
Alcaparras CONSUMER, frasco 60g;0,63;105
Banderillas Dulces CONSUMER, frasco 180g;0,98;163
Banderillas Dulces en Vinagre EL FARO, frasco 160g;1,19;198
Banderillas Picantes CONSUMER, frasco 190g;0,98;163
Banderillas Picantes en Vinagre EL FARO, frasco 160g;1,19;198
Banderillas Picantes RIOVERDE, frasco 150g;1,32;220
Cocktail al Aceite de Oliva CONSUMER, pack 150g;0,68;113
Cocktail de Encurtidos RIOVERDE, frasco 180g;1,13;188
Cocktail Picante CONSUMER, pack 150g;0,68;113
Coctail a las Finas Hierbas CONSUMER, pack 150g;0,68;113
Dientes de Ajo CONSUMER, frasco 50g;0,3;50
PICARDIAS ORIGINAL ESPA\O.150G 150.0 GR;0,88;146
Toreras No Picantes KIMBO, Ensartados Vegetales ?cidos, 125g;1,56;260
Toreras Picantes KIMBO, Ensartados Vegetales ?cidos, lata 120g;1,56;260
Variantes CONSUMER, Calidad Extra, frasco 190g;0,79;131
Cacahuete con cascara, Brasil, malla 500g;2,3;383
Cacahuete con cascara, USA, malla 500g;1,99;331
Cacahuete Frito Granel, 200g 200g (3,99 euros/kg);0,798;133
Cacahuete Yumbo Granel, pack 250g 250g (3,5 euros/kg);0,875;146
Cacahuetes Con Cáscara Tostados Naturales CONSUMER, 250g;0,59;98
Cacahuetes con miel CONSUMER, bandeja;1,78;296
Cacahuetes con Miel CONSUMER, 125g;1,45;241
Cacahuetes con Miel EAGLE, bolsa 100g;1,1;183
Cacahuetes CONSUMER, con Cáscara y Sal, Tostados, pack 500g;1,37;228
Cacahuetes CONSUMER, Mondados, Tostados, pack 250g;0,67;111
Cacahuetes CONSUMER Repelado/Frito, 125g;1,35;225
Cacahuetes EAGLE, Fritos con Miel, lata 311g;2,72;453
Cacahuetes EGUI AGUI, Fritos, pack 125g;0,74;123
Cacahuetes Fritos con Piel CONSUMER, bolsa 250g;0,79;131
Cacahuetes Fritos CONSUMER, bolsa 125g;0,6;100
Cacahuetes Fritos CONSUMER, bolsa 250g;0,79;131
Cacahuetes Fritos CONSUMER, bolsa 500g;1,52;253
Cacahuetes Naturales Tostados Con Cáscara CONSUMER, pack 500g;1,2;200
Cacahuetes Sabor Barbacoa CASA PONS, bolsa 125g;1,1;183
Cacahuetes Sabor Queso CASA PONS, bolsa 125g;1,1;183
Cacahuetes Sabor Tex Mex CASA PONS, bolsa 125g;1,1;183
Cacahuetes Salados EAGLE, bolsa 100g;0,79;131
Cacahuetes Virginia EAGLE, lata 311g;2,78;463
Pipa Calabaza LA ELEGIDA POR TI, bandeja;1,25;208
Pipa Girasol AGUASAL, bandeja 150g;0,73;121
Pipa Girasol LA ELEGIDA POR TI, salada, bandeja;0,71;118
Pipas de Calabaza Tostadas CONSUMER, bolsa 250g;1,6;266
Pipas Gigantes Aguasal CONSUMER, bolsa 250g;1,33;221
Pipas Gigantes Con Sal CONSUMER, bolsa 250g;1,2;200
Pipas Peladas Fritas CONSUMER, bolsa 250g;1,21;201
Pipas Tostadas Aguasal CONSUMER, bolsa 250g;0,79;131
Pipas Tostadas Con Sal CONSUMER, bolsa 250g;0,79;131
Pistacho a granel URIARTE, 200g (8,71 euros/kg);1,742;290
Pistacho CONSUMER, bandeja 225g;2,39;398
Pistachos CONSUMER, tarrina 175g;1,98;329
Pistachos de Irán CONSUMER, bolsa 125g;1,52;253
Pistachos de Irán EAGLE, bolsa 100g;1,47;245
Pistachos de Irán EAGLE, lata 250g;3,32;552
Pistachos Tostados CONSUMER, bolsa 125g;1,21;201
Pistachos Tostados CONSUMER, bolsa 250g;1,73;288
Pistachos Tostados CONSUMER, bolsa 500g;3,78;629
Almendra CONSUMER, crocanti, tarrina 130g;1,65;275
Almendra CONSUMER, largueta cruda, bandeja;2,39;398
Almendra CONSUMER, largueta tostada/salada, bandeja;2,15;358
Almendra CONSUMER, marcona cruda, bandeja;2,55;424
Almendra Garrapiñada CONSUMER, 250g;2,48;413
Almendra Laminada CONSUMER, Tarrina 60g;0,99;165
Almendra Mollar, malla 750 gr;2,59;431
Almendras CONSUMER, Larguetas, bolsa 250g;2,21;368
Almendras CONSUMER, Larguetas, lata 250g;3,06;509
Almendras CONSUMER, Larguetas, pack 125g;1,44;240
Almendras CONSUMER, Larguetas, Tostadas, bandeja 225g;2,48;413
Almendras CONSUMER, Marconas, bolsa 125g;1,6;266
Almendras CONSUMER, Marconas, bolsa 250g;2,63;438
Almendras CONSUMER, Marconas, Crudas, pack 250g;2,51;418
Almendras Film CONSUMER, Larguetas, pack 125g;1,49;248
Avellana CONSUMER, grano cruda, bandeja;2,05;341
Avellana Consumer NATUR;2,6;433
Avellana Grano Cruda Granel, 500g (6,7 euros/kg);3,35;557
Avellana Tostada, Granel 1,00kg (7,4 euros/kg);7,4;1231
Avellanas con cáscara CONSUMER, 750g;3,69;614
Avellanas CONSUMER, lata 250g;3,22;536
Avellanas Tostadas CONSUMER, bandeja;2,15;358
Avellanas Tostadas CONSUMER, bolsa 250g;2,13;354
Marcona Frita URIARTE, 250g (10,99 euros/kg);2,748;457
Surtido de Frutos Secos CONSUMER;4,36;725
Ciruelas de California BORGES, con hueso, pack 250g;2,14;356
Ciruelas Pasas Con Hueso CONSUMER, bolsa 250g;1,21;201
Ciruelas Pasas Sin Hueso CONSUMER, pack 250g;1,34;223
Higos del País CONSUMER, pack 250g;0,95;158
Orejones de Albaricoque CONSUMER, bolsa 250g;1,84;306
Pasas de California BORGES, sin Pepitas, pack 150g;1,25;208
Pasas Moscatel CONSUMER, pack 250g;1,21;201
Pasas Sultanas CONSUMER, bolsa 250g;1,21;201
Cocktail de Fritos EAGLE, con Miel, lata 400g;5,72;952
Cocktail de Frutos Secos con Cáscara CONSUMER, bolsa 250g;0,82;136
Cocktail de Frutos Secos EGUI AGUI, pack 125g;1,08;180
Cocktail de 8 Frutos Secos Naturales CONSUMER, bolsa 250g;1,7;283
Cocktail Especial de Frutos Secos CONSUMER, bolsa 250g;2,29;381
Cocktail Especial de Frutos Secos Film CONSUMER, pack 125g;1,27;211
Cocktail Exótico EAGLE, lata 100g;1,38;230
Frutos Secos EAGLE Musik, Salados, lata 311g;3,73;621
Mix de Frutos Secos CONSUMER, Rebozados, pack 250g;1,49;248
Mix Tropical de Frutos Secos CONSUMER, bolsa 250g;1,54;256
Mixed Nuts EAGLE, sin Cacahuetes, lata 298g;5,42;902
Anacardos EAGLE, Salados, pack 75g;1,38;230
Anacardos Fritos CONSUMER, bolsa 250g;2,6;433
Coco Rallado CONSUMER, pack 125g;0,83;138
Garbanzos Tostados CONSUMER, pack 250g;1,27;211
Habas Fritas CONSUMER, con Aceite de Oliva, pack 250g;1,27;211
Maíz Crudo CONSUMER, bolsa 500g;1,02;170
Maíz EGUI-AGUI, Frito, Gigante, pack 100g;0,7;116
Maíz Frito CONSUMER, bolsa 250g;0,49;82
Maíz Frito Gigante CONSUMER, pack 250g;1,43;238
Maíz Frito LA ELEGIDA POR TÍ, bandeja;0,82;136
Maiz Rosetero LA ELEGIDA POR TÍ, bandeja 375g;1,1;183
Nuez CONSUMER, amazonia mondada, bandeja;1,7;283
Palomitas para Microondas CONSUMER, pack 100g;0,49;82
Palomitas para Microondas CONSUMER, pack 100g, 3 unid.;0,95;158
Piñones Film CONSUMER, pack 125g;5,47;910
Popitas BORGES, bolsa 100g;0,87;145
Nueces con Cáscara Consumer NATUR, bolsa 750g;2,99;497
Nuez Consumer NATUR, malla 750g;3,29;547
Nuez de Amazonía con Cáscara CONSUMER, 750g;3,22;536
Nuez del País 500g (3,85 euros/kg);1,925;320
Nuez HARLEY Granel 1,00kg (4,79 euros/kg);4,79;797
Nuez Hartley BORGES, con cascara, 750g;3,69;614
Cacahuete con cascara, Brasil, malla 500g;2,3;383
Cacahuete con cascara, USA, malla 500g;1,99;331
Cacahuete Yumbo Granel, pack 250g 250g (3,5 euros/kg);0,875;146
Castañas LA ELEGIDA POR TI,;3,65;607
Ciruela Aragón con hueso CONSUMER, bandeja 450g (5,56 euros/kg);2,502;416
Ciruela Aragón sin hueso 500g (5,12 euros/kg);2,56;426
Ciruela Aragón sin hueso CONSUMER, bandeja;2,39;398
Coco Rallado CONSUMER, tarrina 60 gr.;0,75;125
Datil con Almendras CONSUMER;3,99;664
Datil Natural CONSUMER, bandeja 375 gr;1,89;314
Higo con Almendras CONSUMER;2,95;491
Higo Granito, bolsa;2,39;398
Higo Seco Granito CONSUMER 1 kg;2,79;464
Orejón de Albaricoque 1,00kg (5,99 euros/kg);5,99;997
Orejón de Albaricoque CONSUMER, bandeja;2,7;449
Orejón de Melocotón CONSUMER, bandeja;3,1;516
Pasa sin sal Sultanina CONSUMER, bandeja;1,22;203
Camperas CONSUMER WAVYS, sabor barbacoa, bolsa 170g;0,62;103
Lisas CONSUMER, Chips, bolsa 200g;0,62;103
Onduladas CONSUMER WAVYS, crujientes, bolsa 200g;0,62;103
Patatas Fritas Chips CONSUMER Variedades, 30g x 6 unid. variadas;1,21;201
Patatas Fritas Chips VICENTE VIDAL, Sin Sal, bolsa 140g;0,88;146
Patatas Fritas con Sal LAY`S, bolsa 170g;0,96;160
Patatas Fritas Consumer WAVYS Multipack, 30g x 6 unid. variadas;1,21;201
Patatas Fritas LAY`S, a la Vinagreta, bolsa 160g;0,96;160
Patatas Fritas LAY`S Campesinas, bolsa 160g;0,96;160
Patatas Fritas LAY`S Mediterráneas, al punto de queso,bolsa 150g;0,96;160
Patatas Fritas LAY`S Mediterráneas, sal y pimienta, bolsa 150g;0,96;160
Patatas Fritas LAY`S Mediterráneas, tomate y olívas, bolsa 150g;0,96;160
Patatas Fritas LAY`S MultiPack, al Punto de Sal, 30g x 6 unid.;1,45;241
Patatas Fritas LAY`S Serranas, sabor a jamón serrano, bolsa 160g;0,96;160
Patatas Fritas Ligeras LAY`S, punto de sal,33% menos grasa, 140g;0,96;160
Patatas Fritas RUFFLES MATUTANO, onduladas, bolsa 180g;0,96;160
Patatas Fritas RUFFLES MATUTANO, sabor jamón, bolsa 170g;0,96;160
Patatas Fritas Ruffles MATUTANO, sabor yorkqueso, bolsa 160g;0,96;160
Ruffles Rancheras MATUTANO, sabor jamón, bolsa 160g;0,96;160
Serranitas CONSUMER WAVYS, sabor jamón, bolsa 170g;0,62;103
Tejanas CONSUMER WAVYS, sabor bravas, bolsa 170g;0,62;103
Caseras CONSUMER, La Churrería Mauro, bolsa 170g;0,77;128
Palitos de Patatas FRITOS PÉREZ, para aperitivos, bolsa 100g;0,63;105
Palitos de Patatas FRITOS PÉREZ, para aperitivos, envase 110g;0,95;158
Patatas Fritas Artesanas SANTA ANA, bolsa 170g;1,02;170
Patatas Fritas CHURRERÍA CELIG?ETA, Artesanos, pack 150g;0,92;153
Patatas Fritas Hot-Spicy PRINGLES, pack 200g;1,72;286
Patatas Fritas Light CONSUMER, bolsa 110g;0,62;103
Patatas Fritas Light EGUI AGUI, Artesanas, pack 100g;0,91;151
Patatas Fritas Original PRINGLES, pack 200g;1,72;286
Patatas Fritas PRINGLES, sabor a Paprika, pack 200g;1,72;286
Patatas Fritas PRINGLES, sabor Barbacoa, pack 200g;1,72;286
Patatas Fritas Sour Cream PRINGLES,crema agria y cebolla,200g;1,72;286
Anillos de Patatas CONSUMER, bolsa 90g;0,62;103
Aritos de Maíz CONSUMER, pack 110g;0,62;103
Cheetos Pandilla MATUTANO, bolsa 75g;0,81;135
Cheetos Pelotazos MATUTANO, sabor a queso, pack 140g;0,81;135
Cheetos Rizos MATUTANO, bolsa 108g;0,81;135
Cocktail Snacks de Fiesta EGUI AGUI, para aperitivo, pack 90g;0,71;118
Conos de Maíz CONSUMER, sabor Queso y Bacon, pack 85g;0,59;98
Cortezas de Cerdo CONSUMER, pack 90g;0,62;103
Cortezas de Jamón EGUI AGUI, para aperitivos, pack 145g;1,47;245
Cortezas de Puro Trigo CONSUMER, pack 60g;0,59;98
Doritos Díppas MATUTANO, bolsa 150g;0,96;160
Doritos Salsón MATUTANO, bolsa 140g;0,96;160
Doritos Tex-Mex MATUTANO, bolsa 140g;0,96;160
Gambitos EGUI AGUI, para aperitivos, pack 50g;0,56;93
Gusanitos Con Sal CONSUMER, pack 50g;0,36;60
Mini Snacks CONSUMER, bolsa 80g, 4 unid.;0,57;95
Palitos de Patatas CONSUMER, bolsa 85g;0,53;88
Palomitas de Maíz CONSUMER, aperitivos, pack 70g;0,46;77
Patatas Fritas Boca Bits MATUTANO, bolsa 60g;0,81;135
Patatas Fritas MATUTANO, Barbacoa, bolsa 130g;0,81;135
Patatas Fritas 3 D`s MATUTANO, queso y bácon, bolsa 85g;0,81;135
Ruedas de Patata CONSUMER, aperitivos, pack 55g;0,52;87
Tiras de Maíz CONSUMER, sabor Barbacoa, pack 130g;0,59;98
Torreznos para Aperitivos FRITOS PÉREZ, pack 150g;1,39;231
Triángulos de Maíz Tex-Mex CONSUMER, pack 110g;0,59;98
Chocolate Blanco LACASITOS, con Conguitos, tableta 125g;0,66;110
Chocolate con Leche Extrafino CONSUMER, tableta 150g;0,62;103
Chocolate con Leche Extrafino MILKA, tableta 125g;0,74;123
Chocolate con Leche Extrafino NESTLÉ, tableta 150g;0,73;121
Chocolate con Leche Jungly NESTLÉ, tableta 125g;1,02;170
Chocolate con Leche LINDT, extrafino, tableta 125g;0,82;136
Chocolate con Leche MILKA, extrafino, tableta 300g;1,82;303
Chocolate NESQUIK, rico en Leche, tableta 100g;0,84;140
Chocolate con Almendra LINDT, tableta 125g;1,3;216
Chocolate con Almendra NESTLÉ, tableta 150g;1,17;195
Chocolate con Leche CONSUMER, con almendra, tableta 150g;0,9;150
Chocolate con Leche Extrafino MILKA, con Almendras, tableta 125g;1,08;180
Chocolate con Leche SUBIZA, Artesano, con Almendras,tableta 125g;1,14;190
Chocolate con Leche VALOR, Puro, con Almendras, tableta 250g;2,16;359
Chocolate Extrafino Negro NESTLÉ, con Almendras, tableta 150g;1,57;261
Chocolate Puro con Almendra VALOR, tableta 250g;1,97;328
Chocolate Puro ORBEA, con Almendras, tableta 125g;1,14;190
Chocolate con Almendras Selección CONSUMER, tableta 250g;1,76;293
Chocolate con leche con trufa y avellanas CHARIOTT, tableta 200g;1,99;331
Chocolate con Leche CONSUMER, con avellana, tableta 150g;0,9;150
Chocolate con Leche SUBIZA, Artesano, con Almendras,tableta 125g;1,14;190
Chocolate Puro ORBEA, con Almendras, tableta 125g;1,14;190
Chocolate Sin Azúcar VALOR, Puro, con Almendras, tableta 200g;2,36;393
Chocolate con Leche Extrafino SUCHARD, tableta 200g;1,44;240
Chocolate con Pepitas de Cacao Selección CONSUMER, tableta 100g;0,98;163
Chocolate Excellence LINDT, Amargo/Intenso,con un 85% Cacao,100g;1,95;324
Chocolate Excellence LINDT,con un 70% de Cacao,tableta 100g;1,36;226
Chocolate Extrafino Fondant PEDRO MAYO, con un 62% de Cacao,125g;1,08;180
Chocolate Extrafino Negro Éclat Noir NESTLÉ,Trozos de Cacao,100g;1,47;245
Chocolate Fondant CONSUMER,con un 55% de cacao,tableta 150g;0,65;108
Chocolate Fondant DOLCA, sin Leche, tableta 125g;0,68;113
Chocolate Negro LINDT, con un 52% de Cacao, tableta 125g;1,23;205
Chocolate Noir NESTLÉ,elaborado con un 74% de Cacao,tableta 100g;1,4;233
Chocolate Puro con Leche VALOR, tableta 300g;2,01;334
Chocolate Puro VALOR, tableta 300g;1,87;311
Chocolate Selección CONSUMER,elaborado con un 75% de Cacao, 100g;0,98;163
Chocolate Sin Azúcar VALOR, Puro, tableta 200g;2,09;348
Chocolate con Avellanas LINDT, tableta 100g;1,16;193
Chocolate con avellanas MILKA, tableta 300g;2,36;393
Chocolate con Leche MILKA,Relleno de Trufa/Almendra,tableta 300g;2,36;393
Chocolate con Trufas Fondant LINDT, pack 100g;1,16;193
Chocolate Extrafino Blanco Lindor LINDT,de Relleno Cremoso, 100g;1,16;193
Chocolate Extrafino con Leche Lindor LINDT, Relleno Cremoso,100g;1,16;193
Chocolate Extrafino Negro Lindor LINDT, de Relleno Cremoso, 100g;1,16;193
Chocolate Relleno de Crema de Café Selección CONSUMER, pack 100g;0,98;163
Chocolate Relleno de Frutas LINDT, tableta 100g;1,16;193
Chocolate Relleno de Naranja LINDT, tableta 100g;1,16;193
Chocolate Relleno de Pistacho LINDT, tableta 100g;1,16;193
Chocolate Relleno de Praliné de Avellana Selección CONSUMER, pac;0,98;163
Chocolate Relleno LINDT, de Crema de Menta, tableta 100g;1,16;193
Chocolate Relleno LINDT, de Fresa, tableta 100g;1,16;193
Chocolate Relleno LINDT, de Praliné, tableta 100g;1,16;193
Chocolate con leche con trufa y avellanas CHARIOTT, tableta 200g;1,99;331
Chocolate con Leche CONSUMER, con avellana, tableta 150g;0,9;150
Chocolate con Leche CONSUMER, crujiente, tableta 75g;0,38;63
Chocolate con Leche Extrafino con Avellanas MILKA, tableta 125g;1,08;180
Chocolate con Leche Fruit - Nuit CADBURY, Uva/Pasa/Almendra,200g;2;333
Chocolate Crujiente CRUNCH, tableta 100g;0,84;140
Chocolate Extrafino con Leche LINDT,con Avellana troceada, 125g;1,3;216
Chocolate Negro CHARIOTT,trufado de Avellana Entera,tableta 200g;1,99;331
Chocolate Negro ORBEA, Puro con nueces y pasas, tableta 125g;1,14;190
Chocolate ORBEA, Puro, con Avellanas, tableta 125g;1,14;190
Chocolate SUBIZA, Artesano, con Pasas, tableta 125g;1,02;170
Chocogalleta MILKA, barquillos con crema avellana, tableta 300g;2,04;339
Chocolate Blanco CONSUMER, crujiente, tableta 75g;0,38;63
Chocolate Blanco CONSUMER, tableta 75g;0,37;62
Chocolate Blanco LACASITOS, con Conguitos, tableta 125g;0,66;110
Chocolate Blanco MILKYBAR, tableta 75g;0,65;108
Chocolate ChocoBarquillo MILKA,de Crema de Avellana,tableta 300g;2,04;339
Chocolate ChocoCookie MILKA, con Crema de Cacao, tableta 300g;2,04;339
Chocolate Extrafino con grageas LACASITOS, tableta 125g;0,66;110
Chocolate Sport LACASITOS, tableta 150g;0,79;131
Cacao en Polvo CONSUMER, pack 400g;0,67;111
Cacao en Polvo PEDRO MAYO, envase 400g;1,53;255
Cacao en Polvo SUBIZA, pack 800g;2,43;404
Cacao en Polvo ZAHOR, bolsa 400g;1,52;253
Chocolate a la Taza CONSUMER, tableta 300g;1,14;190
Chocolate a la Taza PALADIN, 350g;1,86;309
Chocolate a la Taza PEDRO MAYO, Familiar, tableta 200g;0,98;163
Chocolate a la Taza SUBIZA, Familiar, tableta 200g;0,87;145
Chocolate a la Taza VALOR, Sin Azúcar, Familiar, tableta 200g;1,82;303
Chocolate a la Taza VALOR, tableta 300g;1,6;266
Chocolate a la Taza ZAHOR, Familiar, tableta 200g;1,06;176
COLA CAO, Bajo en Calorías, envase 250g;2,35;391
Instantáneo de Chocolate CONSUMER, pack 350g;1,19;198
Cobertura de Chocolate NESTLÉ, para fundir, tableta 250g;1,73;288
Cobertura Negra VALOR, 500g;3,38;562
Cobertura para Postres CONSUMER, tableta 250g;1,11;185
Cobertura Pura MAYO, 200g;1,45;241
Crema de Cacao NOCILLA, dos sabores, pack 210g;1,11;185
Crema de Cacao NOCILLA, dos sabores, pack 475g;1,79;298
Crema de Cacao NOCILLA, en Espiral, dos sabores, pack 475g;1,79;298
Crema de Cacao NOCILLA, un sabor, pack 210g;1,11;185
Crema de Cacao NOCILLA, un sabor, pack 475g;1,79;298
Crema de Cacao 1 Sabor CONSUMER, tarro 400g;1,07;178
Crema de Cacao 2 Sabores CONSUMER, tarro 400g;1,07;178
Crema de chocolate para untar NUTELLA, envase 400g;1,84;306
Bombones Caja Roja NESTLÉ, caja 100g;2;333
Bombones Caja Roja NESTLÉ, caja 200g;3,99;664
Bombones Caja Roja NESTLÉ, caja 400g;7,3;1215
Bombones Caja Roja NESTLÉ, caja 800g;15,02;2499
Bombones Caja Roja NESTLÉ, Cubo 180g;4,15;691
Bombones Caja Roja NESTLÉ, pack 120g;2,52;419
Bombones CAPRICHOC Zahor, 3 Sabores Diferentes, bolsa 120g;1,68;280
Bombones Champs Élysées LINDT, pack 445g;8,39;1396
Bombones CHOCO CROSSIES CHIPS Nestlé, Chocolate, pack 125g;2;333
Bombones FERRERO ROCHER, pack 375g, 30 unid.;5,34;889
Bombones FERRERO ROCHER, 200g, caja 16 unid.;3,11;517
Bombones FERRERO ROCHER, 5 unid., pack 62,5g;1,37;228
Bombones FOLIES Lacasa, 6 Sabores, bote 130g;2,21;368
Bombones Gran Surtido Selecto CONSUMER, caja 220g;3,56;592
Bombones Gran Surtido Selecto CONSUMER, caja 775g;8,39;1396
Bombones Surtidos CONSUMER, Caja Azul, caja 200g;2,47;411
Bombones Surtidos CONSUMER, Caja Azul, caja 400g;4,25;707
Bombones Surtidos CONSUMER, Caja Azul, pack 146g;1,32;220
Bombones Surtidos CONSUMER, pirámide 200g;3,14;522
Gran Surtido de Bombones ZAHOR, bolsa 248g;2,82;469
Pralinés TOBLERONE, Caja Triangular 200g;4,07;677
Surtido de Bombones Chocolatísimo VALOR, pack 165g;2,96;493
Surtido de Bombones CONSUMER, bolsa 60g;0,79;131
Surtido de Bombones JAKIRO, 200g;2,44;406
Surtido de Bombones Rellenos MERCI, pack 250g;3,58;596
Surtido de Bombones VALOR, pack 63g;1,53;255
Bombón MON-CHERY, pack 168g, 16 unid.;2,4;399
Bombón Relleno con Guindas al Licor CONSUMER, pack 138g;1,32;220
Bombón Surtido CONSUMER, lata 200g;4,36;725
Bombones After Eight NESTLÉ, pack 200g;2,89;481
Bombones Caja Roja NESTLÉ, lata 250g;6,56;1091
Bombones Cortados UÐA, pack 180g;4,25;707
Bombones MON CHÉRI Ferrero, pack 150g, 15 unid.;3,14;522
Bombones ZAHOR, Rellenos de Licor, pack 128g;1,63;271
Lenguas de Gato de Chocolate con Leche LACASA, pack 100g;2,27;378
Surtido de Bombones Prestige FERRERO, pack 300g, 27 unid.;6,28;1045
Trufas con Chocolate CONSUMER, pack 200g;2;333
Barras de Chocolate HURRY UP, 20g, 5 unid.;0,84;140
Choco-Biscuit ZAHOR, tableta 78g;0,82;136
Chocolatina CRUNCH, 3 unid., pack 40g;1,38;230
Chocolatina On-Line NESTLÉ,Relleno Praliné/Barquillo,3 unid,120g;1,33;221
Chocolatina Tokke HUESO, pack 48g, 3 unid.;1;166
Chocolatina TWIX, Multipack, bolsa 58g, pack 3 unid.;1,2;200
Chocolatinas Multipack MARS, pack 50g, 3 unid.;1,2;200
Huesitos CADBURY, crujientes barritas con chocolate,20g,6 unid;0,91;151
Huevo de Chocolate KINDER, con sorpresa, 21g;0,63;105
Huevos de Chocolate CONSUMER, con Regalos, pack 3 unid., 60g;1,26;210
Huevos de Chocolate CONSUMER, con Regalos, pack 6 unid., 120g;2,99;497
KINDER Bueno, pack 44g;0,57;95
KINDER Chocolate, pack 200g;1,77;295
KINDER Sorpresa Huevera, pack 126g, 6 unid.;3,77;627
Kit-Kat NESTLÉ, pack 45g, 3 unid.;1,23;205
Lila Pause MILKA, con Relleno de Fresa, 3 unid., pack 102g;1,25;208
Nussini Suchard MILKA, con Relleno de Avellana, 3 unid., 111g;1,25;208
Sticks + Crema de Cacao NOCILLA, dos sabores, pack 35g;0,62;103
Sticks + Crema de Cacao NOCILLA, un sabor, pack 35g;0,62;103
Tender Suchard MILKA, 37g, pack 3 unid.;0,99;165
Toblerones SUCHARD, con Leche, 150g, pack 3 unid.;1,61;268
Cacahuetes Bañados en Chocolate Chocoguetes CONSUMER, bolsa 150g;0,79;131
Chocolatinas Kinder Schokobons FERRERO, bolsa 125g;1,77;295
CONGUITOS, bolsa 90g;0,75;125
Delicias de Almendras CONSUMER, con Chocolate, pack 200g;1,31;218
Delicias de Avellana CONSUMER, con Chocolate, pack 200g;1,31;218
Grageas M & M`s, con chocolate, pack 125g;1,2;200
Grageas M & M`s, rellenas de cacahuete, pack 125g;1,2;200
Lacasitos LACASA, bote 250g;2,09;348
Lacasitos LACASA, tubo 60g, pack 3 unid.;1;166
Pasas Sultanas CONSUMER, con chocolate, pack 200g;1,04;173
Caramelos CONSUMER, surtido, bolsa 200g;0,96;160
Caramelos de Café con Nata Sin Azúcar VIRGINIAS Capuccino, 75g;1,51;251
Caramelos Mazicos CONSUMER, pack 500g;2,28;379
Caramelos sin azúcar CONSUMER, sabor café, bolsa 120g;1;166
Caramelos CONSUMER, Rellenos Frutas, bolsa 200g;0,96;160
Caramelos Masticables CONSUMER, Gajos, bolsa 200g;0,96;160
Caramelos Rellenos NIMM2, de Naranja y Limón, pack 150g;1,57;261
Caramelos Sin Azúcar Cítricos CONSUMER, pack 120g;1;166
Caramelos con Gusto de Frutas MENTOS, 2 unid., pack 76g;1,38;230
Caramelos con gusto Mentol MENTOS, 2 unid., pack 76g;1,38;230
Caramelos Masticables CONSUMER, bolsa 200g;0,96;160
Caramelos Masticables CONSUMER, Tutti-Frutti, bolsa 150g;1,02;170
Caramelos Masticables MAMBA, sabor Frutas, 27,5g, pack 4 unid.;0,83;138
Caramelos Masticables SUGUS, bolsa 150g;1,1;183
Caramelos Sin Azúcar VIRGINIAS, sabor Naranja y Limón, pack 120g;1,51;251
Caramelos Gummy Jellies DULCIORA, bolsa 125g;1,12;186
Caramelos Masticables CONSUMER, sabor Banana, pack 150g;0,95;158
Caramelos Masticables CONSUMER, sabor Mora, bolsa 150g;0,95;158
Caramelos Masticables CONSUMER,Fresa/Melocotón,bolsa 150g;0,95;158
Caramelos Masticables de Fresa-Nata CONSUMER, pack 150g;0,85;141
Caramelos Masticables Ositos CONSUMER, bolsa 150g;0,95;158
Caramelos Masticables Sin Azúcar DIETORELLE, sabor Fresa, 50g;1,19;198
Caramelos Masticables Sin Azúcar DIETORELLE, sabor Limón, 50g;1,19;198
Caramelos Masticables Sin Azúcar DIETORELLE, sabor Menta, 50g;1,19;198
Caramelos PICA COLA CONSUMER, pack 150g;0,95;158
Caramelos Balsámicos Sin Azúcar SMINT, pack 8g;1,25;208
Caramelos CONSUMER, Miel-Limón, pack 200g;0,96;160
Caramelos de Mentol/Eucalipto REINETA, pack 200g;1,07;178
Caramelos de Mentol/Eucalipto REINETA, pack 500g;2,35;391
Caramelos HALL`S, de Miel y Limón, pack 111g;1,77;295
Caramelos HALLS, Eucaliptus Mentolado, bolsa 76g;1,69;281
Caramelos Macizos CONSUMER, Menta-Eucalipto, pack 1kg;3,77;627
Caramelos Macizos CONSUMER, Menta-Eucalipto, pack 500g;2,28;379
Caramelos Sin Azúcar CONSUMER, sabor Menta/Eucalip., bolsa 120g;1;166
Caramelos Sin Azúcar CONSUMER, sabor Miel Limón, bolsa 120g;1;166
Caramelos Sin Azúcar SMINT, sabor Limón, pack 8g;1,25;208
Caramelos Sin Azúcar TREX Max, de Eucalipto, pack 70g;1,28;213
Caramelos CONSUMER, de Regaliz, bolsa 200g;0,96;160
Caramelos de Café KOPIKO, pack 148g;1,48;246
Caramelos de Café Toffe WEATHERS ORIGINAL, pack 150g;1,64;273
Caramelos de Chocolate Toffe RIESEN, pack 150g;1,67;278
Caramelos Masticables MAURI, pack 125g;1,12;186
Caramelos RESPIRAL, de Regaliz, pack 150g;0,96;160
Chicle BOOMER Kilométrico Magic Surprise, 50g, pack 2 unid.;1,27;211
Chicle grageas ORBIT, de hierbas, 52g, pack 4 unid.;1,66;276
Chicle grageas ORBIT Peppermint, 52g, pack 4 unid.;1,66;276
Chicle grageas sin azúcar ORBIT White, pack 52g;1,66;276
Chicle grageas sin azúcar ORBIT White, sabor fresa, 56g, 4 uni;1,66;276
Chicle sin azúcar LICOR DEL POLO, clorofila, pack 4 unid., 34g;1,74;290
Chicles grageas sin azúcar TREX, sabor menta, pack 33,8g;1,28;213
Chicles sin azúcar TRIDENT, sabor clorofila, 54g, pack 4 unid.;1,67;278
Chicles sin azúcar TRIDENT, sabor fresa, 54g, pack 4 unid.;1,67;278
Chicles sin azúcar TRIDENT, sabor menta, 39,9g, pack 3 unid.;1,64;273
Caramelo CHUPA-CHUPS, bolsa 130g, 10 unid.;1,22;203
CHUPA CHUPS Fantasy Ball Pokemon, pack 49,2g;1,48;246
CHUPA CHUPS Graffti, Pintalenguas, pack 140g, 10 unid.;1,22;203
Barritas BIOCENTURY, crujientes, pack 210g;4,64;772
Barritas BIOCENTURY, sabor naranja, pack 210g;4,64;772
Barritas de Chocolate BIOCENTURY, pack 210g;4,64;772
Barritas de Fresa Bañadas con Chocolate BIOCENTURY, pack 210g;4,64;772
Barritas Muesli BIOCENTURY, 210 g;4,64;772
Batido de Chocolate BIOCENTURY, pack 200g, 4 unid.;4,78;795
Batido de Vainilla BIOCENTURY, 4 x 200g;4,78;795
Galletas Bañadas BIOCENTURY, con Chocolate Blanco, pack 250g;3,52;586
Galletas Bañadas con Chocolate/Leche BIOCENTURY, pack 250g;3,52;586
Galletas BIOCENTURY, Bañadas con Chocolate Negro, tableta 250g;3,52;586
Galletas con Chocolate Crujiente, GERLÍNEA, pack 240g;3,48;579
Sandwich de Jamón BIOCENTURY, pack 180g;4,65;774
Sandwich de Queso BIOCENTURY, pack 180g;4,65;774
Comprimidos NATREEN, Gourmet, 300 unid;2,8;466
Edulcorante BAQUÉ, Bajo en Calorías, 50 unid.;1,27;211
Edulcorante en Comprimidos CONSUMER, pack 110 unid.;1,08;180
Edulcorante en Comprimidos CONSUMER, pack 400 unid.;1,42;236
Edulcorante en Comprimidos NATREEN, 400 unid.;2,8;466
Edulcorante Líquido CONSUMER, pack 125ml;2,39;398
Edulcorante Líquido NATREEN, pack 125ml;3,15;524
Edulcorante Sin Calorías NATREEN, Classic, pack 110 Unid.;1,13;188
Edulcorante Sin Calorías NATREEN, sabor Natural, frasco 70g;2,77;461
Endulzante Natural NATREEN Fructosa, bajo en calorías, caja 250g;2,35;391
Fructosa EL CLÉRIGO, pack 800g;3,61;601
Galletas al Muesli GERBLÉ, pack 290g;2,1;349
Galletas Bifidus BIOCENTURY, Manzana/Almendra, 245 g;1,61;268
Galletas BIOCENTURY, Yogur y Chocolate, 245 g;1,61;268
Galletas con Fibra GERBLÉ, pack 400g;3,32;552
Galletas con Leche y Chocolate GERBLÉ, pack 230g;2,1;349
Galletas con Sésamo GERBLÉ, pack 230g;1,75;291
Galletas de Desayuno con Fibra VITALÍNEA, pack 450g;1,54;256
Galletas DIET, Almendra y Zanahoria, pack 220g;1,07;178
Galletas Diéteticas de Soja/Naranja GERBLÉ, pack 280g;2,1;349
Galletas FONTANEDA Original Digestive, de trigo, pack 800g;2,07;344
Galletas GERBLÉ, con Soja e Higo, pack 320g;2,1;349
Galletas GERBLÉ, sabor Manzana, pack 250g;1,93;321
Galletas Integrales con Bifidus BIOCENTURY, pack 245g;1,61;268
Galletas Integrales DIET, pack 220g;1,08;180
Pan de Molde de Centeno CEREAL, Integral, pack 300g;1,94;323
Tostadas BIOCENTURY, sin Colesterol, pack 100g;1,13;188
Morenitas DIET, Integrales, pack 250g;1,43;238
Copos de Avena EL CLÉRIGO, pack 500g;1,16;193
Copos de Trigo EL CLÉRIGO, 500 gg;1,11;185
Copos de 6 Cereales DIET, pack 500g;1,28;213
Salvado Bran Fibra CENTURY, 375 g;1,6;266
Salvado Integral DIET, 200 g;0,53;88
Infusión Equilibrada Gerlax GERBLÉ, pack 30g, 20 sobres;2,32;386
Infusión Gerdigest GERBLÉ,Manzanilla/Menta/Anís,20 sob,pack 30g;2,32;386
Infusión Gernatur Gerlínea GERBLÉ, de plantas,20 sobr.,pack 30g;2,32;386
Infusión Ger-Repos GERBLÉ, Tila/Azahar/Melisa, pack 290g, 20 bol;2,32;386
Pasta Integral DIET, Tricolor, pack 250g;1,02;170
Lecitina de Soja EL CLÉRIGO, lata 300g;5,04;839
Lecitina de soja GERBLÉ, Vitaminada, pack 250 g;5,41;900
Levadura de cerveza BIOCENTURY, caja 150g;2,84;473
Levadura de Cerveza EL CLÉRIGO, caja 150g;1,89;314
Polen en Grano EL CLÉRIGO, frasco 230g;3,39;564
Polen grano GOZO-GOZOA, frasco 500 g;6,8;1131
Semillas de Lino EL CLÉRIGO, bolsa 400g;1,87;311
Soja Verde en Granos EL CLÉRIGO, pack 500g;1,8;299
Bebida de Soja con Calcio GERBLE, 1 litro;2,15;358
Bebida de Soja GERBLÉ, brik 1 litro;1,71;285
Licuado de Soja ALITEY, con Cereales, brik 1 Litro;1,26;210
Licuado de Soja con Calcio ALITEY, brik 1 litro;1,26;210
Licuado de Soja Natural ALITEY, brik 1 litro;0,89;148
Complejo Multivitamínico EL CLÉRIGO, con Mineral, pack 13,5g, 30;4,8;799
Lecitina de Soja EL CLÉRIGO, pack 54g, 100 unid.;4,41;734
Levadura de Cerveza DIET, en Comprimidos, pack 190g;3,41;567
Levadura de Cerveza EL CLERIGO, pack 80g, 200 unid.;2,58;429
Perlas Aceite de Germen de Trigo EL CLÉRIGO,100 unid.,pack 300g;4,92;819
Perlas de Ajo EL CLERIGO, pack 30g, 100 unid.;3,63;604
Salvado de trigo DIET, Comprimidos, 190 g;2,47;411
Salvado de trigo EL CLÉRIGO, 200 unid, 75 g;1,86;309
Spirulina EL CLÉRIGO, 100 unid., pack 76g;5,3;882
Valeriana EL CLÉRIGO, Comprimidos, 125 unid;4,54;755
Vitamina C + Calcio Sin Azúcar JUVAMINE, efervescentes, pack 30;5,51;917
Vitamina C JUVAMINE, pack 300g, 60 unid.;5,73;953
Barritas Sport Memory BIOCENTURY, pack 156g;4,16;692
Ginseng Rojo EL CLÉRIGO, pack 10 unid.;5,42;902
Jalea Real con Fósforo EL CLÉRIGO, pack 230g, 10 unid.;5,73;953
Jalea Real con Ginseng EL CLÉRIGO, pack 230g, 10 unid.;5,73;953
Jalea Real EL CLÉRIGO, pack 1000mg, 10 unid.;5,79;963
Chocolate con Leche DIET, con Fructosa, tableta 100g;1,5;250
Chocolate Extrafino Fondant HERO DIET, con Fructosa,tableta 100g;1,5;250
Croissant Integral CENTURY, Sin Azúcar, 160 g;1,52;253
Galletas BIOCENTURY, Sin Azúcar, con efecto Bífido, pack 245g;1,61;268
Galletas de Chocolate Sin Azúcar BIOCENTURY, pack 260g;4,58;762
Galletas DIET, con Fructosa, pack 210g;1,25;208
Mermelada de Albaricoque Extra GERBLÉ, frasco 380g;2,25;374
Mermelada Extra de Ciruela GERBLÉ, frasco 380g;2,25;374
Mermelada Extra de Fresa GERBLÉ, frasco 380g;2,25;374
Mermelada Extra de Melocotón GERBLÉ, fasco 380g;2,25;374
Palmeras Integrales CENTURY, Sin Azúcar, 150 g;1,73;288
Pastas Artesanas DIET, de Avellana y Fibra, pack 190g;1,76;293
Pastas Artesanas DIET, de Chocolate y Fibra, pack 200g;1,76;293
Pastas Artesanas DIET, de Coco, pack 210g;1,76;293
Zumo Gerfruit de Piña y Uva GERBLÉ,Sin Azucares Añadidos,bri;1,64;273
Zumo Gerfruit GERBLÉ, Naranja/Melocotón, Sin Azucares, brik 1l;1,64;273
Galletas BIOCENTURY, Sin Gluten, de Chocolate, pack 260g;4;666
Galletas María GULLËN, Sin Gluten, 525 g;1,95;324
Tortita de Arroz Integral CENTURY, pack 130g;1,17;195
Corn Flakes Ecológicos LE GOUT, 400 g;2,96;493
Galletas Espelta Ecologic LE GOUT, pack 180g;2,42;403
Mermelada de Albaricoques Ecológicas LE GOUT,Extra, frasco 375g;2,68;446
Muesli con Frutas Ecológico LE GOUT, 500 g;4,57;760
Spaguettis Ecológicos LE GOUT,de Sémola de Trigo Duro,pack 500g;1,79;298
Tortitas de Arroz Ecológicas LE GOUT, 100 g;1,52;253
Champú infantil CONSUMER Bebé,hipoalergénico,botella 300 ml;1,52;253
Champú infantil CONSUMER Bebé,hipoalergénico,botella 750 ml;1,64;273
Champú infantil JOHNSON`S Baby Shampoo,botella 500 ml;2,67;444
Colonia infantil BARBIE AVENTURA, vaporizador 75 ml;7,84;1304
Colonia infantil BARBIE SIRENA, vaporizador 75 ml;7,84;1304
Colonia infantil CHISPAS, vaporizador 100 ml;9,53;1586
Colonia infantil CONSUMER Bebé, hipoalergénica, botella 300 ml;1,88;313
Colonia infantil CONSUMER Bebé, hipoalergénica, botella 750 ml;2,35;391
Colonia infantil NENUCO, hipoalergénica, botella 200ml;2,45;408
Colonia infantil NENUCO, hipoalergénica, botella 750 ml;2,93;488
Colonia infantil PETIT CHERI de LEGRAIN, botella 750 ml;2,85;474
Jabón infantil CONSUMER Bebé,líquido,hipoalerg.,botella 300 ml;1,24;206
Jabón infantil CONSUMER Bebé,líquido,hipoalerg.,botella 750 ml;1,88;313
Jabón infantil NENUCO,líquido,botella 750 ml;2,54;423
Bastoncillos CONSUMER,caja 200 unid.;0,8;133
Bastoncillos CONSUMER,de seguridad,caja 50 unid.;0,8;133
Bastoncillos CONSUMER,varios colores,caja 200 unid.;0,8;133
Bastoncillos JOHNSON`S Baby,caja 100 unid.;1,56;260
Crema protectora infantil CONSUMER Bebé,envase 100 ml;2,32;386
Crema protectora infantil JOHNSON S Baby,envase 100 ml;3,28;546
Estuche NENUCO, Agua de Colonia, Leche Corporal y Jabón Líquido;8,85;1473
Leche hidratante infantil CONSUMER Bebé,botella 300 ml;1,88;313
Talco CALBER,refrescante,hipoalergénico,envase 200g;1,11;185
Talco CONSUMER,refrescante,hipoalergénico,envase 250g;1,01;168
Toallitas infantiles CONSUMER, hipoalergénicas, bolsa 24 unid.;1,01;168
Toallitas infantiles CONSUMER, hipoalergénicas, bolsa 72 unid.;1,83;304
Toallitas infantiles DODOT DermoActive, pack 72 unid.;2,96;493
Toallitas infantiles DODOT DermoActive, para viaje,pack 24 unid.;1,5;250
Toallitas infantiles DODOT DermoActive,sin alcohol,pack 144 unid;4,47;744
Toallitas infantiles DODOT Sensitive,sin alcohol,pack 63 unid.;3,52;586
Toallitas infantiles JOHNSON`S Baby Skincare, bolsa 72 unid.;2,39;398
Toallitas infantiles PAPICEL, hipoalergénicas, bolsa 72 unid.;1,71;285
Toallitas Refrescantes CONSUMER, envase 40 unid.;1,19;198
Alim. Infant. HERO BABY, Potito de Frutas Variadas, 250g;0,93;155
Alim. Infant. HERO BABY, Potito de Lenguado/Bechamel, 250g;0,93;155
Alim. Infant. HERO BABY, Potito de Melocotón/Plátano, 250g;0,93;155
Alim. Infant. HERO BABY, Potito de Pollo con Arroz, 250g;0,93;155
Alim. Infant. HERO BABY, Potito de Verduras, 250g;0,93;155
Alim. Infant. HERO BABY, Potito Merluza/Arroz, frasco 250g;0,93;155
Alim. Infant. HERO BABY, Potito Pollo/Ternera/Verduras, 250g;0,93;155
Alim. Infant. HERO BABY, Potito 3 Frutas, 250g;0,93;155
Alim. Infant. HERO BABY,Potito Frut. Variadas,pack 130g,2unid;1;166
Potito Jamón/Ternera/Verdura HERO BABY, +6 meses, 250g;0,93;155
Puré de Frutas y Cereales NESTLÉ, pack 400g, 4 unid.;1,94;323
Puré de Frutas y Manzanas NESTLÉ, pack 400g, 4 unid.;1,94;323
Tarrina Duo NESTLÉ, Manzana y Queso, pack 250g;1,25;208
Tarrina Duo NESTLÉ, Melocotón y Queso, pack 250g;1,25;208
Tarrito Ternera con Zanahorias HERO BABY, 250g;0,93;155
Alim. Infant. HERO BABY, Potito Zanahoria con Arroz, 250g;0,93;155
Alim. Infant. HERO BABY,Potito Frut. Variadas,pack 130g,2unid;1;166
Alim. Infant. HERO BABY,Potito Manz./Plátano,pack 130g,2unid;1;166
Alim. Infant. HERO BABY,Potito Meloc./Plátano,pack 130g,2unid;1;166
Alim. Infant. NESTLÉ, Papilla Multifrut., desde 6 mes,pack 600g;2,99;497
Alim. Infant. NESTLÉ, Papilla 5 Cereales, desde 6 mes,pack 600g;2,99;497
Alim. Infant. NESTLÉ, Potito Plátano/Manzana,250g;1,1;183
Alim. Infant. NESTLÉ, Tarrito de Plátano/Manzana/Naranja,250g;1,1;183
Alim. Infant. NESTLÉ, Tarrito Macedonia Frutas/Cereales,250g;1,1;183
Alim. Infant. NESTLÉ, Tarrito Manzana/Melocotón/Cereales,250g;1,1;183
Alim. Infant. NESTLÉ, Tarrito Plátano/Naranja/Galleta, 250g;1,1;183
Alim. Infant. NESTLÉ, Tarrito Postre 6 Frutas, 250g;1,1;183
Alim. Infant. NESTLÉ, Tarritos Plátano/Manzana,130g,2 unid.;1,18;196
Papilla Infant. NESTLÉ cereales sin glutén, desde 6 meses, 600g;2,99;497
Papilla Infant. NESTLÉ crema de arroz, desde 4 meses, pack 250g;1,69;281
Papilla Infant. NESTLÉ multicereal, desde 5 meses, pack 250g;0,93;155
Papilla Infant. NESTLÉ multifruta, desde 5 meses, brik 1l;0,93;155
Papilla Infant. NESTLÉ 8 cereales/miel, desde 5 meses, pack 600g;2,99;497
Papilla Infant. NESTLÉ 8 cereales/miel, desde 5 meses, pack 900g;4,35;724
Papilla Infant. NESTLÉ 8 cereales/yogur, desde 6 meses,pack 600g;3,59;597
Tarrito Fruta Variada NESTLÉ,130g x 2 unid.;1,18;196
Tarrito Jamón con Guisantes HERO BABY, 250g;0,93;155
Tarrito Ternera Hortelana HERO BABY, 250 g;0,93;155
Zumo Frutas HERO BABY, 130 ml x 2 unid.;0,98;163
Zumo Manzana HERO BABY, 130 ml x 2 unid.;0,98;163
Alim. Infant. HERO BABY,Papilla de Cereales/Frutas,pack 600g;2,44;406
Alim. Infant. HERO BABY,Papilla Multicereales,pack 600g;2,44;406
Alim. Infant. HERO BABY,Papilla 8 Cereales Miel pack 600g;2,44;406
Alim. Infant. NESTLÉ, Tarrito con Verduras/Lenguado, 250g;1,1;183
Alim. Infant. NESTLÉ, Tarrito de Pollo con Arroz, 250g;1,1;183
Alim. Infant. NESTLÉ, Tarrito de Verduras y Rape, 250g;1,1;183
Alim. Infant. NESTLÉ, Tarrito Menestra de Cordero,250g;1,1;183
Alim. Infant. NESTLÉ, Tarrito Merluza con Guisantes,250g;1,1;183
Galletas Baby HERO BABY, pack 180g;1,05;175
Postre Lácteo de Arroz con Leche HERO BABY, pack 130g, 2 unid.;1,62;270
Potito HERO BABY, de Hígado y Ternera, desde 6? mes, frasco 250g;0,93;155
Tarrito Merluza con Verduras HERO BABY, 250 g;0,93;155
Tarrito NESTLÉ, de Pollo y Ternera con Verduras, frasco 250g;1,1;183
Tarrito NESTLÉ, de Ternera a la Jardinera, frasco 250g;1,1;183
Tarrito NESTLÉ, de Ternera con Arroz, frasco 250g;1,1;183
Alim. Infant. HERO BABY,Potito Pollo y Trozos Verdura, 250g;0,93;155
Copitos Trigo con Cacao HERO BABY, 250 g;1,68;280
Papilla Cereales NESTLÉ, con Cacao,desde 12 meses,frasc.250g;0,93;155
Potito trozos Ternera/Jamón/Espague HERO BABY,250g;0,93;155
Potito trozos Vaca/Verdura/Pasta HERO BABY, 250 g;0,93;155
Tarrito Merluza/Verduras/Legumbres NESTLÉ, 250 g;1,1;183
Tarrito Pollo/Verduras/Legumbres NESTLÉ, 250 g;1,1;183
Tarrito Ternera/Verduras/Legumbres NESTLÉ, 250 g;1,1;183
Leche Continuación CONFORMIL,Minerales/Vitaminas,desde 5? mes,pa;13,22;2200
Leche Continuación 2 APTAMIL, pack 900g;10,4;1730
Leche Infant. Confort NIDINA, pack 750g;12,79;2128
Leche Infant. Inicio 1 NATIVA, pack 900g;12;1997
Leche Infant. Inicio 1 NIDINA, pack 900g;12;1997
Leche Infant. NIDINA 2, pack 900g;11,14;1854
Leche Infant. 2 HERO, para niños, hasta los 3 años, bote 900g;9,55;1589
Leche Infantil MILUPA Aptamil 3, a partir de 1 año, 800g;10,09;1679
Leche Infantil NATIVA 2, Continuación, pack 900g;11,14;1854
Leche Infantil NESTLÉ Nidina 1 Start, con hierro, bote 900g;13,99;2328
Leche Infantil NESTLÉ Nidina 2 Confort, continuación, pack 750g;12,05;2005
Leche Infantil NIDINA H.A., desde 1? Día, pack 400g;8,39;1396
Leche para lactantes MILUPA Aptamil 1, desde el primer día, 900g;13,41;2231
Potito Pollo/Arroz/Verdura HERO BABY,+18 mes,300 g;1,29;215
Pañales CONSUMER,Minimoderm Recién Nacido, 3 a 6 kg,pack 40 unid;6,72;1118
Pañales DODOT Etapas, Primeros Meses, 3 a 6 kg, pack 96 unid.;19,37;3223
Pañales DODOT Etapas, Recién Nacido, 2 a 5 kg, pack 28 unid.;8,55;1423
Pañales CONSUMER Extra Dry Plus, 4 a 9kg, pack 70 unid.;12,23;2035
Pañales CONSUMER,Minimoderm, unisex, 4 a 9 kg, pack 56 unid.;12,23;2035
Pañales DODOT Etapas, Primeros Juegos, 4 a 10 kg, pack 88 unid.;19,37;3223
Pañales CONSUMER Extra Dry Plus, 9 a 15kg, pack 62 unid.;12,23;2035
Pañales CONSUMER Mimoder Extra Dry Plus, 9 a 15kg, pack 50 unid.;12,23;2035
Pañales DODOT Etapas Plus, 9 a 15 kg, pack 56 unid.;19,37;3223
Pañales DODOT Etapas, Primeros Pasos, 9 a 15kg, pack 76 unid.;19,37;3223
Bañadores absorbente HUGGIES LITTLE SWIMMERS, 11 a 15kg, 11unid.;7,95;1323
Bañadores desechables HUGGIES LITTLE SWIMMERS,7 a 12kg, 12 unid.;7,95;1323
Braguita HUGGIES PULL-UPS, niño, 14-18 kg, 28unid.;15,3;2546
Braguita HUGGIES PULL-UPS, para niña, 14-18kg, 28unid.;15,3;2546
Braguitas de aprendizaje HUGGIES PULL-UPS,niña,9 a 15kg,15 unid.;7,66;1275
Braguitas de aprendizaje HUGGIES PULL-UPS,niño,9 a 15kg, 15unid.;7,66;1275
Pañales CONSUMER Extra Dry Plus, 13 a 18kg, pack 54 unid.;12,23;2035
Pañales CONSUMER Mimoderm Extra Dry Plus,13 a 18kg, pack 42unid.;12,23;2035
Pañales DODOT Babykini, 12 a 18kg, pack 34 unid.;19,37;3223
Pañales DODOT Babykini, 8 a 15kg, pack 38 unid.;19,37;3223
Pañales DODOT Etapas, Junior, 13 a 18kg, pack 64 unid.;19,37;3223
Pañales DODOT Etapas Plus, 13 a 18kg, pack 50 unid.;19,37;3223
Pañales DOMILIN, 13 a 18kg, pack 52 unid.;7,94;1321
Braguita DRY NITE 30-40 kg 16u;15,3;2546
Braguita DRY NITES 20-30kg 19u;15,3;2546
Pañales CONSUMER Extra Dry Plus, 17 a 28kg, pack 24 unid.;7,03;1170
Pañales DODOT Etapas, Noche, 17 a 28 kg, pack 56 unid.;19,37;3223
Higiénico COLHOGAR, 12 rollos;2,24;373
Higiénico CONSUMER, blanco, 12 rollos;2,03;338
Higiénico CONSUMER, blanco, 18 rollos;3;499
Higiénico CONSUMER, blanco, 32 rollos;5,19;864
Higiénico CONSUMER, blanco, 6 rollos;1,11;185
Higiénico CONSUMER CLASSIC, 12 rollos;2,59;431
Higiénico CONSUMER CLASSIC, 18 rollos;3,71;617
Higiénico CONSUMER, rosa, 18 rollos;3;499
Higiénico MIRASOL, 4 rollos;0,61;101
Higiénico RENOVA, blanco, 18 rollos;3,12;519
Higiénico RENOVA Fresh-Clean, 12 rollos;3,24;539
Higiénico SCOTTEX,12 rollos;3,07;511
Higiénico CONSUMER, aroma floral, 6 rollos;1,31;218
Higiénico CONSUMER, aroma jazmín, 6 rollos;1,31;218
Higiénico CONSUMER, aroma lavanda, 6 rollos;1,31;218
Higiénico CONSUMER, aroma magnolia, 6 rollos;1,31;218
Higiénico CONSUMER, aroma rosas, 6 rollos;1,31;218
Higiénico CONSUMER, 3 capas, rosa, 18 rollos;3,94;656
Higiénico RENOVA Fragance, 3 capas, 12 rollos;2,96;493
Rollo de cocina COLHOGAR, 2 capas, pack 4 rollos;1,35;225
Rollo de cocina CONSUMER, blanco, 2 capas, pack 4 rollos;1,23;205
Rollo de cocina CONSUMER, blanco, 3 capas, pack 2 rollos;0,83;138
Rollo de cocina CONSUMER, blanco, 3 capas, pack 4 rollos;1,56;260
Rollo de cocina CONSUMER, decorativo, 2 capas, pack 2 rollos;0,68;113
Rollo de cocina MIRASOL, pack 2 rollos;0,62;103
Rollo de cocina MIRASOL, pack 4 rollos;1,04;173
Rollo de cocina RENOVA Multi, blanco, 2 capas, pack 4 rollos;1,31;218
Rollo de cocina RENOVA Multi, verde, 2 capas, pack 4 rollos;1,31;218
Rollo de cocina SCOTTEX Casa, estructura absorvente, 4 rollos;1,67;278
Servilletas de papel COLHOGAR, dos colores, pack 2x80 unid.;1,2;200
Servilletas de papel CONSUMER, blancas, 1 capa, pack 180 unid.;1,14;190
Servilletas papel CONSUMER, basilicum, 3 capas, 30 unid.;1,25;208
Servilletas papel CONSUMER, blancas, 1 capa, pack 90 unid.;0,6;100
Servilletas papel CONSUMER, blancas, 2 capas, pack 50 unid.;0,72;120
Servilletas papel CONSUMER, decor. estrellas, 3 capas, 30 unid.;1,25;208
Servilletas papel CONSUMER, decoración crema, 3 capas, 20 unid.;0,93;155
Servilletas papel CONSUMER, varios colores, 2 capas, 50 unid.;1,51;251
Servilletas papel MIRASOL, blancas, 1 capa, pack 80 unid.;0,43;72
Servilletas papel RENOVA, blancas, 2 capas,pack 80 unid.;1,14;190
Servilletas papel RENOVA, para cocktail, blancas, pack 100 unid.;0,63;105
Servilletas papel RENOVA Uno, blancas, 1 capa, pack 70 unid.;0,6;100
Servilletas papel SCOTTEX Estilo, a cuadros, pack 70 unid.;0,89;148
Pañuelos ACTIVA Blancos 6 u;0,6;100
Pañuelos CONSUMER Classic, pack 6x10 unid.;0,62;103
Pañuelos de bolsillo CONSUMER CLASSIC, pack 10x10 unid.;0,93;155
Pañuelos de bolsillo CONSUMER CLASSIC, pack 15x10 unid.;1,31;218
Pañuelos de bolsillo CONSUMER, pack 10x10 unid.;0,83;138
Pañuelos de bolsillo RENOVA Flore, perfumados, pack 10x10 unid.;1,1;183
Pañuelos de bolsillo SCOTTEX, pack 10x10 unid.;1,14;190
Pañuelos faciales CONSUMER, blancos, caja 100 unid.;0,87;145
Pañuelos faciales CONSUMER, 2 colores, caja 100 unid.;0,87;145
Pañuelos faciales MIRASOL, caja 75 unid.;0,56;93
Pañuelos faciales SCOTTEX, blancos, 3 capas, caja 70 unid.;1,1;183
Crema baño KINESIA, Avena, nutritiva, 750 ml;2,06;343
Gel baño CONSUMER, al Aceite de Almendras, 750 ml;1,39;231
Gel baño DALUK, con extractos de avena, 750 ml;0,92;153
Gel baño FA Caribbean Lemon, botella 750 ml;2,16;359
Gel baño FA Sea Minerals Spa, botella 750 ml;2,16;359
Gel baño LIXONE, con glicerina líquida, 750 ml;3,58;596
Gel baño MAGNO Classic, cremoso, botella 750 ml;2,9;483
Gel baño MASSIMO DUTTI, botella 750ml;3,39;564
Gel baño MOUSSEL Classic, LEGRAIN, botella 750 ml;2,84;473
Gel baño NATURAL HONEY, al té verde, 75 ml;2,05;341
Gel baño SANEX Germen de Trigo, botella 750 ml;2,16;359
Gel baño S-3, con extracto de algas, 750 ml;1,95;324
Gel baño V.F. Mediterráneo, con vitaminas, 750 ml;2,06;343
Gel baño/body milk HIDRO-GENESSE Aromatizado, 750 ml;2,16;359
Gel baño/ducha LA TOJA, sales minerales, 750 ml;2,18;363
Gel de baño RISA`S Frescor, botella 750 ml;0,77;128
Gel ducha AXE Marine, 400 ml;3,45;574
Gel ducha AXE Night Attack, 400 ml;3,45;574
Gel ducha AXE Re-Load, 400 ml;3,45;574
Gel ducha de Avena CONSUMER, botella 750 ml;1,23;205
Gel ducha Frescor Natural CONSUMER, con ginseng, 750 ml;1,39;231
Gel ducha Frutas CONSUMER, Naranja con vitamina C, 750 ml;1,39;231
Gel ducha JOHNSON`S, pH 5.5, botella 750 ml;2,47;411
Gel Ducha JONSON`S, pH 5.5, botella 750ml;2,47;411
Gel ducha Marino CONSUMER, con extracto de algas, 750 ml;1,39;231
Gel ducha Neutro CONSUMER, pH neutro, 750 ml;1,39;231
Gel ducha Relajante CONSUMER, con extracto de manzana, 750 ml;1,39;231
Gel ducha S-3, con extracto de almendras, 750 ml;1,95;324
Gel ducha S-3, con vitaminas de frutas, botella 750 ml;1,95;324
Gel ducha S-3 For Men, botella 750 ml;1,95;324
Gel ducha TIMOTEI, al aceite de oliva, 750 ml;2,46;409
Gel ducha/body milk S-3, hidratante, 2 en 1, 750 ml;1,95;324
Gel baño DERMONIT, para piel y cabello, botella 750 ml;0,77;128
Gel baño Protección KINESIA, botella 750 ml;2,06;343
Gel baño SANEX Dermoaceite, para piel y cabello, 750 ml;2,16;359
Gel baño SANEX Dermoprotector, para piel y cabello, 750 ml;2,16;359
Gel baño SANEX Dermosensitive Lactoserum, neutro, 750 ml;2,16;359
Gel ducha NEUTRO BALANCE, botella 750 ml;2,05;341
Gel baño con body milk CONSUMER, pH neutro, botella 750 ml;1,39;231
Gel baño con body milk FA Exotic, relajante, botella 750 ml;2,16;359
Gel baño con body milk FA Green Tea Spa, botella 750 ml;2,16;359
Gel baño con body milk HIDRO-GENESSE, 750 ml;2,16;359
Gel baño con body milk NATURAL HONEY, hidratante, 750 ml;2,05;341
Gel baño con body milk NENUCO Sensitive, botella 750 ml;2,22;369
Gel de Leche LACTOVIT, 900 ml;2,1;349
Gel ducha con body milk DOVE, hidratante, botella 400 ml;3,08;512
Gel baño AVENA KINESIA, dermoprotector, botella 250 ml;1,53;255
Gel baño MOUSSEL CLASSIC de LEGRAIN, botella 200 ml;2,13;354
Gel baño SANEX Dermoprotector Sport, para piel y cabello, 250 ml;1,95;324
Gel ducha CONSUMER IN & OUT, con extracto de naranja, 200 ml;1,7;283
Gel ducha CONSUMER IN & OUT, dermoprotector, envase 200 ml;1,39;231
Gel ducha/body milk CONSUMER IN & OUT, envase 200 ml;1,39;231
Gel ducha/champú CONSUMER IN & OUT, extracto de limón, 200 ml;1,7;283
Jabón de Avena KINESIA, pastilla 125g, pack 2 unid.;1,57;261
Jabón DOVE, hidratante, pastilla 100g;1,08;180
Jabón HENO DE PRAVIA, pastilla 125g, pack 2 unid.;1,96;326
Jabón LA TOJA, pastilla 125g, pack 3 unid.;1,95;324
Jabón líquido CONSUMER, dosificador 250 ml+recambio 250 ml;2,01;334
Jabón líquido HENO DE PRAVIA, dosificador 250 ml y recambio 250;2,63;438
Jabón líquido LIXONE, dosificador 250 ml;2,63;438
Jabón líquido TACTO de PALMOLIVE, dosificador 250 ml;2,35;391
Jabón líquido TACTO de PALMOLIVE, dosificador 300 ml;1,64;273
Jabón LUX, con extractos de leche y miel, pastilla 125g, 2 unid.;1,29;215
Jabón MAGNO, pastilla 120g, pack 3 unid.;1,87;311
Neceser de caballero SHAUSA, modelo 801;11,57;1925
Neceser de señora SHAUSA, modelo 503;7,39;1230
Neceser de señora SHAUSA, modelo 602;12,77;2125
Neceser de señora SHAUSA, modelo 701, con espejo;6,75;1123
Champú + acondicionador CONSUMER, 2 en 1, botella 750ml;1,23;205
Champú + acondicionador KIDS, cabello normal, botella 250 ml;3,08;512
Champú CONSUMER, todo tipo cabello, extracto de avena,botella 1l;1,23;205
Champú DALUK, con extractos de avena, botella 750 ml;0,79;131
Champú GENIOL, con extracto de uva, extrasuave, botella 750 ml;1,36;226
Champú GENIOL, de huevo, botella 750 ml;1,36;226
Champú JOHNSON`S Camomila, suave, botella 500 ml;2,6;433
Champú JOHNSON`S Miel, suave, botella 500 ml;2,6;433
Champú y Acondicionador 2en1 CONSUMER,con Aceite de Aguacate,750;1,23;205
Champú + acondicionador  L`ORÉAL ELVIVE Multivitaminas, 300 ml;3,39;564
Champú + acondicionador CONSUMER ProVit B5, anticaspa, 250 ml;1,85;308
Champú + acondicionador CONSUMER ProVit B5, cab. graso, 250 ml;1,85;308
Champú + acondicionador CONSUMER ProVit B5, cab. normal, 250 ml;1,85;308
Champú + acondicionador CONSUMER ProVit B5, cab. seco, 250 ml;1,85;308
Champú + acondicionador FRUCTIS de GARNIER, cab. normal, 300 ml;3,08;512
Champú + acondicionador FRUCTIS de GARNIER, cab. seco, 300 ml;3,08;512
Champú + acondicionador PANTENE PRO-V, anticaspa, 300 ml;3,4;566
Champú + acondicionador PANTENE PRO-V CL?SICO, 2 en 1, 300 ml;3,4;566
Champú + acondicionador PANTENE PRO-V, efecto volumen, 300 ml;3,4;566
Champú + acondicionador PANTENE PRO-V, suave y liso, 300 ml;3,4;566
Champú  L`ORÉAL ELVIVE Citrus.CR, cabello normal, 300 ml;3,39;564
Champú  L`ORÉAL ELVIVE Filtro UV, cabello teñido, 300 ml;3,39;564
Champú  L`ORÉAL ELVIVE Multivitaminas, cabello normal, 300 ml;3,39;564
Champú anticaspa HAIR TECH, todo tipo de cabello, 300 ml;3,09;514
Champú con mascarilla CABELLOSANO, anticaspa, 300ml;2,16;359
Champú CONSUMER Green Option, cabello graso, botella 300 ml;1,41;235
Champú CONSUMER Green Option, cabello normal, botella 300 ml;1,41;235
Champú CONSUMER Green Option, cabello seco, botella 300 ml;1,41;235
Champú CONSUMER ProVit B5, anticaspa, botella 250 ml;1,85;308
Champú CONSUMER ProVit B5, cabello normal, botella 250 ml;1,85;308
Champú CONSUMER ProVit B5, cabello seco, botella 250 ml;1,85;308
Champú DOVE, con leche hidratante, cabello normal, 2 en 1, 300ml;3,39;564
Champú DOVE, con leche hidratante, cabello normal, 300 ml;3,39;564
Champú DOVE, con leche hidratante, cabello seco o dañado, 300 ml;3,39;564
Champú DOVE, con leche hidratante, cabello teñido, 300 ml;3,39;564
Champú FRUCTIS de GARNIER, anticaspa, botella 300 ml;3,08;512
Champú FRUCTIS de GARNIER, cabello graso, botella 300 ml;3,08;512
Champú FRUCTIS de GARNIER, cabello normal, botella 300 ml;3,08;512
Champú FRUCTIS de GARNIER, cabello teñido o permanentado, 300 ml;3,08;512
Champú HAIR TECH, fortificante, cabello normal, 300 ml;3,09;514
Champú HAIR TECH, nutritivo, cabello seco, 300 ml;3,09;514
Champú HAIR TECH, regulador, cabello graso, 300 ml;3,09;514
Champú L`ORÉAL ELVIVE Kéra-proteínas, cabello castigado, 300 ml;3,39;564
Champú LËREAL ELVIVE Nutriceramidas, cabello normal, botella 300;3,39;564
Champú L`ORÉAL ELVIVE Regenium, 300 ml;3,39;564
Champú PANTENE PRO-V, anticaspa, botella 300 ml;3,4;566
Champú PANTENE PRO-V, cuidado clásico, botella 300 ml;3,4;566
Champú PANTENE PRO-V, efecto volumen, botella 300 ml;3,4;566
Champú PANTENE PRO-V, suave y liso, botella 300 ml;3,4;566
Champú vitalizante L`ORÉAL ELVIVE Hydra Curl,cab. rizado, 250 ml;3,39;564
Champú+mascarilla CABELLOSANO de GENESSE,para cabello graso,300m;2,16;359
Champú+mascarilla CABELLOSANO de GENESSE,para cabello sano,300ml;2,16;359
Champú+mascarilla CABELLOSANO de GENESSE,para cabello seco,300m;2,16;359
Champú + acondicionador GARNIER Ultra Suave, 2 en 1, 300 ml;2,63;438
Champú + acondicionador TIMOTEI, con activos de almendra, 500 ml;2,77;461
Champú + acondicionador WASH & GO, todo tipo cabello, 300 ml;2,72;453
Champú CLAIROL Herbal Essences, cabello graso, 400 ml;3,07;511
Champú CLAIROL Herbal Essences, cabello normal, 400 ml;3,07;511
Champú CLAIROL Herbal Essences, cabello seco y teñido, 400 ml;3,07;511
Champú CONSUMER Herbal Option, anticaspa, botella 500 ml;1,64;273
Champú CONSUMER Herbal Option, cabello graso, botella 500 ml;1,64;273
Champú CONSUMER Herbal Option, cabello normal, botella 500 ml;1,64;273
Champú CONSUMER Herbal Option, cabello rubio, botella 500 ml;1,64;273
Champú CONSUMER Herbal Option, cabello seco o castigado, 500 ml;1,64;273
Champú CONSUMER Herbal Option, efecto volumen, botella 500 ml;1,64;273
Champú EUGÉNE Paris, a la camomila, aclara el cabello, 250 ml;4,64;772
Champú FLEX, cabello fino, botella 750 ml;3,08;512
Champú FLEX, cabello normal, botella 750 ml;3,08;512
Champú GARNIER Ultra Suave, cabello graso, botella 300 ml;2,63;438
Champú GARNIER Ultra Suave, cabello largo, 300 ml;2,63;438
Champú GARNIER Ultra Suave, para niños, botella 300 ml;2,63;438
Champú TIMOTEI, cabello dañado, con activos de algodón, 500 ml;2,77;461
Champú TIMOTEI, cabello fino, con activos de naranja, 500 ml;2,77;461
Champú TIMOTEI, cabello normal, con activos de hierba, 750 ml;2,77;461
Champú TIMOTEI, cabello normal/seco, con activos de miel, 500 ml;2,77;461
Champú TIMOTEI,cab. graso,activos de flor de limón y savia,500ml;2,77;461
Champú anticaspa + acondicionador H & S, uso diario, 300 ml;3,66;609
Champú anticaspa CONSUMER, cabello graso, botella 250 ml;1,85;308
Champú anticaspa CONSUMER, cabello normal, botella 250 ml;1,85;308
Champú anticaspa CONSUMER, cabello seco, botella 250 ml;1,85;308
Champú anticaspa H & S, cabello normal y graso, botella 300 ml;3,66;609
Champú anticaspa H & S, cabello suave y sedoso, botella 300 ml;3,66;609
Champú anticaspa H & S, con mentol natural, botella 300 ml;3,66;609
Champú anticaspa H & S, efecto volumen, botella 300 ml;3,66;609
Champú anticaspa REVLON ZP Fórmula 11, cabello graso, 300 ml;2,98;496
Champú anticaspa REVLON ZP Fórmula 11, cabello normal, 300ml;2,98;496
Desodorante de caballero CONSUMER, antitranspirante,roll-on 50ml;1,39;231
Desodorante de caballero CONSUMER DEOstick, sin triclosán, 50 ml;1,64;273
Desodorante de caballero KINESIA Artic, stick 50 ml;2,01;334
Desodorante de caballero NIVEA Deodorant For Men, roll-on 50 ml;2,4;399
Desodorante de hombre AXE Marine, aerosol 150 ml;3,18;529
Desodorante de hombre AXE Phoenix, aerosol 150 ml;3,18;529
Desodorante de hombre AXE Voodoo, aerosol 150 ml;3,18;529
Desodorante de hombre CONSUMER DEOspray, aerosol 150 ml;1,45;241
Desodorante de hombre CONSUMER DEOspray Natural, 150 ml;1,7;283
Desodorante de hombre NIVEA Deodorant For Men, aerosol 250 ml;3,38;562
Desodorante de hombre REXONA Sport For Men, aerosol 200 ml;2,88;479
Desodorante WILLIAMS Ice Blue, stick 75 ml;1,95;324
Desodorante CONSUMER DEOspray Natural, aroma floral, 250 ml;1,7;283
Desodorante CONSUMER Floral, antitranspirante, roll-on 50 ml;1,39;231
Desodorante de mujer HENO DE PRAVIA, aerosol 200 ml;2,73;454
Desodorante de mujer IMPULSE O2, aerosol 75 ml;2,83;471
Desodorante de mujer IMPULSE ZEN, aerosol 75 ml;2,83;471
Desodorante de mujer REXONA, con extractos de algodón, 200 ml;2,88;479
Desodorante de mujer REXONA FRESH, aerosol 200 ml;2,88;479
Desodorante de señora REXONA Seda, con proteínas de seda, 250 ml;2,88;479
Desodorante de señora REXONA Ultra Algodón,en crema,envase 50 ml;3,37;561
Desodorante de señora SECRET Exotic Fresh, stick 50 ml;2,47;411
Desodorante DOVE, aerosol 200 ml;3,02;502
Desodorante DOVE, roll-on 50 ml;2,39;398
Desodorante DOVE Sensitive, hipoalergénico, aerosol 200ml;3,02;502
Desodorante CONSUMER DEOspray DH, dermoprotector, aerosol 250 ml;1,7;283
Desodorante CONSUMER DEOspray Neutro, sin alcohol, aerosol 250ml;1,7;283
Desodorante de mujer FA Caribbean Lemon, aerosol 200 ml;2,73;454
Desodorante de mujer GENESSE, aerosol 200 ml;2,35;391
Desodorante de mujer NIVEA Deodorant, sin alcohol, 250 ml;3,38;562
Desodorante FA Spring Flower, aerosol 200 ml;2,73;454
Desodorante FA Tropical Breeze, aerosol 200 ml;2,73;454
Desodorante FA Tropical Melon, aerosol 200 ml;2,73;454
Desodorante SANEX Dermoprotector, con microtalco, aerosol 200 ml;2,91;484
Desodorante BABARIA Avena, sin alcohol, roll-on 75 ml;1,32;220
Desodorante BYLY Fresh, piel sensible, sin alcohol,roll-on 50 ml;2,11;351
Desodorante BYLY, roll-on 50 ml;2,11;351
Desodorante CONSUMER DH, dermoprotector, roll-on 50 ml;1,39;231
Desodorante CONSUMER Neutro, sin perfume, roll-on 50 ml;1,39;231
Desodorante FA Caribbean Lemon, roll-on 50 ml;1,95;324
Desodorante FA Spring Flowers, roll-on 50 ml;1,95;324
Desodorante NIVEA Body, suave, roll-on 50 ml;2,4;399
Desodorante SANEX Dermoprotector, con micro-talco, roll-on 50 ml;2,04;339
Desodorante SANEX Sensitive, roll-on 50 ml;2,04;339
Desodorante BYLY Clásico,sin perfume,proteínas de seda, tubo 25g;2,23;371
Desodorante BYLY Fresh, piel sensible,con proteínas de seda, 25g;2,42;403
Desodorante BYLY, sin perfume, con proteínas de seda, tubo 25g;2,42;403
Desodorante CONSUMER DEOstick DH, sin alcohol, stick 50 ml;1,64;273
Desodorante CONSUMER DEOstick Neutro, sin perfume, stick 50 ml;1,64;273
Desodorante FA Caribbean Lemon, stick 40g;1,95;324
Desodorante SANEX Dermoprotector, sin alcohol, stick 50g;1,82;303
Crema de afeitar CONSUMER, para brocha, tubo 70 ml;0,91;151
Crema de afeitar GILLETTE, para brocha, tubo 100 ml;1,45;241
Crema de afeitar LA TOJA Clásica, para brocha, tubo 150 ml;1,62;270
Crema de afeitar LA TOJA, para brocha, barra 50g;1,2;200
Crema de afeitar LA TOJA, para piel sensible, para brocha, tubo;1,62;270
Crema de afeitar LEA, para brocha, tubo 70 ml;1,12;186
Crema de afeitar WILLIAMS Ice Blue, para brocha, tubo 100 ml;1,57;261
Espuma de afeitar FLOID, aerosol 290 ml;2,09;348
Espuma de afeitar GILLETTE, piel sensible, aerosol 200 ml;1,99;331
Espuma de afeitar GILLETTE Series Cool Wave, aerosol 250 ml;2,92;486
Espuma de afeitar LA TOJA Clásica, aerosol 250 ml;2,2;366
Espuma de afeitar LA TOJA, para piel sensible, aerosol 250 ml;2,2;366
Espuma de afeitar LEA, aerosol 100 ml;1,12;186
Espuma de afeitar LEA, aerosol 200 ml;2,02;336
Espuma de afeitar WILLIAMS Ice Blue, aerosol 250 ml;2,19;364
Espuma de afeitar WI-WI, aerosol 300 ml;1,19;198
Gel de afeitar EDGE, piel sensible, aerosol 200 ml;2,74;456
Gel de afeitar GILLETTE Series Cool Wave, aerosol 200ml;3,93;654
Gel de afeitar GILLETTE Series Cool Wave, piel sensible, aerosol;3,03;504
Gel de afeitar WILLIAMS Ice Blue, aerosol 200 ml;2,7;449
Maquinilla de afeitar CONSUMER, cabezal basculante;2,31;384
Maquinilla de afeitar CONSUMER, cabezal fijo;2;333
Maquinilla de afeitar CONSUMER Flexer System;2,72;453
Maquinilla de afeitar GILLETTE MACH3, con tres hojas;6,27;1043
Maquinilla de afeitar GILLETTE MACH3 Cool Blue, con tres hojas;6,27;1043
Maquinilla de afeitar WILKINSON SWORD FX Diamond;4,89;814
Maquinillas desechables CONSUMER, con mango corto, pack 10 unid.;1,01;168
Maquinillas desechables CONSUMER, mango antideslizante, pack 10;2,6;433
Maquinillas desechables CONSUMER, mango antideslizante, pack 5 u;1,5;250
Maquinillas desechables GILLETTE Blue II Plus, piel sensible, 10;4,89;814
Maquinillas desechables GILLETTE Blue II Plus, piel sensible, 5;3,52;586
Maquinillas desechables GILLETTE Blue II Plus, piel sensible, 5;3,32;552
Maquinillas desechables WILKINSON SWORD Extreme II, pack 10 unid;4,44;739
Maquinillas desechables WILKINSON SWORD Extreme III, pack 4 unid;5,76;958
Cuchillas de afeitar CONSUMER, cabezal basculante, cargador 5 un;1,38;230
Cuchillas de afeitar CONSUMER, cabezal fijo, cargador 10 unid.;2,31;384
Cuchillas de afeitar CONSUMER, cabezal fijo, cargador 5 unid.;1,38;230
Cuchillas de afeitar CONSUMER Flexer System, cargador 5 unid.;2,92;486
Cuchillas de afeitar CONSUMER Generation 3, cargador 4 unid.;4,45;740
Cuchillas de afeitar GILLETTE Contour Plus, cargador 10 unid.;9,28;1544
Cuchillas de afeitar GILLETTE Contour Plus, cargador 5 unid.;4,67;777
Cuchillas de afeitar GILLETTE MACH3, cargador 4 unid.;6,27;1043
Cuchillas de afeitar GILLETTE SENSOR, cargador 5 unid.;5,15;857
Cuchillas de afeitar GILLETTE Sensor Excel, cargador 5 unid.;5,36;892
Cuchillas de afeitar WILKINSON SWORD FX Diamond, cargador 4 unid;5,9;982
Cuchillas de afeitar WILKINSON SWORD PROTECTOR, cargador 5 unid.;4,65;774
Hojas de afeitar GILLETTE Platinum, pack 5 + 1 unid.;2,81;468
Brocha de afeitar CONSUMER;2,39;398
After shave AQUA VELVA,botella 200 ml;3,73;621
After shave BRUMMEL,botella 125;5,25;874
After shave CROSSMEN, pack 100ml;6,88;1145
After shave FLO¤D, suave, triple acción, pack 150 ml;4,65;774
After shave GILLETTE Pacific Balsam, para piel sensible,100 ml;4,23;704
After shave GILLETTE Series Cool Wave,en gel,botella 100 ml;4,23;704
After shave LA TOJA Hidrotermal, bálsamo, botella 125 ml;4,21;700
After shave LEA Balsam,botella 100 ml;2,05;341
After shave MASSIMO DUTTI,emulsión,botella 100 ml;8,06;1341
After shave NIVEA For Men Balsam, para piel sensible,100 ml;5,88;978
After shave NIVEA For Men Balsam,botella 100 ml;5,09;847
Compresa AUSONIA Extraplana,tu protección más discreta, 20 unid.;1,91;318
Compresa CONSUMER Suave y Natural, normal, anatómica, 20 unid.;1,44;240
Compresa CONSUMER Suave y Natural, normal, con alas, 16 unid.;1,44;240
Compresa CONSUMER Suave y Natural, normal, extraplana, 20 unid.;1,03;171
Compresa FEMIDEI, normal, adherente, pack 20 unid.;0,56;93
Compresa noche CONSUMER Suave y Natural, con alas, 14 unid.;1,44;240
Compresa AUSONIA Air Dry Noche, con alas, Transpirable, 10 unid.;2,34;389
Compresa AUSONIA Air Dry,con alas, normal, Transpirable, 16unid.;2,34;389
Compresa AUSONIA Air Dry,con alas, super, Transpirable, 14 unid.;2,34;389
Compresa AUSONIA Air Dry,sin alas, normal, Transpirable, 20unid.;2,34;389
Compresa AUSONIA Excel Ultra, super, pack 16 unid.;2,34;389
Compresa AUSONIA Noche, super plus, 8h. de protección, 10 unid.;1,72;286
Compresa CONSUMER Ultra Cover Sec, normal, con alas, 16 unid.;1,3;216
Compresa CONSUMER Ultra, normal, con alas, pack 14 unid.;1,3;216
Compresa CONSUMER, Ultra, normal, con alas, pack 16 unid.;1,3;216
Compresa CONSUMER Ultra, normal, con alas, pack 20 unid.;2,49;414
Compresa CONSUMER Ultra, normal, con alas, pack 28 unid.;2,49;414
Compresa CONSUMER Ultra, normal, pack 20 unid.;1,3;216
Compresa CONSUMER Ultra, normal, sin alas, pack 20 unid.;1,3;216
Compresa CONSUMER Ultra, super, con alas, pack 16 unid.;1,3;216
Compresa CONSUMER Ultra, super plus, con alas, pack 10 unid.;1,3;216
Compresa EVAX Fina y Segura Maxi,sin alas,Fácil de llevar,14unid;1,89;314
Compresa EVAX Fina y Segura, sin alas, Fácil de llevar, 16 unid.;1,89;314
Compresa EVAX Odorfresh, con alas, super, pack 14 unid.;2,34;389
Compresa EVAX Odorfresh noche, con alas, super plus, 10 unid.;2,34;389
Compresa EVAX Odorfresh,Transpira y no traspasa,con alas,16unid.;2,34;389
Compresa EVAX Odorfresh,Transpira y no traspasa,normal, 20 unid.;2,34;389
Compresa EVAX Tanga, con alas, pack 10 unid.;2,04;339
Compresa FEMIDEI Ultra, normal, con alas, pack 14 unid.;0,93;155
Compresa FEMIDEI Ultra, normal, pack 16 unid.;1,03;171
Compresa noche CONSUMER Suave y Natural, sin alas, 10 unid.;1,03;171
Compresa incontinencia TENA Lady, extra, pack 10 unid.;4,39;730
Compresa incontinencia TENA Lady, mini, pack 20 unid.;4,39;730
Compresa incontinencia TENA Lady, normal, pack 12 unid.;4,39;730
Tampón CONSUMER, mini, caja 18 unid.;1,85;308
Tampón CONSUMER, regular, caja 32 unid.;2,62;436
Tampón CONSUMER, super, caja 32 unid.;2,62;436
Tampón CONSUMER, super plus, caja 32 unid.;2,84;473
Tampón O.B., mini, con aplicador, caja 32 unid.;4,89;814
Tampón O.B., normal, caja 32 unid.;4,99;830
Tampón O.B., normal, con aplicador, caja 32 unid.;4,89;814
Tampón O.B., super, caja 32 unid.;4,99;830
Tampón O.B., super, con aplicador, caja 32 unid.;4,89;814
Tampón TAMPAX Compak, regular, con aplicador, caja 16 unid.;3,09;514
Tampón TAMPAX Compak, super, con aplicador, caja 16 unid.;3,09;514
Tampón TAMPAX Compak, super plus, con aplicador, caja 16 unid.;3,09;514
Tampón TAMPAX Mini, caja 20 unid.;3,09;514
Tampón TAMPAX Regular, con aplicador, caja 20 unid.;3,09;514
Tampón TAMPAX Regular, con aplicador, caja 30 unid.;4,39;730
Tampón TAMPAX Super, con aplicador, caja 30 unid.;4,39;730
Tampón TAMPAX Super Plus, con aplicador, caja 30 unid.;4,39;730
Protege-slip AUSONIA, caja 44 unid.;1,93;321
Protege-slip AUSONIA, maxi, caja 36 unid.;1,93;321
Protege-slip CAREFREE, color negro, caja 26 unid.;2,31;384
Protege-slip CAREFREE Tanga, con alas, caja 30 unid.;2,08;346
Protege-slip CAREFREE, transpirable, caja 24 unid.;1,43;238
Protege-slip CAREFREE, transpirable, caja 44 unid.;2,31;384
Protege-slip CONSUMER, maxi, transpirable, absorbente, 20 unid.;0,99;165
Protege-slip CONSUMER, normal, transpirable, absorbente, 24 unid;0,99;165
Protege-slip CONSUMER, normal, transpirable, absorbente, 44 unid;1,74;290
Protege-slip EVAX Odorfresh, maxi, transpirable, caja 36 unid.;2,36;393
Protege-slip EVAX Odorfresh, normal, transpirable, caja 24 unid.;1,54;256
Protege-slip EVAX Odorfresh, normal, transpirable, caja 44 unid.;2,36;393
Protege-slip EVAX Tanga, caja 30 unid.;2,22;369
Protege-slip FEMIDEI, caja 24 unid.;0,57;95
Protege-slip CAREFREE, plegable, caja 30 unid.;2,31;384
Protege-slip CONSUMER, plegable, caja 20 unid.;0,86;143
Gel íntimo CAREFREE, hipoalergénico, envase 200 ml;2,36;393
Toallitas íntimas CAREFREE, pack 20 unid.;2,36;393
Cera depilatoria CONSUMER, tibia, roll-on 150 ml;2,44;406
Cera Depilatoria CONSUMER, tibia, tarro 250 ml;3,36;559
Cera depilatoria DAEN, en frío, en bandas dobles, caja 8 unid.;2,45;408
Cera depilatoria MARIE YVONNE, en frío, en bandas, caja 20 unid.;2,91;484
Cera depilatoria MARIE YVONNE, en perlas, clorofilada, pack 320g;3,22;536
Cera depilatoria MARIE YVONNE, pack 80g;2,45;408
Cera depilatoria VEET Aquasystem, tibia, roll-on 100 ml;6,38;1062
Cera depilatoria VEET Perfect, para microondas, roll-on 100ml;5,33;887
Cera depilatoria VEET, tibia, roll-on 100 ml;4,64;772
Cera depilatoria VEET, tibia, tarro 250 ml;4,47;744
Crema depilatoria CONSUMER, para piel normal, tubo 100 ml;1,5;250
Crema depilatoria CONSUMER, para piel sensible, tubo 100 ml;1,5;250
Crema depilatoria VEET,aroma floral,con aceite suavizante, 100ml;3,05;507
Crema depilatoria VEET,aroma limón,con aceites suavizantes,100ml;3,05;507
Crema depilatoria VEET,piel sensible,con aceite suavizante,100ml;3,52;586
Bandas depilatorias auxiliares CONSUMER,para cera tibia,2o unid.;1,4;233
Cuchillas depilación CONSUMER Sensitive, cargador 5 unid.;2,7;449
Cuchillas depilación CONSUMER Sensitive, triple hoja, 4 unid.;4,38;729
Cuchillas depilación GILLETTE For Women Venus, cargador 4 unid.;8,11;1349
Maquinilla depilación CONSUMER Sensitive, triple hoja;4,45;740
Maquinilla depilación GILLETTE For Women Sensor Excel 1 Up;4,74;789
Maquinilla depilación GILLETTE For Women Venus, triple hoja;8,11;1349
Maquinillas desechables CONSUMER, cabezal basculante, pack 5 uni;1,52;253
Maquinillas desechables GILLETTE For Women Agilité, pack 4 unid.;2,86;476
Dentífrico BINACA Blanqueante Plus,antimanchas,tubo 75 ml;2,3;383
Dentífrico BINACA,con flúor,antiplaca,tubo 75 ml;1,38;230
Dentífrico COLGATE Anti Sarro,con flúor,tubo 75 ml;1,3;216
Dentífrico COLGATE Protec. Caries,con flúor,tubo 75 m;1,3;216
Dentífrico COLGATE Sensation Blanqueador,microcristales,75 ml;1,64;273
Dentífrico COLGATE TOTAL,antiplaca,tubo 75 ml;1,53;255
Dentífrico Colgate Triple Línea Fresca,anticar.,blanq.,75 ml;1,3;216
Dentífrico CONSUMER Anti-Sarro,reforzado alantoína,tubo 75 ml;0,7;116
Dentífrico CONSUMER Bi-Flúor,anticaries,dosificador 75 ml;1,59;265
Dentífrico CONSUMER Bi-Flúor,anticaries,refuerza esmalte,75 ml;0,53;88
Dentífrico CONSUMER Efecto Blanqueante,anticaries,tubo 75 ml;0,97;161
Dentífrico CONSUMER Gel Verde,aliento fresco,triclosán,70 ml;0,7;116
Dentífrico CONSUMER Micastar,infantil,anticaries,fresa,50 ml;0,77;128
Dentífrico CONSUMER Triple Acción, caries,sarro y encías,75 ml;0,7;116
Dentífrico DENIVIT,antimanchas,crema,tubo 50 ml;1,77;295
Dentífrico DENTISY,con flúor,tubo 75 ml;0,46;77
Dentífrico KEMPHOR,con flúor,en crema,tubo 75 ml;1,48;246
Dentífrico LICOR DEL POLO Frescor Duradero,antiséptico,tubo 75;1,21;201
Dentífrico SIGNAL Plus Gel Fresco,Anticar.,con flúor,tubo 75ml;1,23;205
Dentífrico SIGNAL Plus Micro Gránulos,limp. entre dientes,75 m;1,23;205
Dentífrico SIGNAL Plus Protec. Anticaries, flúor y calcio,75ml;1,23;205
Dentífrico SIGNAL,con bicarbonat,efecto blanqueador,tub. 75 ml;1,23;205
Dentífrico y elixir CONSUMER Efecto Blanqueante,2 en 1,75 ml;0,86;143
Dentífrico y elixir CONSUMER Junior,anticar. inf.,2 en 1,75ml;0,86;143
Dentífrico y elixir CONSUMER Mentol, botella 100 ml;0,86;143
Dentífrico y elixir CONSUMER Verde Fresco,anticar.,2 en 1,75 m;0,86;143
Dentífrico y elixir LICOR DEL POLO Balsám.,2 en 1,botella 75 m;1,89;314
Dentífrico y elixir LICOR DEL POLO Dientes Blancos,2 en 1,75 m;1,89;314
Dentífrico y elixir LICOR DEL POLO Esmalte Sano,2 en 1,botella;1,89;314
Dentífrico y elixir LICOR DEL POLO Junior,infantil,2 en 1,75 m;1,89;314
Dentífrico y elixir LICOR DEL POLO Menta Fresca,2 en 1,botella;1,89;314
Dentífrico y elixir SIGNAL Microgel Blanqueador,2 en 1,75 ml;1,84;306
Cepillo dental CONSUMER Junior,infantil,flexible,suave;1;166
Cepillo dental CONSUMER Travel,para viaje,medio,puntas redondas;1,01;168
Cepillo dental CONSUMER,duro,puntas redondeadas;1,01;168
Cepillo dental CONSUMER,flexible,duro,puntas redondeadas;1,19;198
Cepillo dental CONSUMER,flexible,medio,puntas redondeadas;1,19;198
Cepillo dental CONSUMER,flexible,suave,puntas redondeadas;1,19;198
Cepillo dental CONSUMER,medio,puntas redondeadas;1,01;168
Cepillo dental CONSUMER,suave,puntas redondeadas;1,01;168
Cepillo dental DENTISY,medio,puntas redondeadas;0,4;67
Cepillo dental ORAL-B Cross Action,especial antiplaca,medio;3,76;626
Cepillo dental ORAL-B Cross Action,especial antiplaca,suave;3,76;626
Seda dental CONSUMER,mentolada,con flúor,50 mt;1,84;306
Champú y loción antiparásitos CRUZ VERDE,especial piojos,300ml;6,72;1118
Loción antiparásitos CRUZ VERDE,espec. piojos,pulverizador 150ml;4,62;769
Repelente de insectos AUTAN, antimosquitos, spray 100 ml;5,04;839
Repelente de insectos AUTAN Familia, bálsamo, botella 100 ml;4,82;802
Repelente de insectos AUTAN,antimosquitos,crema,envase 100 ml;4,82;802
Crema antiqueratosis PROFILCREM,elimina durezas,tubo 75 ml;5,61;933
Desodorante SANEX, para pies, dermoprotector, aerosol 200 ml;4,11;684
Protector labial LIPOSAN, stick;2,01;334
Agua Oxigenada STAR COTT, bote 250 ml;0,48;80
Alcohol 96? STAR COTT, bote 250 ml;0,67;111
Bandas adhesivas CONSUMER,lavables,tamaño 10x6 cm,pack 10 unid;0,99;165
Botiquín de viaje COSMOS;6,84;1138
Tiritas CONSUMER Aquatex,impermeables,2 tamaños,pack 10 unid.;1,49;248
Tiritas CONSUMER Confortex,para zonas sensibles,2 tamaños,10 u;1,49;248
Tiritas CONSUMER Gel Care,para ampollas,pack 5 unid.;2,26;376
Tiritas CONSUMER,lavables,hipoalergénicas,pack 24 unid.;0,99;165
Tiritas CONSUMER,transparentes,lavables,pack 24 unid.;0,99;165
Tiritas infantiles CONSUMER, 20 unid.;0,99;165
Tiritas STAR COTT, surtido de 3 tamaños, 30 unid.;0,7;116
Tiritas tejido CONSUMER, extensibles, 20 unid.;1,49;248
Esparadrapo CONSUMER,papel microporoso,dispensador 5 mt x 25 cm;1,56;260
Esparadrapo CONSUMER,plástico transparente,rollo 5 mt x 25 cm;1,34;223
Esparadrapo CONSUMER,tejido tafetán,rollo 5 mt x 25 cm;1,34;223
Esparadrapo HANSAPLAST,transparente,rollo 5 mt x 25 cm;2,67;444
Gasas CONSUMER,de algodón,30x30 cm,pack 10 unid.;1,88;313
Vendas de fijación COSMOS,elásticas,4 mt x 8 cm,pack 3 unid.;2,43;404
Algodón CONSUMER Zig-Zag,bolsa 100g;0,76;126
Algodón CONSUMER Zig-Zag,bolsa 200g;1,4;233
Algodón CONSUMER Zig-Zag,precortado,bolsa 100g;0,8;133
Bicarbonato STAR COTT,envase 200g;0,53;88
Sal de frutas STAR COTT,al limón,envase 150g;1,65;275
Lubrificante ANDROGEL, hidrosoluble, tubo 82g;7,41;1233
Profilácticos ANDROTEX Plus,pack 12 unid.;7,58;1261
Profilácticos ANDROTEX Tentación,pack 12 unid.;8,85;1473
Profilácticos ANDROTEX Ultraplus,pack 12 unid.;8,59;1429
Profilácticos COSMOS,pack 12 unid.;4,92;819
Laca CONSUMER ProVit B5-B3 Flexible, fijación fuerte, 400 ml;1,6;266
Laca CONSUMER ProVit B5-B3 Flexible, fijación normal, 400 ml;1,6;266
Laca ELNETT, fijación fuerte, aerosol 400 ml;7,61;1266
Laca ELNETT, fijación normal, aerosol 400 ml;7,61;1266
Laca FIXPRAY, cabello graso, fijación fuerte, aerosol 400 ml;2,36;393
Laca FIXPRAY, cabello seco, fijación normal, aerosol 400 ml;2,36;393
Laca FIXPRAY, todo tipo cabello, fijación extrafuerte, 400 ml;2,36;393
Laca GOMICAP, cabello deteriorado,fijación normal,aerosol 400 ml;1,1;183
Laca GOMICAP,cabello deteriorado,fijación fuerte,aerosol 400 ml;1,1;183
Laca PANTENE PRO-V, efecto rizos perfectos, aerosol 250 ml;3,4;566
Laca PANTENE PRO-V, efecto suave y liso, aerosol 250 ml;3,4;566
Laca PANTENE PRO-V, efecto volumen, aerosol 250 ml;3,4;566
Laca PANTENE PRO-V, fijación fuerte, aerosol 250 ml;3,4;566
Laca PANTENE PRO-V, fijación normal, aerosol 250 ml;3,4;566
Laca SUNSILK, cabello normal, aerosol 400 ml;2,46;409
Laca SUNSILK, fijación extra fuerte, aerosol 400 ml;2,46;409
Spray fijador CONSUMER, extrafuerte, con ProVit B5 y B3, 300 ml;1,6;266
Spray fijador L`ORÉAL STUDIO LINE, fijación extrafuerte, 250 ml;4,11;684
Spray fijador PANTENE PRO-V, fijación extrafuerte, aerosol 250ml;3,4;566
Spray fijador POLY-SWING, fijación extrafuerte, aerosol 300 ml;2,77;461
Espuma capilar CONSUMER ProVit B5-B3, efecto rizo vivo, 200 ml;1,6;266
Espuma capilar CONSUMER ProVit B5-B3, fijación fuerte, 200 ml;1,6;266
Espuma capilar CONSUMER ProVit B5-B3, fijación normal, 200 ml;1,6;266
Espuma capilar GOMICAP,fijación normal,cabello deteriorado,300ml;1,1;183
Espuma capilar GRAFIC de GARNIER, efecto rizado, aerosol 200 ml;3,08;512
Espuma capilar GRAFIC de GARNIER, fijación extrafuerte, 200 ml;3,08;512
Espuma capilar LANOFIL Rizo Vivo,cab. permanentado/rizado, 300ml;2,47;411
Espuma capilar LLONGUERAS Top Look, fijación extrafuerte, 300 ml;2,78;463
Espuma capilar L`ORÉAL STUDIO LINE,fijación fuerte,aerosol 200ml;4,11;684
Espuma capilar PANTENE PRO-V, efecto suave y liso, aerosol 150ml;3,4;566
Espuma capilar PANTENE PRO-V, efecto volumen, aerosol 150 ml;3,4;566
Espuma capilar POLY-SWING, efecto rizado, aerosol 200 ml;2,77;461
Espuma capilar TIMOTEI Natural Style Aqua Mousse, spray 200 ml;3,89;647
Champú colorante COUNTRY COLORS N.48, cobrizo intenso;5,65;940
Champú colorante COUNTRY COLORS N.58, MOSC?, rojo grana;5,65;940
Champú colorante COUNTRY COLORS N.60, HABANA castaño medio;5,65;940
Champú colorante COUNTRY COLORS N.63, castaño rojizo;5,65;940
Champú colorante COUNTRY COLORS N.65, OREGËN, castaño;5,65;940
Champú colorante COUNTRY COLORS N.68, castaño oscuro;5,65;940
Champú colorante COUNTRY COLORS N.70, color castaño oscuro;5,65;940
Champú colorante COUNTRY COLORS N.79, BORGOÐA, arándano;5,65;940
Champú colorante COUNTRY COLORS N.90, ORIENTE, color negro;5,65;940
Champú colorante L`ORÉAL CASTING, N. 10, ÉBANO, color negro;7,2;1198
Champú colorante L`ORÉAL CASTING, N. 12, GROSELLA, violín;7,2;1198
Champú colorante L`ORÉAL CASTING, N. 14, CAFÉ, castaño;7,2;1198
Champú colorante L`ORÉAL CASTING, N. 24, NOGAL, castaño;7,2;1198
Champú colorante L`ORÉAL CASTING, N. 25, CEREZA, caoba rojizo;7,2;1198
Champú colorante L`ORÉAL CASTING, N.21, AR?NDANO, violín intenso;7,2;1198
Champú colorante L`ORÉAL CASTING, N.34, NUEZ, castaño claro;7,2;1198
Champú colorante L`ORÉAL CASTING, N.38, AVELLANA, cobrizo;7,2;1198
Champú colorante L`ORÉAL CASTING, N.42, CEBADA, rubio oscuro;7,2;1198
Champú colorante L`ORÉAL CASTING, N.48, VAINILLA, rubio natura;7,2;1198
Tinte BELLE-COLOR de GARNIER, N. 1, color negro;5,76;958
Tinte BELLE-COLOR de GARNIER, N. 3, color castaño oscuro;5,76;958
Tinte BELLE-COLOR de GARNIER, N. 4.26, color castaño burdeos;5,76;958
Tinte BELLE-COLOR de GARNIER, N. 5.5, color caoba;5,76;958
Tinte BELLE-COLOR de GARNIER, N. 6, color rubio oscuro;5,76;958
Tinte BELLE-COLOR de GARNIER, N. 6.25, color marrón claro caoba;5,76;958
Tinte BELLE-COLOR de GARNIER, N. 6.46, color cobrizo-rojo;5,76;958
Tinte BELLE-COLOR de GARNIER, N. 7, color rubio ceniza;5,76;958
Tinte BELLE-COLOR de GARNIER, N. 7.1, color rubio ceniza;5,76;958
Tinte BELLE-COLOR de GARNIER, N. 7.3, color rubio dorado;5,76;958
Tinte BELLE-COLOR de GARNIER, N. 7.4, color cobrizo claro;5,76;958
Tinte BELLE-COLOR de GARNIER, N. 8, color rubio claro;5,76;958
Tinte BELLE-COLOR de GARNIER, N. 8.1, color rubio ceniza;5,76;958
Tinte EXCELLENCE BLONDE SUPR?ME de L`ORÉAL 02, rubio muy claro;8,76;1458
Tinte EXCELLENCE 1, color negro, con ceramida protectora;8,76;1458
Tinte ILUMIA de GARNIER 41, Crema Colorante Luz, castaño glace;5,76;958
Tinte ILUMIA de GARNIER 44, Crema Colorante Luz, marrón cobrizo;5,76;958
Tinte ILUMIA de GARNIER 50, Crema Colorante Luz, castaño claro;5,76;958
Tinte ILUMIA de GARNIER 55, Crema Colorante Luz, caoba luz;5,76;958
Tinte ILUMIA de GARNIER 60, Crema Colorante Luz, rubio oscuro;5,76;958
Tinte ILUMIA de GARNIER 64, Crema Colorante Luz, cobrizo luz;5,76;958
Tinte ILUMIA de GARNIER 70, Crema Colorante Luz, rubio luz;5,76;958
Tinte L`ORÉAL EXCELLENCE 3, color castaño oscuro, con ceramida;8,76;1458
Tinte L`ORÉAL EXCELLENCE 4, color castaño, con ceramida;8,76;1458
Tinte L`ORÉAL EXCELLENCE 5, color castaño claro, con ceramida;8,76;1458
Tinte L`ORÉAL EXCELLENCE 5.6, color caoba, con ceramida;8,76;1458
Tinte L`ORÉAL EXCELLENCE 6, color rubio oscuro, con ceramida;8,76;1458
Tinte L`ORÉAL EXCELLENCE 6.46, color rubio cobrizo, con ceramid;8,76;1458
Tinte L`ORÉAL EXCELLENCE 7, color rubio, con ceramida;8,76;1458
Tinte L`ORÉAL EXCELLENCE 7.1, color rubio ceniza, con ceramida;8,76;1458
Tinte L`ORÉAL EXCELLENCE 8, color rubio claro, con ceramida;8,76;1458
Tinte L`ORÉAL EXCELLENCE 8.1, color ceniza claro, con ceramida;8,76;1458
Tinte L`ORÉAL EXCELLENCE 9, color rubio claro claro;8,76;1458
Tinte L`OREAL FÉRIA Color, N. 21, Deep Blue;9,01;1499
Tinte L`OREAL FÉRIA Color, N. 54, Hot Ginger;9,01;1499
Tinte L`OREAL FÉRIA Color, N. 55, Red Brown;9,01;1499
Tinte L`OREAL FÉRIA Color, N. 58, Shining Bronze;9,01;1499
Tinte L`OREAL FÉRIA Color, N. 63, Golden Velvet;9,01;1499
Tinte L`OREAL FÉRIA Color, N. 65, High Sunset;9,01;1499
Tinte L?OREAL FÉRIA Color, N. 66, Red Fiction;9,01;1499
Tinte L`OREAL FÉRIA Color, N. 74, Mango;9,01;1499
Tinte L`OREAL FÉRIA Color, N. 77, Copper Fusion;9,01;1499
Tinte L`OREAL FÉRIA Color, N. 94, Caramel Blond;9,01;1499
Tinte L`OREAL FÉRIA Contraste Purple, reflejo violín;9,01;1499
Tinte L`OREAL FÉRIA Contraste Ruby, reflejo rojo;9,01;1499
Tinte L`OREAL FÉRIA Contraste Sunflower, reflejo luminoso;9,01;1499
Tinte L`OREAL FÉRIA Contraste Volcano, reflejo caoba;9,01;1499
Tinte mascarilla NATEA de GARNIER, decolorante;6,17;1027
Tinte mascarilla NATEA de GARNIER, N.1,  REGALIZ, color negro;6,17;1027
Tinte mascarilla NATEA de GARNIER N.100,CAMOMILLA,aclarante rub.;6,17;1027
Tinte mascarilla NATEA de GARNIER, N.3,ÉBANO,col. castaño oscuro;6,17;1027
Tinte mascarilla NATEA de GARNIER, N.5, MOKA,color castaño clar;6,17;1027
Tinte mascarilla NATEA de GARNIER, N.6,CANELA,color rubio oscuro;6,17;1027
Tinte mascarilla NATEA de GARNIER, N.6.66,GRANADINA,rojo intenso;6,17;1027
Tinte mascarilla NATEA de GARNIER, N.7, ?MBAR, color rubio;6,17;1027
Tinte mascarilla NATEA de GARNIER N.7.4,MANGO DIVINO,cobrizo int;6,17;1027
Tinte mascarilla NATEA de GARNIER, N.7.64,NECTARINA,rojo cobrizo;6,17;1027
Tinte mascarilla NATEA de GARNIER, N.8,VAINILLA, rubio claro;6,17;1027
Tinte mascarilla NATEA de GARNIER, N.8.1, CHAMPAGNE;6,17;1027
Tinte mascarilla NATEA de GARNIER N.9, PEPITA DE ORO,rubio claro;6,17;1027
Tinte mascarilla NATEA de GARNIER,N.4.3,CAPUCCINO,castaño dorad;6,17;1027
Tinte mascarilla NATEA de GARNIER,N.6.46,TERRACOTTA,rojo cobrizo;6,17;1027
Tinte SCHWARZKOPF BRILLIANCE, N. 876, color caoba;5,51;917
Tinte SCHWARZKOPF BRILLIANCE, N. 888, color cereza oscuro;5,51;917
Tinte SCHWARZKOPF NORDIC COLORS, L2, aclarante intensivo;5,51;917
Tinte SCHWARZKOPF NORDIC COLORS, M1, Ultra, mechas vivas;7,2;1198
Tinte SCHWARZKOPF NORDIC COLORS, M2, Medio, mechas vivas;7,2;1198
Tinte SCHWARZKOPF NORDIC COLORS, M3, Ultra, reflejos-fácil;7,2;1198
Tinte SCHWARZKOPF NORDIC COLORS, 91, Ultra, color rubio claro;5,51;917
Tinte SCHWARZKOPF NORDIC COLORS, 97, aclarante rubio;5,51;917
Cepillo para cabello CONSUMER, con bolas, tamaño pequeño;2,36;393
Cepillo para cabello CONSUMER Peinado, brushing;2,5;416
Cepillo para cabello CONSUMER Peinado, de cerdas de jabalí;3,4;566
Cepillo para cabello CONSUMER Peinado, de esqueleto;1,51;251
Cepillo para cabello CONSUMER, redondo, mediano,cerdas de jabali;3,6;599
Cepillo para cabello CONSUMER, redondo, tamaño pequeño;3,34;556
Cepillo para cabello CONSUMER, tamaño pequeño;2,1;349
Cepillo para cabello CONSUMER, térmico;3,85;641
Peine CONSUMER, para bolso, hecho a mano;2,38;396
Peine CONSUMER Peinado, ahuecador;1,66;276
Peine CONSUMER Peinado, de tenedor;0,77;128
Peine CONSUMER Peinado, de tocador;0,96;160
Peine CONSUMER Peinado, de tocador, hecho a mano;3,34;556
Peine CONSUMER Peinado, escarpidor;0,77;128
Peine CONSUMER Peinado, tamaño mediano;0,9;150
Rulos BETEMBAL, autoadherentes, anchura 21 mm, pack 6 unid.;2,84;473
Rulos BETEMBAL, autoadherentes, anchura 28 mm, pack 6 unid.;3,31;551
Acondicionador FLEX 2 Fases, sin aclarado, botella 200 ml;2,95;491
Acondicionador H & S, cabello normal a graso, botella 300 ml;3,66;609
Acondicionador H & S, cabello suave y sedoso, botella 300 ml;3,66;609
Crema suavizante BELISHU, botella 750 ml;1,1;183
Crema suavizante CONSUMER ProVit B5, botella 750 ml;1,85;308
Acondicionador CONSUMER ProVit B5, cabello normal, botella 250ml;1,85;308
"Acondicionador CONSUMER ProVit B5, cabello seco, botella 250 ml	";1,85;308
Acondicionador DOVE, cabello seco, 200ml;3,39;564
Acondicionador HAIR TECH, cabello normal, 300 ml;3,09;514
Crema suavizante FRUCTIS de GARNIER,cabello normal,botella 250ml;3,08;512
Crema suavizante L`ORÉAL ELVIVE Filtro UV, cabello teñido, 250ml;3,39;564
Crema suavizante L`ORÉAL ELVIVE Hydra Curl,cabello rizado, 250ml;3,39;564
Crema suavizante L`ORÉAL ELVIVE Kéra-proteína, 250 ml;3,39;564
Crema suavizante L`ORÉAL ELVIVE, Nutriceramidas, 250 ml;3,39;564
Acondicionador CLAIROL Herbal Essences, cabello normal, 250 ml;3,07;511
Acondicionador CLAIROL Herbal Essences, cabello seco, 250 ml;3,07;511
Acondicionador CONSUMER Herbal Option, cabello normal, 500 ml;1,64;273
Crema suavizante LANOFIL, botella 400 ml;2,83;471
Mascarilla capilar CONSUMER Green Option, envase 150 ml;1,82;303
Mascarilla capilar FRUCTIS de GARNIER, cabello seco, 150 ml;4,69;780
Mascarilla capilar FRUCTIS de GARNIER, cabello teñido, 150 ml;4,69;780
Mascarilla capilar L`ORÉAL ELVIVE Filtro UV, cab. teñido, 150ml;5,86;975
Mascarilla capilar L`ORÉAL ELVIVE Nutriceramidas, 150 ml;5,86;975
Mascarilla capilar WELLA, cabello seco, envase 100 ml;4,22;702
Agua desmaquillante DIADERMINE Hidra-Protect,pulverizador 200 ml;5,25;874
Borrador arrugas de noche L`ORÉAL PLÉNITUDE,retinol concent,30ml;13,4;2230
Borrador de arrugas ojos L`ORÉAL PLÉNITUDE,retinol concent.,15;13,4;2230
Contorno de ojos POND`S TensiFirm,antiarrugas,reafirmante,50 m;10,02;1667
Crema facial de día KINESIA VITESSE,hidratante,piel normal,50 ml;6,34;1055
Crema facial día NIVEA VISAGE Q10, antiarrugas, 50 ml;10,29;1712
Crema facial día NIVEA VISAGE,piel normal-mixta,hidratante,50 ml;6,59;1096
Crema facial día NIVEA VISAGE,piel seca-sensible,hidratante,50ml;6,59;1096
Crema facial día POND`S TensiFirm, antiarrugas,75 ml;9,32;1551
Crema facial día SYNERGIE de GARNIER,hidrat.,piel normal,40ml;5,14;855
Crema facial DIADERMINE Hidra-Protect,factor protec. SPF 7, 40ml;7;1165
Crema facial DIADERMINE,antiarrugas,reestructurante,tarro 50 ml;8,26;1374
Crema facial DIADERMINE,hidrat.,piel normal y seca,tarro 40 ml;5,61;933
Crema facial DIADERMINE,hidrat.,piel seca y sensible,tarro 40m;5,61;933
Crema facial DIADERMINE,nutritiva,reafirmante,tarro 40 ml;6,97;1160
Crema facial HYDROCÉAN de GENESSE,antiarrugas,piel normal, 50 ml;6,75;1123
Crema facial HYDROCÉAN de GENESSE,reafirmante,piel madura,50 ml;6,75;1123
Crema facial KINESIA VITESSE Vitalité,hidrat.,piel madura,40 ml;11,13;1852
Crema facial L`ORÉAL PLÉNITUDE Activ-Futur,multiprotección,50 ml;10,17;1692
Crema facial L`ORÉAL PLÉNITUDE Futur-E, piel seca, tarro 50 ml;10,17;1692
Crema facial L`ORÉAL PLÉNITUDE Hydrafresh,piel normal,tarro 50ml;7,5;1248
Crema facial L`ORÉAL PLÉNITUDE Revitalift, antiarrugas, 50 ml;11,77;1958
Crema facial L`ORÉAL PLÉNITUDE Visible Results, 50 ml;13,4;2230
Crema facial noche L`ORÉAL PLÉNITUDE Revitalift,antiarrugas,50ml;11,77;1958
Crema facial noche POND`S TensiFirm,antiarrugas,reafirmante,75;9,32;1551
Crema facial POND`S Compensating 20 Horas, tarro 50 ml;7,37;1226
Crema facial POND`S Equilibran-T,piel mixta,sin brillo, 75 ml;6,35;1057
Crema facial POND`S HN,hidronutritiva,con liposomas,tarro 100 ml;5,94;988
Crema facial POND`S S, nutritiva, antiarrugas, tarro 100 ml;5,94;988
Crema hidratante HYDROCEAN de GENESSE, para pieles secas, 50 ml;6,75;1123
Crema ojos L`ORÉAL PLÉNITUDE Revitalift,antiarrugas,tubo 15 ml;11,77;1958
Desmaquillador de ojos DIADERMINE,calmante y suavizante,125 ml;3,98;662
Espuma desmaquillante SYNERGIE C de GARNIER,con vitamina C,200ml;4,18;695
Gel exfoliante PL?NITUDE de L`OR?AL RÞvÞle, tubo 75 ml;5,57;927
Gel limpiador POND`S Equilibran-T, sin brillo, tubo 150 ml;4,51;750
Gel limpiador SYNERGIE Pure de GARNIER,purifica los poros, 150ml;4,47;744
Leche limpiadora DIADERMINE,con vitaminas florales,botella 250ml;3,98;662
Leche limpiadora KINESIA VITESSE VL, hidratante, botella 250 ml;4,05;674
Leche limpiadora L`ORÉAL PLÉNITUDE, 200 ml;5,34;889
Leche limpiadora MARGARET ASTOR MULTIACTIVE,hidratante,bot.200ml;2,24;373
Leche limpiadora SYNERGIE C de GARNIER,con vitamina C,bot. 200ml;3,94;656
Limpiador facial con tónico POND`S, hidratante, 250 ml;4,48;745
Loción desmaquillante L`ORÉAL PLÉNITUDE, para ojos, 125 ml;4,6;765
Loción desmaquillante NIVEA VISAGE,para ojos,botella 125 ml;3,48;579
Mascarilla facial MASK ARCILLA de EUG?NE,a la arcilla verde,10;6;998
POND`S Compensating Total Results,Combate 5 signos envejecimient;13,73;2284
Toallitas desmaquillantes DIADERMINE,cara y ojos,20 unid.;3,02;502
Toallitas desmaquillantes HYDROCÉAN de GENESSE,pack 20 unid.;2,59;431
Toallitas desmaquillantes KINESIA VITESSE,pack 20 unid.;2,45;408
Toallitas desmaquillantes L`ORÉAL PLÉNITUDE,vitamina E, 24 unid.;3,45;574
Toallitas desmaquillantes REVLON NATURAL HONEY,cara-ojos, 20unid;2,61;434
Tónico astringente SYNERGIE Pure de GARNIER,200 ml;4,47;744
Tónico facial DIADERMINE,sin alcohol,hidratante,tarro 250ml;3,98;662
Tónico facial KINESIA VITESSE VL,refrescante,sin alcohol, 200 ml;4,05;674
Tónico facial L`ORÉAL PLÉNITUDE, revitalizante, 200 ml;5,34;889
Tónico facial NIVEA VISAGE,piel seca y sensible,botella 200 ml;4,44;739
Tónico facial SYNERGIE C de GARNIER,con vitamina C,bot. 200 ml;3,94;656
Bolas desmaquillantes CONSUMER,de algodón,bolsa 96 unid.;0,99;165
Cuadros desmaquillantes BEL Beauty,bolsa 45 unid.;1,43;238
Discos Desmaquillantes BEL COSMET, bolsa 45unid.;1,43;238
Discos desmaquillantes CONSUMER,de algodón,pack 70 unid.;1,01;168
Discos desmaquillantes STAR COTT,pack 80 unid.;0,8;133
Exfoliante facial CONSUMER Terrena, de fibra de lufa;0,83;138
Body milk AVENA KINESIA, piel normal, botella 400 ml;3,35;557
Body milk BODIEL, botella 500 ml;1,16;193
Body milk CONSUMER Avena, con extractos de avena, botella 400 ml;2,07;344
Body milk CONSUMER, para piel normal, botella 500 ml;2,41;401
Body milk CONSUMER, para piel seca, botella 500 ml;2,47;411
Body milk DOVE, botella 400 ml;3,66;609
Body milk HENO de PRAVIA, botella 400 ml;2,84;473
Body milk NIVEA Body, piel seca, con aceite de almendra, 400 ml;4,51;750
Body milk REVLON NATURAL HONEY, para piel seca, 400 ml;3,49;581
Body milk REVLON NATURAL HONEY, piel normal, botella 400 ml;3,49;581
Firming milk CONSUMER, botella 400 ml;3,06;509
Crema corporal NIVEA, caja 250 ml;3,08;512
Crema corporal NIVEA SOFT, caja 200 ml;3,77;627
Crema corporal REVLON NATURAL HONEY, caja 200 ml;2,87;478
Aceite corporal CONSUMER, con extractos de almendra, botella 400;2,41;401
Aceite corporal CONSUMER, con extractos de aloe-vera, botella 40;2,41;401
Aceite corporal JOHNSON?S Baby, botella 500 ml;3,24;539
Aceite corporal REVLON NATURAL HONEY, botella 400 ml;2,83;471
Cesta Mimbre FLOR DE MAYO,Espuma Baño,Cepillo,Sal Baño,P.Pomez;10,5;1747
Cesta Mimbre Redonda FLOR DE MAYO,Espuma Baño,Piedra Pomez,Jabón;7,41;1233
Cesta Rafia con Ambientadores Surtidos FLOR DE MAYO;9,22;1534
Set Lona FLOR DE MAYO,Espuma Baño,Jabón,Peine,Espejo,Tulipanes;11,73;1952
Valla Infantil FLOR DE MAYO, Oso Peluche, Espuma Baño y Jabón;9,22;1534
Valla Infantil FLOR DE MAYO,Espejo,Espuma Baño,Peine,Jabón,...;9,22;1534
Crema para manos ATRIX, envase 250 ml;3,23;537
Crema para manos Bea Dermis, con alantoína, tubo 100 ml;0,8;133
Crema para manos FAMOS, tubo 100 ml;1,88;313
Crema para manos PROFILCREM, especial manos resecas, envase 75 m;3,67;611
Crema para manos WI-WI, con glicerina y lanolina, tarro 200 ml;0,99;165
Crema para manos y uñas NIEVINA, envase 100 ml;1,33;221
Crema para manos y uñas VASENOL, envase 200 ml;3,58;596
Quitaesmaltes CUTEX,hidrat.,líquido,botella 200 ml;2,19;364
Quitaesmaltes VIGORUÐA,líquido,botella 200 ml;1,11;185
Cortacutículas BETEMBAL;5,43;903
Limas de uñas CONSUMER Manicura, de cartón, 5 unid.;0,83;138
Colonia de hombre ACQUA DI TITTO,100 ml;11,74;1953
Colonia de hombre ADIDAS SPORT MAN,100 ml;11,65;1938
Colonia de hombre AGUA BRAVA,100 ml;14,62;2433
Colonia de hombre AGUA DE COIMBRA,100 ml;11,82;1967
Colonia de hombre BEST,vaporizador 100 ml;11,56;1923
Colonia de hombre BOSTON,100 ml;9,39;1562
Colonia de hombre BRUMMEL,125 ml;7,31;1216
Colonia de hombre COBALT,100 ml;8,47;1409
Colonia de hombre CROSSMEN ACROSS,100 ml;11,65;1938
Colonia de hombre CROSSMEN,100 ml;8,96;1491
Colonia de hombre DIAVOLO de ANTONIO BANDERAS,100 ml;12,19;2028
Colonia de hombre DON ALGODËN HOMBRE,100 ml;10,73;1785
Colonia de hombre DON ALGODËN, natural, vaporizador 100 ml;16,78;2792
Colonia de hombre DUTTI SPORT,100 ml;16,11;2680
Colonia de hombre EQUINOX,100 ml;6,99;1163
Colonia de hombre ESENCIA IMPACTO,vaporizador 100 ml;9,17;1526
Colonia de hombre IMPACTO,100 ml;5,25;874
Colonia de hombre JACQ`S,200 ml;7,89;1313
Colonia de hombre MASSIMO DUTTI,100 ml;13,3;2213
Colonia de hombre MEDITERR?NEO de ANTONIO BANDERAS, pack 100 ml;12,19;2028
Colonia de hombre OTELO,100 ml;6,4;1065
Colonia de hombre PASIËN LATINA For Men,vaporizador 100 ml;15,89;2644
Colonia de hombre PATRICH`S NOIR,125 ml;11,69;1945
Colonia de hombre SPARTA,100 ml;6,4;1065
Colonia de hombre SPORT MAN,150 ml;10,57;1759
Colonia de hombre SPRINGFIELD,100 ml;8,72;1451
Colonia de hombre TITTO BLUNI Due, vaporizador 100 ml;15,89;2644
Colonia de hombre TITTO BLUNI,100 ml;14,77;2458
Colonia de hombre WILLIAMS SPORT, 200 ml;8,88;1478
Colonia de hombre YATCH MAN BLUE,100 ml;17,17;2857
Estuche BLUE ESSENCE PEPE JEANS, Colonia Vaporizador,Desodorante;14,58;2426
Estuche BRUMMEL, Colonia y After Shave;7,9;1314
Estuche CROSSMEN, Colonia y Desodorante;8,75;1456
Estuche DIAVOLO de ANTONIO BANDERAS, Colonia y Desodorante;13,73;2284
Estuche DON ALGODËN, Para Hombre, Colonia y After Shave;10,44;1737
Estuche DUTTI SPORT de Massimo Dutti, pack Colonia y After Shave;15,85;2637
Estuche EQUINOX, Colonia y After Shave;6,31;1050
Estuche IMPACTO, Colonia y After Shave;5,94;988
Estuche YATCH MAN BLUE, Colonia y After Shave;18,4;3062
MASSIMO DUTTI,Colonia Vaporizador,After Shave y Crema Hidratante;14,79;2461
Neceser MEDITERR?NEO de ANTONIO BANDERAS, Colonia y Desodorante;13,73;2284
Neceser SPRINGFIELD, Colonia y Desodorante;11,4;1897
Colonia de mujer AGUA DE LUNA,100 ml;11,26;1874
Colonia de mujer ALADA,100 ml;8,23;1369
Colonia de mujer ANOUK,100 ml;8,25;1373
Colonia de mujer BOMBËN,100 ml;10,28;1710
Colonia de mujer CHANSON D`EAU,100 ml;8,47;1409
Colonia de mujer CHANSON D`EMOTIONS Pure Innocence, 100 ml;10,17;1692
Colonia de mujer CHANSON D`EMOTIONS Tendre Coton, 100 ml;10,17;1692
Colonia de mujer D.A. de DON ALGODËN,100 ml;14,83;2468
Colonia de mujer DEPENDE... Del Azul del Cielo de PUIG,100 ml;8,9;1481
Colonia de mujer DON ALGODËN,100 ml;12,37;2058
Colonia de mujer DUE de TITTO BLUNI,vaporizador 100 ml;15,89;2644
Colonia de mujer EAU JEUNE FRAICHE,100 ml;8,22;1368
Colonia de mujer FARALA,100 ml;7,79;1296
Colonia de mujer FRAICHE de GENESSE,100 ml;8,12;1351
Colonia de mujer OH! de DON ALGODON,100 ml;9,91;1649
Colonia de mujer PASIËN LATINA,vaporizador 100 ml;15,89;2644
Colonia de mujer PR?T ? PORTER New York,100 ml;13,77;2291
Colonia de mujer PR?T ? PORTER,100 ml;11,5;1913
Colonia de mujer PUZZLE FRIENDS,100 ml;10,59;1762
Colonia de mujer PUZZLE,100 ml;10,59;1762
Colonia de mujer SAL Y PIMIENTA Eau Pepper,100 ml;9,73;1619
Colonia de mujer SAL Y PIMIENTA Eau Salt,100 ml;9,73;1619
Colonia de mujer YOU and YOU,100 ml;9,86;1641
Colonia de mujer ZINNIA, vaporizador 50 ml;13,77;2291
Estuche AGUA de AGATHA RUIZ DE LA PRADA, Colonia y Desodorante;14,47;2408
Estuche ANOUK, Colonia Vaporizador y Desodorante;8,64;1438
Estuche AZUR DE PUIG, Colonia y Desodorante;10,55;1755
Estuche CHANSON D`EAU, Colonia y Desodorante;8,43;1403
Estuche DON ALGODËN, Colonia, Desodorante y Body Milk;13,73;2284
Estuche DON ALGODËN Mujer, Colonia Vaporizador y Desodorante;15,79;2627
Estuche EAU D`ÉTÉ, Colonia, Body Milk y Gel Moussant;7,95;1323
Estuche FLEUR DE JOUR, Colonia, Body Milk y Gel de Ducha;11,4;1897
Estuche FLOR de AGATHA RUIZ DE LA PRADA, Colonia y Desodorante;13,73;2284
Estuche PR?T ? PORTER COTY, Colonia,Desodorante y Gel de Ducha;14,58;2426
Estuche PROMESA, Colonia, Vaporizador y Body Milk;14,79;2461
Estuche PUZZLEMANIA FRESH, con Purpurina, 3 colonias x 50ml;16,38;2725
Estuche TIARÉ, Colonia Vaporizador y Body Milk;16,91;2814
Neceser DEPENDE, 3 unid.x 50ml;8,96;1491
Colonia infantil BARBIE AVENTURA, vaporizador 75 ml;7,84;1304
Colonia infantil BARBIE SIRENA, vaporizador 75 ml;7,84;1304
Colonia infantil CHISPAS, vaporizador 100 ml;9,53;1586
Colonia infantil CONSUMER Bebé, hipoalergénica, botella 300 ml;1,88;313
Colonia infantil CONSUMER Bebé, hipoalergénica, botella 750 ml;2,35;391
Colonia infantil NENUCO, hipoalergénica, botella 200ml;2,45;408
Colonia infantil NENUCO, hipoalergénica, botella 750 ml;2,93;488
Colonia infantil PETIT CHERI de LEGRAIN, botella 750 ml;2,85;474
Colonia unisex AGUA DE VIDA,150 ml;9,86;1641
Colonia unisex EAU DE NATURE de GENESSE,300 ml;9,53;1586
Colonia unisex HERBÍSIMO Enebro,ecológica,300 ml;10,5;1747
Colonia unisex ROYALE AMBREE de LEGRAIN,200 ml;7,61;1266
Crema solar facial CONSUMER, factor protección 15, tubo 100 ml;3,21;534
Crema solar facial CONSUMER, factor protección 25, tubo 100 ml;3,42;569
Crema solar facial CONSUMER, factor protección 8, botella 100 m;2,96;493
Aceite solar CONSUMER, factor protección 4, pulverizador 400 ml;4,03;671
Agua solar CONSUMER, factor protección 2, pulverizador 400 ml;3,72;619
Leche solar CONSUMER, factor protección 4, botella 200 ml;2,96;493
Leche solar CONSUMER, para niños, factor protección 12, 200 ml;3,98;662
Leche solar CONSUMER, para niños, factor protección 25, 200 ml;4,54;755
Leche solar CONSUMER, para niños, factor protección 35, 200 ml;5,05;840
Leche solar CONSUMER Sport, factor protección 15, botella 200 m;3,72;619
Protector solar para cabello CONSUMER, botella 200 ml;3,04;506
Limpia Baño GLASSEX, Aplicación Directa, botella 1l;1,88;313
Limpiador ducha CONSUMER, antical, pulverizador 750 ml;1,43;238
Limpiahogar BREFEL, aroma pino, botella 2 litros;0,83;138
Limpiahogar CIF Botanic, botella 1,5 litros;2,19;364
Limpiahogar CIF, con oxígeno activo, gel, botella 1 litro;2,19;364
Limpiahogar CIF Marine, botella 1,5 litros;2,19;364
Limpiahogar CIF Nature, botella 1,5 litros;2,19;364
Limpiahogar CONSUMER Antibacterias, aroma manzana relajante, 1,5;1,35;225
Limpiahogar CONSUMER, aroma floral, antiadherente, 1,5 litros;1,21;201
Limpiahogar CONSUMER, aroma limón, antiadherente, 1,5 litros;1,22;203
Limpiahogar CONSUMER, aroma marino, oxígeno activo, 1,5 litros;1,35;225
Limpiahogar CONSUMER, aroma pino, antiadherente, 1,5 litros;1,22;203
Limpiahogar TENN, antibacterias, botella 1,5 litros;2,3;383
Limpiahogar TENN, aroma lima-limón, con bioalcohol, 1,5 litros;2,3;383
Limpiahogar TENN, aroma primavera, botella 1,5 litros;2,3;383
Limpiahogar TENN, con bioalcohol, botella 1,5 litros;2,3;383
Limpiahogar TENN Profesional, con bioalcohol, botella 1 litro;2,3;383
Limpiahogar cocina CONSUMER, pulverizador 500 ml;1,35;225
Limpiahogar CONSUMER, gel con lejía, 1,5 litros;1,35;225
Limpiahogar ESTRELLA, en gel, 1,5 litros;2;333
Limpia Baño GLASSEX, Aplicación Directa, botella 1l;1,88;313
Limpiador ducha TENN Ducha Fresh, pulverizador 750 ml;2,61;434
Limpiahogar baño CONSUMER, pulverizador 500 ml;1,25;208
Limpiahogar CIF, con gel poliactivo, 1,5 litros;2,19;364
Limpiahogar CONSUMER, antical, en gel, 1,5 litros;1,35;225
Limpiahogar CONSUMER, antical, en gel, 500 ml;1,25;208
Limpiahogar TENN, baño, botella 1,5 litros;2,3;383
Limpiahogar TENN, pulverizador 750 ml;2,3;383
Limpiador de azulejos BALDOSINÍN, perfumado, botella 500 ml;2,51;418
Limpiador juntas de azulejos BALDOSINÍN, blanco, aplicador 350g;2,15;358
Limpiador juntas de azulejos BALDOSINÍN, blanco, spray 500 ml;3,48;579
Limpiador juntas y suelos BALDOSINÍN, 500 ml;2,75;458
Limpiador neveras y microondas S.P.B., desinfectante, 250 ml;2,19;364
Limpiahogar CONSUMER, para superficies delicadas, 1,5 litros;1,35;225
Limpiahogar VIAKAL, antical, botella 500 ml;2,17;361
Pasta de relleno BALDOSINÍN, para juntas de azulejos, tubo 150 m;3,47;577
Sellador BALDOSINÍN, para juntas de azulejos, antihumedad, tubo;3,47;577
Fregasuelos CONSUMER, aroma limón, botella 1 litro;0,68;113
Fregasuelos CONSUMER, aroma marino, botella 1 litro;0,68;113
Fregasuelos CONSUMER, aroma pino, botella 1 litro;0,68;113
Lejía con detergente ESTRELLA Azul, 1,5 litros;1,48;246
Lejía con detergente ESTRELLA JET, pulverizador 500 ml;1,48;246
Lejía con detergente ESTRELLA Limón, botella 1,5 litros;1,48;246
Lejía con detergente NEARI, botella 2 litros;0,68;113
Lejía ACE, para todo uso, botella 2 litros;1,17;195
Lejía diluida  NEARI, botella 2 litros;0,4;67
Lejía diluida CONEJO, botella 2 litros;1,08;180
Lejía diluida CONEJO Floral, botella 2 litros;1,08;180
Lejía diluida CONSUMER, botella 2 litros;0,53;88
Limpia inodoros BREF WC Espuma Activa, aerosol 500 ml;2,68;446
Limpia inodoros CONSUMER WC, para cisternas, aroma pino, 2 past.;1,01;168
Limpia inodoros CONSUMER WC,para cisternas,acción lejía, 2 past.;1,26;210
Limpia inodoros CONSUMER WC,para cisternas,aroma marino, 2 past.;1,01;168
Limpia inodoros DOMESTOS, botella 1,25 litros;2,19;364
Limpia inodoros PATO WC Activo Azul, líquido, botella 750 ml;1,58;263
Limpia inodoros PATO WC Activo Verde, líquido, botella 750 ml;1,58;263
Limpia inodoros PATO WC, líquido, con lejía, botella 750 ml;1,58;263
Limpia inodoros PATOMATIC, para cisternas, azul, pastilla 45g;1,54;256
Limpia inodoros WC NET,con lejía, gel,aroma eucalipto, bot.750ml;1,52;253
Limpia inidoros BREF WC Duo-Activo Verde, AP+RE 1.0 u;1,88;313
Limpia inodoros BOLO WELL, colgador y block, caja 2 unid.;0,73;121
Limpia inodoros BREF WC Duo-Activo Azul AP+REC 1 u;1,88;313
Limpia inodoros BREF WC Duo-Activo Azul Recmbio 1 u;1,63;271
Limpia inodoros BREF WC Duo-Activo Verde, Recambio 1 u;1,63;271
Limpia inodoros CONSUMER WC Block Acción Lejía, colg.-block 45g;0,72;120
Limpia inodoros CONSUMER WC Block Frescor Marino, recambio 2x45g;0,83;138
Limpia inodoros CONSUMER WC Block Frescor Marino,colg.-block 45g;0,66;110
Limpia inodoros CONSUMER WC Block Verde Pino, recambio 2x45g;0,83;138
Limpia inodoros HARPIC WC, aroma marino, colgador y carga 55 ml;1,73;288
Limpia inodoros HARPIC WC, aroma pino, colgador y carga 55 ml;1,75;291
Limpia inodoros HARPIC WC,aroma flores frescas,colg y carga 55ml;1,75;291
Limpia inodoros PATO Bloc Activo, Azul Fresco, block 40g, 2unid.;1,54;256
Limpia inodoros PATO Bloc Activo, Verde Pino, block 40g, 2unid.;1,54;256
Limpia inodoros PATO Bloc Activo,Azul Fresco,colgador-block 40g;1,45;241
Limpia inodoros PATO Gel Activo, Azul Fresco, recambio 55 ml;1,61;268
Limpia inodoros PATO Gel Activo Lavanda Fresca, recambio 55ml;1,61;268
Limpia inodoros PATO Gel Activo, Verde Pino, colgador-carga 55ml;1,86;309
Limpia inodoros PATO Gel Activo, Verde Pino, recambio 55 ml;1,61;268
Limpia inodoros PATO Gel Activo,Azul Fresco,colgador-carga, 55ml;1,86;309
Aftersun DELIAL, botella 400ml;1,26;210
Guantes CONSUMER, duoprotección, talla grande;0,95;158
Guantes CONSUMER, duoprotección, talla mediana;0,95;158
Guantes CONSUMER, duoprotección, talla pequeña;0,95;158
Guantes CONSUMER, flocados, talla grande;0,48;80
Guantes CONSUMER, flocados, talla mediana;0,48;80
Guantes CONSUMER, flocados, talla pequeña;0,48;80
Guantes CONSUMER, satinados, talla grande;0,6;100
Guantes CONSUMER, satinados, talla mediana;0,6;100
Guantes CONSUMER, satinados, talla pequeña;0,6;100
Guantes CONSUMER,satinados,multiusos,latex,talla grande,10unid.;1,26;210
Guantes CONSUMER,satinados,multiusos,latex,talla mediana,10unid.;1,26;210
Guantes CONSUMER,satinados,multiusos,vinilo,talla grande,10unid.;1,26;210
Guantes CONSUMER,satinados,multiusos,vinilo,talla pequeña,10unid;1,26;210
Guantes IDEA!, multiusos, vinilo, talla pequeña, pack 10 unid.;1,26;210
Guantes SPONTEX MAPA, látex extrafino, talla grande, 10 unid.;2,28;379
Guantes SPONTEX MAPA, látex extrafino, talla mediana, 10 unid.;2,28;379
Guantes SPONTEX MAPA, látex extrafino, talla pequeña, 10 unid.;2,28;379
Guantes SPONTEX MAPA Segunda Piel, sensibles, talla mediana;2,39;398
Guantes SPONTEX MAPA Segunda Piel, sensibles, talla pequeña;2,39;398
Guantes SPONTEX MAPA Segunda Piel, ultra sensibles, talla grande;2,39;398
Guantes SPONTEX MAPA Triple Capa, reforzados, talla mediana;1,26;210
Guantes SPONTEX MAPA Triple Capa, reforzados, talla pequeña;1,26;210
Guantes VILEDA FreshComfort, con forro de espuma, talla grande;2;333
Guantes VILEDA FreshComfort, con forro de espuma, talla mediana;2;333
Guantes VILEDA FreshComfort, con forro de espuma, talla pequeña;2;333
Fregona algodón FREGANET, rosca standard;0,67;111
Fregona tiras CIF BALLERINA, doble cara, rosca standard;1,79;298
Fregona tiras CIF BALLERINA, suave, rosca standard;1,34;223
Fregona tiras CONSUMER, amarilla, suave, rosca standard;1,05;175
Fregona tiras CONSUMER, amarilla, suave, rosca standard;1,05;175
Fregona tiras CONSUMER, superabsorbente, rosca standard;1,05;175
Fregona tiras FREGANET, amarilla, suave, rosca standard;0,69;115
Fregona tiras SPONTEX Poder Azul, cabezal frotamanchas;1,37;228
Fregona tiras SPONTEX Secamax, ultrasecante, rosca standard;3,17;527
Fregona tiras VILEDA, doble capa, suave, rosca standard;1,38;230
Fregona tiras VILEDA, suave, rosca standard;1,38;230
Fregona tiras VILEDA Supercombi, limpia y seca, rosca standard;3,76;626
Recambio fregona CONSUMER, Algodón;0,95;158
Abrillantador de mopas CONSUMER, envase 750 ml;3,17;527
Abrillantador de mopas FIXPOLVO, envase 750 ml;5,42;902
Abrillantador de mopas REX, aerosol 400 ml;2,85;474
Cepillo lavaplatos LEOPARDO, todo uso;0,48;80
Cepillo lavaplatos VIGAR Super, con mango;1,18;196
Cepillo para ropa VIGAR Velvet-Viaje, quitapelusas, terciopelo;2,53;421
Mopa Abrillantadora REX;6,35;1057
Mopa PRONTO, atrapapolvo, recambio 10 gamuzas;2,67;444
Mopa SWIFFER, atrapapolvo, recambio 16 gamuzas;4,29;714
Set mopa SWIFFER, atrapapolvo, pack mopa y recambio 8 gamuzas;13,77;2291
Bayeta CONSUMER, para polvo, 53x40 cm;1,43;238
Bayeta REX Rejilla, para suelos, indeformable, 45x40 cm;0,9;150
Bayeta REX Suelos, para suelos, 40x30 cm;0,84;140
Gamuza REX Amarilla, para polvo, 50x40 cm, pack 2 unid.;0,9;150
Gamuza REX Extrafina, para polvo, 53x40 cm, pack 2 unid.;1,43;238
Gamuza REX Marrón, para polvo, dos caras, 42x38 cm;0,73;121
Bayeta BALLERINA, multiusos, 40x37 cm, pack 3 unid.;1,72;286
Bayeta CIF Fresh, multiusos, 35x50 cm, pack 4 unid.;1,96;326
Bayeta Consumer, multiusos, amarilla, antibacterias, 38x40 cm;0,5;83
Bayeta CONSUMER, multiusos, amarilla, 38x40 cm, pack 2 unid.;0,52;87
Bayeta REX Multiusos, absorbente, 50x40 cm, pack 3 unid.;1,26;210
Bayeta REX Práctica, multiusos, para limpiar y secar, 32x40 cm;0,76;126
Bayeta SPONTEX, multiusos, especial vajillas, 62x38 cm;1,96;326
Bayeta SPONTEX, multiusos, 36x38 cm, 2 unid.;1,33;221
Bayeta SPONTEX Poder Azul, multiusos;1,64;273
Bayeta VILEDA, multiusos, antibacterias, suave, 37x40 cm;1,05;175
Gamuza REX Surtida, multiusos, superabsorbente, 37x40 cm, 2 unid;0,73;121
Bayeta BALLERINA, doble cara, pack 1 unid.;0,9;150
Bayeta IDEA!, con microfibras, multiusos, 32x32 cm;1,69;281
Bayeta SCOTCH-BRITE, con microfibras, resistente a la lejía;6,34;1055
Bayeta SPONTEX, posavajillas, decorada, antiimpactos, 40x50 cm;2,28;379
Bayeta SPONTEX Sprint Atrapapolvo, antiácaros, caja 12 unid.;2,23;371
Esponja TG Universal, para hogar y automóvil;1,22;203
Gamuza VILEDA, para cristales, 39x35 cm;1,96;326
Estropajo metálico CONSUMER, superficies metálicas, acero inox.;0,48;80
Estropajo metálico CONSUMER, superficies metálicas, pack 2 unid.;0,8;133
Estropajo metálico ESTROPAJAX, superficies metálicas, 10 unid.;1,51;251
Estropajo metálico SPONTEX 2 Inox, acero inoxidable, 2 unid.;1,33;221
Estropajo metálico VILEDA, limpieza difícil, níquel, 16x19 cm;1,05;175
Salvauñas SCOTCH-BRITE, 7x9 cm;1,01;168
Estropajo fibra verde CONSUMER, antiolor, 16x19 cm;0,37;62
Estropajo Fibra Verde CONSUMER, 16x19 cm, pack 2 unid.;0,64;106
Estropajo fibra verde SCOTCH BRITE, tamaño gigante, 16x19 cm;1,05;175
Estropajo fibra verde SCOTCH-BRITE, 12x16 cm, pack 2 unid.;1,45;241
Estropajo fibra azul CONSUMER, superficies delicadas,con esponja;0,58;97
Estropajo fibra verde CONSUMER, con esponja, 10x15 cm;0,58;97
Estropajo fibra verde DUMARO, con esponja, 1 unid.;0,31;52
Estropajo fibra verde SCOTCH-BRITE, con esponja, 10x15 cm;1,37;228
Estropajo fibra verde SPONTEX Frotaspón Brillo, 6x10 cm, 2 unid.;1,58;263
Estropajo fibra negra CONSUMER, limpiezas duras, con esponja;1,14;190
Estropajo fibra verde SCOTCH-BRITE, baños, con esponja, 14x16 cm;1,33;221
Salvauñas CONSUMER, tamaño gigante, 9x14 cm;0,58;97
Salvauñas CONSUMER, 7x9 cm, pack 3 unid.;0,73;121
Salvauñas DUMARO, 7x9 cm, pack 3 unid.;0,51;85
Salvauñas SCOTCH-BRITE, 7x9 cm, pack 2 unid.;1,33;221
Salvauñas VILEDA, antibacterias, 7x9 cm, pack 3 unid.;1,2;200
Bolsas basura CONSUMER, antigoteo, 55x60 cm, rollo 25 unid.;1,04;173
Bolsas basura CONSUMER, con autocierre, 55x60 cm, rollo 15 unid.;1;166
Bolsas basura CONSUMER, con autocierre, 55x60 cm, rollo 20 unid.;1,17;195
Bolsas basura CONSUMER, ecológicas, 54x60 cm, rollo 20 unid.;0,72;120
Bolsas basura CONSUMER, ecológicas, 55x60 cm, 15 unid.;0,68;113
Bolsas basura CONSUMER, ecológicas, 55x60 cm, 25 unid.;1,23;205
Bolsas basura CONSUMER, para comunidad, 85x110cm, rollo 10 unid.;1,42;236
Bolsas basura THOR, con autocierre, 52x60cm, rollo 12 unid.;0,51;85
Bolsas basura THOR, domestica, 52x58 cm, rollo 20 unid.;0,43;72
Bolsas basura THOR, para comunidad, 85x105 cm, rollo 10 unid.;1,04;173
Bolsas basura ZIDAR Minigigante, 65x75 cm, rollo 10 unid.;1;166
Bolsas de basura CONSUMER, blancas, 55x65 cm, rollo 10 unid.;1;166
Bolsas de basura CONSUMER,blancas,aroma limón, 42x48cm, 20 unid.;0,63;105
Aluminio doméstico ALBAL, rollo 30 mt;2,85;474
Aluminio doméstico ALUDIF, rollo 30 mt;1,59;265
Aluminio doméstico CONSUMER, rollo 30 mt;1,79;298
Aluminio doméstico CONSUMER, rollo 50 mt;2,85;474
Aluminio doméstico FITS, doble capa, rollo 6 mt;1,69;281
Aluminio doméstico ONE SERVIS, rollo 16 mt;0,94;156
Aluminio doméstico ONE SERVIS, rollo 30 mt;1,69;281
Film transparente ALBAL 2 en 1, conservación y microondas, 15 mt;2,1;349
Film transparente CONSUMER, rollo 30 mt;0,58;97
Film transparente FITS, para microondas, rollo 15 mt;0,8;133
Papel para horno FITS, rollo 15 mt;1,43;238
Detergente en polvo ARIEL Antibacterias, 20 cacitos, pack 2,2kg;6,17;1027
Detergente en polvo ARIEL 22 cacitos, 2,44 kg;6,17;1027
Detergente en polvo ARIEL 36 cacitos, 3,96kg;10,25;1705
Detergente en polvo COLËN, 18 cacitos, pack 2,18kg;4,93;820
Detergente en polvo CONSUMER Antibacterias, 16 cacitos, 1,94kg;3,18;529
Detergente en polvo CONSUMER Wash Me Frescor, 15 cacitos, 2,02kg;2,98;496
Detergente en polvo CONSUMER Wash Me Frescor, 18 cacitos, 2,18kg;3,08;512
Detergente en polvo CONSUMER Wash Me Frescor, 36 cacitos, 4,37kg;5,82;968
Detergente en polvo CONSUMER Wash Me, 15 cacitos, pack 2,025kg;2,87;478
Detergente en polvo DIXAN, 18 cacitos, pack 2,18kg;4,83;804
Detergente en polvo ELENA, 18 cacitos, pack 2,185kg;3,7;616
Detergente en polvo MICOLOR, 16 cacitos, 1,68kg;4,1;682
Detergente en polvo MICOLOR, 22 cacitos, pack 2,31kg;5,14;855
Detergente en polvo SKIP, 18 cacitos, pack 2,18kg;5,14;855
Detergente en polvo SKIP, 36 cacitos, maleta 4,34kg;9,77;1626
Detergente en polvo SKIP, 54 cacitos, maleta 6,561kg;14,48;2409
Detergente en polvo WIPP Higiene, 16 cacitos, pack 1,94kg;5,05;840
Detergente en polvo WIPP, 18 cacitos, pack 2,18kg;5,05;840
Detergente en polvo WIPP, 36 cacitos, maleta 4,37kg;9,57;1592
Detergente polvo y suavizante BOLD, 2 en 1, 36 cacitos, 4,37kg;9,26;1541
Detergente en polvo ARIEL, 12 cacitos, recambio 1,458kg;3,84;639
Detergente en polvo COLËN, 12 cacitos, recambio 1,458kg;3,72;619
Detergente en polvo DIXAN, 12 cacitos, recambio 1,45kg;3,14;522
Detergente en polvo ELENA, 12 cacitos, recambio 1,455kg;3,02;502
Detergente en polvo WIPP, 12 cacitos, recambio 1.458kg;3,63;604
Detergente polvo CONSUMER Wash me, 12 cacitos, recambio 1,62kg;2,19;364
Detergente en bolsas MINIDOS, pack 20 bolsas;3,6;599
Detergente en pastillas ARIEL, pack 56 pastillas;10,45;1739
Detergente en pastillas CONSUMER Wash Me, pack 30 pastillas;3,35;557
Detergente en pastillas CONSUMER Wash Me, pack 56 pastillas;6,29;1047
Detergente en pastillas ELENA, pack 32 pastillas;3,77;627
Detergente en pastillas PUNTO MATIC Blancura, pack 48 pastillas;3,92;652
Detergente en pastillas PUNTO MATIC Color, pack 48 pastillas;3,92;652
Detergente en pastillas SURF, pack 24 pastillas;3,76;626
Detergente en tabletas SKIP Tablets, 16 lavados, pack 32 unid.;5,24;872
Detergente CONSUMER, Líquido Ropa de Color, 22 dosis;3,14;522
Detergente CONSUMER Liquido Ropa Negra 24dosis;3,14;522
Detergente CONSUMER Wash Me, 40 dosis, botella 3l;5,58;928
Detergente en gel COLËN, 22 lavados, botella 2 litros;5,03;837
Detergente en Gel WIPP, 22 cacitos, botella 2l;5,15;857
Detergente líq. jabón de Marsella CONSUMER,22dosis;3,14;522
Detergente líquido ARIEL, 24 lavados, botella 2,75 litros;6,29;1047
Detergente líquido CONSUMER Wash Me, 22 lavados, botella 1,5l;3,14;522
Detergente líquido DIXAN, 17 lavados, botella 1,5 litros;3,94;656
Detergente líquido ELENA, al jabón natural, 22 lavados, 2 litros;3,77;627
Detergente líquido GIOR, 17 lavados, botella 1,5 litros;3,87;644
Detergente líquido MICOLOR Negro Mágico, 17 lavados, 1,5 litros;5,24;872
Detergente Liquido MICOLOR 1,5 l 17 Dosis;4,18;695
Detergente líquido WIPP al jabón natural, 17 lavados, 1,5 litros;4,19;697
Detergente líquido WIPP, gel activo, 17 lavados, botella 1,5l;4,19;697
Antical CONSUMER, pack 950gr;2,73;454
Antical en pastillas CALGËN, pack 15 pastillas;5,29;880
Detergente en polvo WIPP-EXPRESS, para lavar a mano, pack 600g;2,1;349
Detergente líquido GIOR, para lavar a mano, botella 750 ml;2,04;339
Jabón común CHIMBO, pastilla 250g;0,9;150
Jabón común FLOTA, pastilla 250g;0,48;80
Detergente líquido NORIT, para lavar a mano, tubo 150 ml;1,49;248
Detergente NORIT, lavar a mano, 30 dosis, 750 ml;2,51;418
Detergente NORIT, lavar a máquina, 25 dosis, botella 750 ml;2,51;418
Detergente PERLAN, botella 750 ml;2,39;398
Detergente polvo NORIT Verde, para lavar a mano, pack 375g;2,19;364
Detergente, Prendas Delicadas, CONSUMER Wash Me, botella 1 litro;1,26;210
Suavizante CONSUMER Aloe Vera, plancha fácil, 36 lavados,bot. 3l;1,72;286
Suavizante CONSUMER Manzana, plancha fácil, 36 lavados,bot. 3l;1,72;286
Suavizante diluido CONSUMER, aroma natural, 36 lavados, 3litros;1,51;251
Suavizante diluido CONSUMER, 36 lavados, botella 3 litros;1,51;251
Suavizante diluido FLOR, 36 lavados, botella 3 litros;2,49;414
Suavizante diluido MIMOSÍN CARICIAS, 36 lavados, 3 litros;2,52;419
Suavizante diluido MIMOSÍN Planchado Fácil, 2 litros;2,52;419
Suavizante diluido MY SOFT, 24 lavados, botella 2 litros;0,82;136
Suavizante diluido MY SOFT, 48 lavados, botella 4 litros;1,13;188
Suavizante diluido VERNEL  Cielo Azul, 36 lavados, 3 litros;2,49;414
Suavizante concentrado CONSUMER, botella 500 ml;0,84;140
Suavizante concentrado FLOR, aroma rosas, botella 1 litro;1,86;309
Suavizante concentrado FLOR, botella 1 litro;1,86;309
Suavizante concentrado MIMOSÍN Azul, botella 1 litro;1,76;293
Suavizante concentrado MIMOSÍN Azul, botella 1,25 litros;2,52;419
Suavizante concentrado MIMOSÍN Planchado Fácil, botella 1 litro;2,52;419
Suavizante concentrado MY SOFT, brick 500 ml;0,55;92
Suavizante concentrado MY SOFT, brik 1l;0,82;136
Suavizante concentrado VERNEL Frescor Azul, botella 500 ml;0,99;165
Suavizante concentrado VERNEL Melocotón, botella 1,5 litros;2,35;391
Suavizante concentrado VERNEL Melocotón, botella 500 ml;0,99;165
Suavizante CONSUMER, Algodón, botella 1,5l;1,72;286
Suavizante CONSUMER, Aloe Vera, botella 1,5l;1,72;286
Suavizante CONSUMER, Hipoalergénico, botella 1,5l;1,72;286
Tinte IBERIA Especial Azul Marino, 12,5g, pack 2 sobres;1,96;326
Tinte IBERIA Especial Negro, 12,5g, pack 2 sobres;1,96;326
Tinte IBERIA Lava y Tiñe, azul marino, 25g, pack 4 sobres;1,96;326
Tinte IBERIA Lava y Tiñe, negro, 25g, pack 4 sobres;1,96;326
Eliminaolor líquido FEBREZE Antibacterias, pulverizador 450 ml;3,72;619
Eliminaolor líquido FEBREZE Extra, pulverizador 500 ml;3,72;619
Bolsas perfumadas VERNEL Frescor Azul, pack 3 bolsas;2,53;421
Bolsas perfumadas VERNEL Melocotón, pack 3 bolsas;2,53;421
Quitadesteñidos IBERIA, pack 100g;2,64;439
Suavizante FLOR, para secadoras, en hojas, pack 40 unid.;3,38;562
Toallitas WOOLITE, protección color, antitransferencia, 10 unid.;3,49;581
Añil Azul BRASSO, para automáticas, pack 12 sobres;1,75;291
Añil BRASSO, azul líquido, botella 250 ml;1,75;291
Blanqueante BECKMANN, aditivo para cortinas, pack 470g;3,34;556
Blanqueante NUCLEAR Bebé, para ropa de bebé, 50g, pack 8 unid.;2,8;466
Blanqueante NUCLEAR Blanco, lavar a máquina, 25g, pack 16 unid.;3,79;631
Blanqueante NUCLEAR Blanco, sobres 20g, pack 6 unid.;1,62;270
Perborato blanqueante DALMAU, pack 800g;1,56;260
Almidón CHEVY Plancha Fácil, pulverizador 500 ml;1,9;316
Almidón TOKE, aerosol 500 ml;3,17;527
Almidón TOKE Plancha Fácil, pulverizador 500 ml;3,07;511
Activador del lavado CONSUMER WASH ME,  pack 800g;1,43;238
Activador del lavado KALIA, sin lejía, pack 800g;1,9;316
Activador del lavado KALIA, sin lejía, pastillas 22g, pack 8 uni;1,9;316
Lejía CONSUMER, para lavadora, botella 2 litros;0,53;88
Lejía de color NEUTREX, botella 1 litro;1,9;316
Lejía NEARI, para lavadora, botella 2 litros;0,46;77
Lejía NEUTREX Brisa Marina, para lavadora, botella 2 litros;1,17;195
Lejía NEUTREX Futura Azul, para lavadora, botella 2 litros;1,45;241
Lejía NEUTREX Futura, perfumada menta, botella 2 litros;1,45;241
Lejía NEUTREX Multicolada, gel, botella 1 litro;1,9;316
Lejía NEUTREX, para lavadora, perfumada frescor, 2 litros;1,17;195
Lejía NEUTREX Plus, para lavadora, botella 2 litros;1,17;195
Lejía reforzadora de detergente CONSUMER Wash Me, color, 1 litr;1,13;188
Lejía ACE, para todo uso, botella 2 litros;1,17;195
Lejía diluida  NEARI, botella 2 litros;0,4;67
Lejía diluida CONEJO, botella 2 litros;1,08;180
Lejía diluida CONEJO Floral, botella 2 litros;1,08;180
Lejía diluida CONSUMER, botella 2 litros;0,53;88
Lejía con detergente ESTRELLA Azul, 1,5 litros;1,48;246
Lejía con detergente ESTRELLA JET, pulverizador 500 ml;1,48;246
Lejía con detergente ESTRELLA Limón, botella 1,5 litros;1,48;246
Lejía con detergente NEARI, botella 2 litros;0,68;113
Vajillas CORAL, botella 1,5 litros;1,04;173
Vajillas MISTOL, botella 1,5 litros;1,1;183
Vajillas concentrado CONSUMER Ultra, antibacterias, 750 ml;1,07;178
Vajillas concentrado CONSUMER Ultra, aroma limón, botella 750 ml;1,07;178
Vajillas concentrado CONSUMER Ultra, aroma pino, botella 750 ml;1,07;178
Vajillas concentrado CONSUMER Ultra, Dermo, botella 750 ml;1,07;178
Vajillas concentrado FAIRY Ultra, aroma brisa floral, 625 ml;1,73;288
Vajillas concentrado FAIRY Ultra, botella 625 ml;1,73;288
Vajillas concentrado FAIRY Ultra, botella 750 ml;2,14;356
Vajillas concentrado MISTOL Antibacterias, botella 600 ml;1,7;283
Vajillas concentrado MISTOL, aroma mango, botella 600 ml;1,7;283
Vajillas concentrado MISTOL Limón, botella 600 ml;1,7;283
Vajillas concentrado MISTOL pH 5.5, botella 600 ml;1,7;283
Vajillas concentrado MISTOL Plus, botella 600 ml;1,7;283
Vajillas FAIRY Antibacterias, botella 625 ml;2,14;356
Detergente para lavavajillas CALGONIT, gel, botella 1 litro;5,09;847
Detergente para lavavajillas CALGONIT Power Ball, 22 pastillas;3,72;619
Detergente para lavavajillas CALGONIT Power Ball 3en1, 32 past.;6,42;1068
Detergente para lavavajillas CALGONIT Power Ball, 44 pastillas;6,42;1068
Detergente para lavavajillas CALGONIT Power Polvo, envase 1 kg;3,66;609
Detergente para lavavajillas CALGONIT Puntomatic, envase 2,5kg;6,42;1068
Detergente para lavavajillas CALGONIT Puntomatic, recambio 2kg;4,23;704
Sal para lavavajillas CALGONIT, pack 2kg;2,99;497
Sal para lavavajillas CONSUMER, ecopack 2kg;0,72;120
Sal para lavavajillas CONSUMER, ecopack 4kg;1,42;236
Sal para lavavajillas CONSUMER, en grageas, ecopack 2kg;0,83;138
Sal para lavavajillas CONSUMER, en grageas, ecopack 4kg;1,63;271
Sal para lavavajillas CONSUMER, maleta 4kg;2,3;383
Sal para lavavajillas GRADOY, en grano, pack 2kg;0,41;68
Abrillantador para lavavajillas CALGONIT Antibacterias, 500 ml;4,57;760
Abrillantador para lavavajillas CALGONIT, botella 500 ml;4,57;760
Ambientador para lavavajillas CALGONIT Citro Fresh;3,31;551
Limpiamáquinas CALGONIT, antibacterias, antical, botella 250 ml;4,67;777
Limpiador de azulejos BALDOSINÍN, perfumado, botella 500 ml;2,51;418
Limpiador juntas de azulejos BALDOSINÍN, blanco, aplicador 350g;2,15;358
Limpiador juntas de azulejos BALDOSINÍN, blanco, spray 500 ml;3,48;579
Limpiador juntas y suelos BALDOSINÍN, 500 ml;2,75;458
Pasta de relleno BALDOSINÍN, para juntas de azulejos, tubo 150 m;3,47;577
Sellador BALDOSINÍN, para juntas de azulejos, antihumedad, tubo;3,47;577
Limpiamuebles CONSUMER, con ceras vegetales y de abejas, 300 ml;1,6;266
Limpiamuebles CONSUMER, jabonoso, botella 750 ml;1,25;208
Limpiamuebles CONSUMER, protección uso diario, aerosol 300 ml;1,25;208
Limpiamuebles O`CEDAR, protección contra marcas de agua, 300 ml;2,3;383
Limpiamuebles POLITUS,superficies barnizadas, pulverizador 300ml;3,14;522
Limpiamuebles PRONTO, aerosol 300 ml;2,49;414
Limpiamuebles PRONTO Cuidado Extra, con cera de abejas, 300 ml;3,01;501
Limpiamuebles PRONTO, jabonoso, botella 750 ml;2,49;414
Reparador de muebles O?CEDAR, color normal, botella 100 ml;3,24;539
Reparador de muebles O?CEDAR, color oscuro, botella 100 ml;3,24;539
Cera líquida ALEX, incolora, autobrillante, antideslizante,750ml;2,61;434
Cera líquida ALEX, incolora, autobrillante, bolsa 200 ml;0,72;120
Cera líquida ALEX Parquet, con cera de abeja, botella 750 ml;2,99;497
Cera líquida CONSUMER Parquet,autobrillante,antideslizante,750ml;1,94;323
Cera líquida CONSUMER Terrazo,autobrillante,antideslizante,750ml;1,52;253
Cera líquida HECHICERA Parquet, antideslizante, botella 750 ml;3,39;564
Limpiador multisuperficies CENTELLA, aerosol 400 ml;2,52;419
Limpiador multisuperficies CONSUMER, antipolvo, aerosol 300 ml;1,14;190
Limpiador multisuperficies MIRFO, aerosol 300 ml;0,95;158
Limpiador multisuperficies O?CEDAR, antipolvo, aerosol 400ml;2,3;383
Limpiador multisuperficies PRONTO, antipolvo, aerosol 300 ml;2,49;414
Limpiador multiusos CONSUMER, pulverizador 750 ml;1,25;208
Limpiador multiusos CONSUMER, recambio 750 ml;0,93;155
Limpiador multiusos CONSUMER,sup. delicadas,pulverizador 750 ml;1,25;208
Limpiador multiusos CONSUMER,sup. delicadas,recambio 750 ml;0,93;155
Limpiador multiusos GLASSEX Azul, Speed Alcohol, recambio 750 ml;1,56;260
Limpiahogar multiusos GLASSEX, Speed Alcohol, pulverizador 750ml;1,88;313
Limpiacristales CONSUMER, antivaho, botella 1 litro;1;166
Limpiacristales CONSUMER, antivaho, botella 500 ml;0,73;121
Limpiacristales CONSUMER, antivaho, pulverizador 750 ml;1,35;225
Limpiacristales CONSUMER, antivaho, recambio 750 ml;0,95;158
Limpiacristales CRISTASOL, botella 1l;1,47;245
Limpiacristales GLASSEX, pulverizador 750 ml;1,88;313
Limpiacristales LUMINIA, botella 450 ml;1,11;185
Limpiacristales MIRFO, botella 1l;0,72;120
Limpiacristales TENN, botella 500 ml;1,13;188
Toallitas Cristal CONSUMER 24u;1,25;208
Toallitas Limpiad. Desinf. SPONTEX Sprint,antibacterias,30unid.;1,91;318
Toallitas limpiadoras BRIL, para microondas, pack 24 unid.;1,91;318
Toallitas limpiadoras BRIL, para vitrocerámicas, pack 24 unid.;1,91;318
Toallitas limpiadoras DON LIMPIO, aroma limón, recambio 56 unid.;2,4;399
Toallitas limpiadoras DON LIMPIO, multiuso, limón, caja 40 unid.;3,15;524
Toallitas limpiadoras GLASSEX, multiuso, pack 20 unid.;1,89;314
Toallitas Limpiagafas BREF, pack 10 unid.;1,16;193
Toallitas limpiamuebles ALEX, pack 24 unid.;1,91;318
Limpiador  tapicerías HURRA, aerosol 400 ml;3,66;609
Limpiador alfombras HURRA, aerosol 400 ml;3,66;609
Aguafuerte ZIKURY, botella 1 litro;0,47;78
Alcohol de quemar S.P.B., botella 1 litro;1,1;183
Amoníaco con detergente FERCI, botella 1 litro;0,51;85
Amoníaco FERCI, botella 1 litro;0,41;68
Amoníaco FERCI, perfumado, botella 1 litro;0,43;72
Amoníaco VOLVONE, botella 500 ml;0,89;148
Amoníaco VOLVONE, light, botella 750 ml;1,22;203
Limpiador desengrasante CIF Crema, para superficies,envase 750ml;2,19;364
Limpiador desengrasante DON GRAS 8, pulverizador 1 litro;1,52;253
Limpiador desengrasante KH-7, pulverizador 750 ml;2,21;368
Limpiador desengrasante KH-7, recambio 750 ml;1,94;323
Limpiador Vitrocerámicas FROGGY, a la Naranja, botella 500ml;1,87;311
Limpiador vitrocerámicas LUMINIA, botella 250 ml;2,19;364
Limpiador vitrocerámicas SIDOL, botella 200 ml;2,72;453
Limpiador vitrocerámicas VITRO CLEN, botella 200 ml;3,45;574
Limpiahornos MR. FORZA, limpieza en frío, aerosol 300 ml;2,74;456
Limpiahornos SIDOL, aerosol 500 ml;2,68;446
Limpiametales SIDOL ALADDIN, en algodón, lata 75g;2,47;411
Limpiametales SIDOL, envase 150 ml;2,21;368
Limpiametales TARNI-SHIELD, especial plata, envase 200 ml;2,78;463
Limpiametales TARNI-SHIELD,todo tipo metales menos plata, 200 ml;2,78;463
Limpia inodoros BREF WC Espuma Activa, aerosol 500 ml;2,68;446
Limpia inodoros CONSUMER WC, para cisternas, aroma pino, 2 past.;1,01;168
Limpia inodoros CONSUMER WC,para cisternas,acción lejía, 2 past.;1,26;210
Limpia inodoros CONSUMER WC,para cisternas,aroma marino, 2 past.;1,01;168
Limpia inodoros DOMESTOS, botella 1,25 litros;2,19;364
Limpia inodoros PATO WC Activo Azul, líquido, botella 750 ml;1,58;263
Limpia inodoros PATO WC Activo Verde, líquido, botella 750 ml;1,58;263
Limpia inodoros PATO WC, líquido, con lejía, botella 750 ml;1,58;263
Limpia inodoros PATOMATIC, para cisternas, azul, pastilla 45g;1,54;256
Limpia inodoros WC NET,con lejía, gel,aroma eucalipto, bot.750ml;1,52;253
Limpia inidoros BREF WC Duo-Activo Verde, AP+RE 1.0 u;1,88;313
Limpia inodoros BOLO WELL, colgador y block, caja 2 unid.;0,73;121
Limpia inodoros BREF WC Duo-Activo Azul AP+REC 1 u;1,88;313
Limpia inodoros BREF WC Duo-Activo Azul Recmbio 1 u;1,63;271
Limpia inodoros BREF WC Duo-Activo Verde, Recambio 1 u;1,63;271
Limpia inodoros CONSUMER WC Block Acción Lejía, colg.-block 45g;0,72;120
Limpia inodoros CONSUMER WC Block Frescor Marino, recambio 2x45g;0,83;138
Limpia inodoros CONSUMER WC Block Frescor Marino,colg.-block 45g;0,66;110
Limpia inodoros CONSUMER WC Block Verde Pino, recambio 2x45g;0,83;138
Limpia inodoros HARPIC WC, aroma marino, colgador y carga 55 ml;1,73;288
Limpia inodoros HARPIC WC, aroma pino, colgador y carga 55 ml;1,75;291
Limpia inodoros HARPIC WC,aroma flores frescas,colg y carga 55ml;1,75;291
Limpia inodoros PATO Bloc Activo, Azul Fresco, block 40g, 2unid.;1,54;256
Limpia inodoros PATO Bloc Activo, Verde Pino, block 40g, 2unid.;1,54;256
Limpia inodoros PATO Bloc Activo,Azul Fresco,colgador-block 40g;1,45;241
Limpia inodoros PATO Gel Activo, Azul Fresco, recambio 55 ml;1,61;268
Limpia inodoros PATO Gel Activo Lavanda Fresca, recambio 55ml;1,61;268
Limpia inodoros PATO Gel Activo, Verde Pino, colgador-carga 55ml;1,86;309
Limpia inodoros PATO Gel Activo, Verde Pino, recambio 55 ml;1,61;268
Limpia inodoros PATO Gel Activo,Azul Fresco,colgador-carga, 55ml;1,86;309
Desatascador CONSUMER, líquido, botella 1 litro;1,67;278
Desatascador FORZA, botella 1 litro;3,65;607
Desatascador SIDOL, 375g;2,61;434
Limpiatuberías W.C. NET, botella 1 litro;5,84;972
Líquido limpiador calzado KIWI, color azul, aplicador 50 ml;1,13;188
Líquido limpiador calzado KIWI, color blanco, aplicador 50 ml;1,13;188
Líquido limpiador calzado KIWI, color burdeos, aplicador 50 ml;1,13;188
Líquido limpiador calzado KIWI, color marrón, aplicador 50 ml;1,13;188
Líquido limpiador calzado KIWI, color negro, aplicador 50 ml;1,13;188
Líquido limpiador calzado KIWI, incoloro, aplicador 50 ml;1,13;188
Crema para calzado B?FALO, color marrón, tubo 75 ml;1,01;168
Crema para calzado B?FALO, color negro, tubo 75 ml;1,01;168
Crema para calzado B?FALO, incolora, tubo 75 ml;1,01;168
Crema para calzado KIWI, color azul marino, 50 ml;1,88;313
Crema para calzado KIWI, color beige, tarro 50 ml;1,88;313
Crema para calzado KIWI, color blanco, tubo 50 ml;0,99;165
Crema para calzado KIWI, color burdeos,  tarro 50 ml;1,88;313
Crema para calzado KIWI, color coñac, tarro 50 ml;1,88;313
Crema para calzado KIWI, color marrón claro, tarro 50 ml;1,88;313
Crema para calzado KIWI, color marrón medio, tarro 50 ml;1,88;313
Crema para calzado KIWI, color marrón oscuro, tarro 50 ml;1,88;313
Crema para calzado KIWI, color negro, tarro 50 ml;1,88;313
Crema para calzado KIWI, color rojo, tarro 50 ml;1,88;313
Crema para calzado KIWI, incoloro, tarro 50 ml;1,88;313
Crema para calzado NUGGET, color marrón, lata 50 ml;1,27;211
Crema para calzado NUGGET, color negro, lata 50 ml;1,27;211
Conservador de pieles B?FALO Balsam, incoloro, aerosol 250 ml;3,16;526
Conservador de pieles KIWI, para todos los colores, tarro 50 ml;2,42;403
Líquido limpiador calzado KIWI, ante y nobuck, aplicador 75 ml;1,14;190
Reparador de calzado LUMINIA, para pieles blancas, frasco 100 ml;1,37;228
Reparador para ante KIWI, color marrón, aerosol 250 ml;3,54;589
Reparador para ante KIWI, color negro, aerosol 250 ml;3,54;589
Reparador para ante KIWI, incoloro, aerosol 250 ml;3,54;589
Grasa para calzado B?FALO PROTEXOL, de caballo, incolora, lata 7;1,69;281
Grasa para calzado KIWI Sport, incolora, lata 136g;2,83;471
Líquido limpiador calzado KIWI SPORT, piel/lona, aplicador 75 ml;1,13;188
Cepillo para ante VIGAR Doble uso, limpia y levanta el pelo;2,64;439
Cepillo para calzado LEOPARDO;0,99;165
Cepillo para calzado LEOPARDO, con asa;1,56;260
Cepillo para calzado LEOPARDO, especial para betún negro;0,6;100
Cepillo para calzado VIGAR SIEMES, con asa, cerdas naturales;1,26;210
Esponja para calzado KIWI, para piel, abrillantadora;1,11;185
Esponja para calzado YAK, color marrón, con nutrientes para piel;1,3;216
Esponja para calzado YAK, color negro, con nutrientes para piel;1,3;216
Esponja para calzado YAK, incolora, abrillantadora;1,3;216
Insecticida concentrado CONSUMER BZZZ, moscas y mosquitos, 400ml;1,79;298
"Insecticida concentrado CONSUMER BZZZ, sin olor, aerosol 400 ml	";1,79;298
Insecticida CONSUMER, moscas y mosquitos, aerosol 750 ml;1,64;273
Insecticida concentrado CONSUMER BZZZ, hogar y plantas, 400 ml;1,79;298
Insecticida CONSUMER,hogar y plantas,aroma lavanda,aerosol 750ml;1,64;273
Insecticida CONSUMER,hogar-plantas,aroma rosa,pulverizador 750ml;1,79;298
Insect.conc. CONSUMER BZZZ,cucaracha+hormiga 400ml;2,17;361
Insecticida CONSUMER, anticucarachas, aerosol 400 ml;1,43;238
Insecticida CONSUMER, anticucarachas, efecto permanente, 400 ml;2,7;449
Insecticida CONSUMER,anticucarachas, espuma, 400ml;2,96;493
Insecticida eléctrico CONSUMER, antimoscas,líquido,recarga 23ml;2,08;346
Insecticida eléctrico CONSUMER,antimosquito,liquido,dif. y carg;4,76;792
Antipolillas CONSUMER, en bolas, bolsa 200g;0,63;105
"Antipolillas CONSUMER, en colgador, aroma lavanda, pack 2 unid.	";0,63;105
Antipolillas CONSUMER, en pinza, aroma lavanda, pack 2 unid.;1,22;203
Antihumedad HUMYDRY, ambientador, varios aromas, recarga 450g;2,57;428
Antihumedad HUMYDRY,ambientador,varios aromas,difusor&carga,450g;4,19;697
Ambientador BRISE Naturalia, aroma frutos en flor,aerosol 300 ml;2,1;349
Ambientador BRISE Naturalia, frescor de primavera, aerosol 300ml;2,1;349
Ambientador CONSUMER, aroma ambrée, aerosol 300 ml;1,05;175
Ambientador CONSUMER, aroma bosque, aerosol 300 ml;1,05;175
Ambientador CONSUMER, aroma herbal, aerosol 300 ml;1,05;175
Ambientador CONSUMER, aroma lavanda, aerosol 300 ml;1,05;175
Ambientador CONSUMER, aroma neutro, aerosol 300 ml;1,05;175
Ambientador CONSUMER, aroma oriental, aerosol 300 ml;1,05;175
Ambientador CONSUMER, aroma rosas, aerosol 300 ml;1,05;175
Ambientador CONSUMER, aroma tropical, aerosol 300 ml;1,05;175
Ambientador ROYAL AMBRÉE de LEGRAIN, ambiental, aerosol 200 ml;3,82;636
Ambientador WIZARD, aroma limón, aerosol 300 ml;2;333
Ambientador automóvil AMBI-PUR CAR, antitabaco, recarga 8 ml;2,77;461
Ambientador automóvil AMBI-PUR CAR, antitabaco,dif. y carga 8 ml;3,82;636
Ambientador automóvil AMBI-PUR CAR, aroma aqua, recarga 8 ml;2,77;461
Ambientador automóvil AMBI-PUR CAR, aroma aqua,dif. y carga,8 ml;3,82;636
Absorbeolores BRISE, aroma lavanda, 2 unid. x 150g;2,45;408
Absorbeolores BRISE, aroma pino, 2 unid. x 150g;2,45;408
Absorbeolores CONSUMER, varios aromas clásicos, 150g, 2 unid.;1,69;281
Absorbeolores CONSUMER, varios aromas modernos, 150g, 2 unid.;1,69;281
Ambientador BONODOR SHALDAN, aroma bosque, lata 80g;3,18;529
Ambientador BONODOR SHALDAN, aroma limón, lata 80g;3,18;529
Esencia en disco WIZARD AIR WICK Stick Up, aroma limón, 2 unid.;2,22;369
Esencia en disco WIZARD AIR WICK Stick Up,aroma lavanda, 2 unid.;2,22;369
Fragancia continua WIZARD AIR WICK, antitabaco, con mecha, 375ml;2,72;453
Insecticida eléctrico KILL-PAFF, recambio 2 unid.;4,65;774
Vela perfumada CONSUMER, varios aromas, duración 30 horas;2,07;344
Ambientador elec. AIRWICK, Fresh Aqua, rec.21 ml;2,81;468
Ambientador eléc. AMBI-PUR, floral,difusor y carga;6,08;1012
Ambientador elec.AMBI-PUR,verde-fresco,difu.+carga;6,08;1012
Ambientador eléctrico AMBI-PUR, antitabaco, recarga 45 ml;3,02;502
Ambientador eléctrico AMBI-PUR, antitabaco,difusor y carga 45 ml;6,08;1012
Ambientador eléctrico AMBI-PUR, aroma mandarina, recarga 25 ml;3,02;502
Ambientador eléctrico AMBI-PUR, aroma poésie, recarga 25 ml;3,02;502
Ambientador eléctrico AMBI-PUR, aroma verde-fresco, recarga 25ml;3,02;502
Ambientador eléctrico AMBI-PUR, floral-fresco, recarga 25 ml;3,02;502
Ambientador eléctrico AMBI-PUR, mandarina, difusor y carga 25 ml;6,08;1012
Ambientador eléctrico AMBI-PUR Natural, bouquet, recarga 25 ml;3,02;502
Ambientador eléctrico BRISE, aroma frutos en flor, recarga 25 ml;2,99;497
Ambientador eléctrico BRISE, aroma jazmín, recarga 25 ml;2,99;497
Ambientador eléctrico CONSUMER,  antitabaco, recarga 25 ml;2,48;413
Ambientador eléctrico CONSUMER, aroma balsámico, recarga 25 ml;2,75;458
Ambientador eléctrico CONSUMER, aroma floral, recarga 25 ml;2,48;413
Ambientador eléctrico CONSUMER, aroma floral,difusor+carga 25 m;5,46;908
Ambientador eléctrico CONSUMER, aroma frutal, recarga 25 ml;2,48;413
Ambientador eléctrico CONSUMER, aroma frutal,difusor+carga 25 m;5,46;908
Ambientador eléctrico CONSUMER, aroma herbal, recarga 25 ml;2,48;413
Ambientador eléctrico CONSUMER, aroma herbal,difusor+carga 25 m;5,19;864
Ambientador eléctrico CONSUMER, aroma lavanda, recarga 25 ml;2,48;413
Ambientador eléctrico CONSUMER, aroma marino, recarga 25 ml;2,48;413
Ambientador eléctrico CONSUMER, aroma marino,difusor+carga 25 m;5,46;908
Ambientador eléctrico CONSUMER, aroma relajante, recarga 25 ml;2,75;458
Ambientador eléctrico CONSUMER, aroma sensual, recarga 25 ml;2,75;458
Ambientador eléctrico CONSUMER, balsámico, difusor y carga 25;5,51;917
Ambientador eléctrico CONSUMER, relajante, difusor y carga 25 m;5,51;917
Ambientador eléctrico CONSUMER, revitalizante, difusor y carga;5,51;917
Ambientador eléctrico CONSUMER,aroma lavanda,difusor+carga 25 m;5,46;908
Ambientador eléctrico CONSUMER,aroma revitalizante,recarga 25 ml;2,75;458
Ambientador eléctrico CONSUMER,aroma sensual,difusor+carga 25 m;5,51;917
Canutillos Flexibles CONSUMER, pack 50 unid.;0,57;95
Cucharas de Plástico NUPIK, blancas, 10 unid.;0,6;100
Cucharas de Plástico NUPIK, blancas, 25 unid.;1,04;173
Cuchillos de Plástico NUPIK, blancos, 10 unid.;0,6;100
Platos de Plástico CONSUMER, blancos, 22 cm, 25 unid.;1,98;329
Tenedores de Plástico NUPIK, blancos, 10 unid.;0,6;100
Vasos de Plástico CONSUMER, blancos, 250 ml, 25 unid.;0,69;115
Fósforos CONSUMER, largos, pack 3 unid.;0,95;158
Fósforos CONSUMER, pequeños, pack 10 unid.;0,6;100
Fósforos SWEDISH, largos, pack 3 unid.;2,84;473
Palillos CONSUMER, en  palillero, 160 unid;0,64;106
Palillos Envueltos CONSUMER, tarrina 100 unid.;1,08;180
Palillos Planos CONSUMER, caja 650 unid.;0,78;130
Palillos Redondos CONSUMER, caja 160 unid.;0,6;100
Bolsa para bocadillo ZIDAR, 22x30 cm, 40 unid.;1,17;195
Bolsa para congelacion ZIDAR, grande 30x45 cm, 25 unid.;1,53;255
Bolsa para congelacion ZIDAR, mediana 22x35 cm, 30 unid.;1,17;195
Bolsa para congelación ZIDAR, 30 unid. (10 S, 10 M y 10 L);1,65;275
Bolsa para cubitos de hielo ZIDAR, caja 10 unid., 280 cubitos;1,05;175
Bolsa para 20 Cubitos de Hielo ALBAL, 1 unidad;1,65;275
Bolsa Termo CONSUMER, para congelación, 1 unid.;2,55;424
Bolsa Termo CONSUMER, para congelados, capacidad 13litros;1,41;235
Filtro para café CONSUMER, 1x2, caja 40 unid.;0,69;115
Filtro para café CONSUMER, 1x4, caja 40 unid.;0,71;118
Pinzas de Madera CONSUMER, pack 36 unid.;1,17;195
Pinzas de madera MONDEX, 36 unid.;1,17;195
Protector para lluvia de Tendederos RAYEN, 135x260 cm;1,42;236
Agua destilada CONSUMER, 1 litro;0,47;78
Agua Destilada CONSUMER, 5 litros;1,69;281
Bombilla CONSUMER, standard clara 100W, 1 unid.;0,35;58
Bombilla CONSUMER, standard clara 40W, 1 unid.;0,35;58
Bombilla CONSUMER, standard clara 60W, 1 unid.;0,35;58
Pila Alcalina DURACELL Plus, LR03/1,5v, 4 unid.;4,5;749
Pila Alcalina DURACELL Plus, LR06/1,5v, 4 unid.;4,5;749
Pila Alcalina DURACELL Plus, LR20/1,5v, gran potencia, 2 unid.;3,9;649
Pila Alcalina DURACELL Plus, 9v, gran potencia, 1 unidad;3,9;649
Pila CEGASA Super Alkaline, LR03/1,5V, 4 unid.;2,99;497
Pila CEGASA Super Alkaline, LR06/1,5V, 4 unid.;2,99;497
Pila roja CEGASA Internacional, R20/1,5v, power plus, 2 unid.;0,99;165
Pila roja CONSUMER, R14/1,5v, gran potencia, 2 unid.;0,75;125
Pila roja CONSUMER, R20/1,5v, gran potencia, 2 unid.;0,75;125
Humus de Lombriz TURBAGREEN, 1 litro;1,05;175
Substrato vegetal CONSUMER, saco 5 litros;0,78;130
Carbón Vegetal CONSUMER, saco 3kg;2,45;408
Líquido enciende fuego CONSUMER, botella 1 litro;2,5;416
Pastillas para encender fuego CONSUMER, caja 32 unid.;0,75;125
Delicias de Buey CONSUMER Friends, para perros, tarrina 300g;0,72;120
Delicias de Caza CONSUMER Friends, para perros, tarrina 300g;0,72;120
Delicias de Pollo CONSUMER Friends, para perros, tarrina 300g;0,72;120
Paté de Buey CONSUMER Friends, para perros, lata 400g;0,62;103
Paté de Pollo CONSUMER Friends, para perros, lata 400g;0,62;103
Albóndigas MISTER CAN, lata 820 g;0,75;125
Alim. Comp. perro MISTER CAN,Trozos Buey en salsa,lata 820g;0,74;123
Alim. para perros CONSUMER Friends, con buey, lata 800g;1,05;175
Paté de Buey PEDIGREE PAL,para perro,con carne de vaca,lata 820g;1,64;273
Paté de Pollo CONSUMER Friends, para perros, lata 800g;1,05;175
Surtido Galleta CONSUMER Friends, para perros, Calcio/Vit, 500g;1,83;304
Tiras de bacón CONSUMER Friends, para perros, pack 44g;0,81;135
Alim. Completo MISTER CAN,para perros,cereales y carnes,saco 4kg;2,63;438
Alta Energía CONSUMER Friends,para perro,sin colorantes,saco 4kg;5,02;835
Complet CONSUMER Friends, para perro, carne/verdura, saco 4kg;4,17;694
Complet CONSUMER Friends,para perro,carne y verduras,saco 1,5kg;1,75;291
Complet DOG CHOW PURINA, para perros, con Omega 6, saco 4 kg;5,93;987
Menú completo PEDIGREE PAL, con buey/carne de vaca/verduras, 3kg;5,15;857
Menú CONSUMER Friends, para perros, con buey, saco 4kg;3,14;522
Menú DOG CHOW PURINA, con buey/pollo/verduras/cereales, saco 4kg;5,15;857
Mix CONSUMER Friends, zanahoria/buey/verduras,saco 4 Kg;4,75;790
Puppy CHOW PURINA, cachorros, con calcio y vitaminas, saco 4 kg;8,25;1373
Puppy CONSUMER Friends, cachorro,Calcio/Vitam.,2-12 meses, 1,5kg;1,95;324
Puppy CONSUMER Friends,cachorro,Cereal/Pesc./Pollo,2-12meses,4kg;4,17;694
Alim. perros MISTER CAN, cereales/carnes/verduras, saco 10kg;5,3;882
Alimento perros DOG MENU PURINA, saco 10kg;11,33;1885
Complet CONSUMER Friends,para perros, carnes/verduras, saco 10kg;9,62;1601
Menú CONSUMER Friends,para perro,buey/verduras/arroz/,saco 10kg;9,62;1601
Alim. para gatos WHISKAS, con atún y trucha, tarrina 100g;0,51;85
Alim. para gatos WHISKAS, Paté con pollo y pavo, tarrina 100g;0,51;85
Alim. para gatos WHISKAS,con ternera,buey y zanahoria, 100g;0,51;85
Alimento para gatitos WHISKAS, completo, 1-6meses, 190g x 3unid.;1,85;308
Delicias de buey CONSUMER Miaow, para gato, tarrina 100g;0,48;80
Delicias de Conejo CONSUMER Miaow, para gatos, tarrina 100g;0,48;80
Delicias de pollo CONSUMER Miaow, para gato, tarrina 100g;0,48;80
Delicias de Trucha CONSUMER Miaow, para gato, tarrina 100g;0,48;80
Paté con buey CONSUMER Miaow, para gatos, lata 195g;0,61;101
Alim. para gatos KITEKAT, con levadura, buey e hígado, lata 410g;0,6;100
Alim. para gatos KITEKAT, con levadura y atún, lata 410g;0,6;100
Alim. para gatos NISH CAT, con trozos de buey, lata 410g;0,37;62
Alim. para gatos NISH CAT, con trozos de pescado, lata 410g;0,37;62
Alim. para gatos NISH CAT, con trozos de pollo, lata 410g;0,37;62
Alim. para gatos WHISKAS, con atún, lata 400g;0,88;146
Alim. para gatos WHISKAS, con buey y carne de vaca, lata 400g;0,88;146
Alim. para gatos WHISKAS, con cordero y verduras, 400g;0,88;146
Alim. para gatos WHISKAS, con pollo y pavo, caja 400g;0,88;146
Alimento WHISKAS, con pescado, lata 400g;0,88;146
Alim. Completo NISH CAT,para gato,pescado/carne/cereal,caja 400g;0,49;82
Alim. para gatos WHISKAS SuprÛme,buey/cordero/conejo,caja 400g;1,21;201
Alimento para gatos WHISKAS SuprÛme, con pavo/pato, caja 400g;1,21;201
Alimento para gatos WHISKAS SuprÛme, con trucha/gamba, caja 400g;1,21;201
Complet CAT CHOW PURINA, para gatos, carne y pescado, caja 400g;0,79;131
Mix CONSUMER Miaow, para gatos, Buey/Ternera/Verduras, caja 400g;0,57;95
Mix CONSUMER Miaow, para gatos, Pollo/Hígado/Verduras, caja 400g;0,57;95
Mix CONSUMER Miaow, para gatos, Salmón/Atún/Verdura, caja 400g;0,57;95
Alim. para gatos CAT CHOW PURINA, con carne y pescado, 1,5kg;2,84;473
Alim. para gatos CONSUMER Miaow, con Atún/Verdura/Salmón, 1,5kg;1,82;303
Alim. para gatos CONSUMER Miaow, con hígado/verdura/pollo, 1,5kg;1,82;303
Alim. para gatos CONSUMER Miaow,con ternera/verdura/buey, 1,5kg;1,82;303
Alimento para gatos CONSUMER Miaow, con carne y pescado, 1,5kg;1,82;303
Alimento para gatos NISH CAT, con cereales/pescado/carne, 1,5kg;1,49;248
Arena Absorbente para gatos CONSUMER, perfumada, saco 5kg;1,86;309
Arena Absorbente para gatos GOBICAT, pack 5kg;1,17;195
Alim. para canarios NIDO, barritas con miel, pack 45g;1,18;196
Alim. para canarios NIDO, barritas de fruta, pack 40g;1,18;196
Alim. para canarios NIDO, con Proteina Verde, caja 400g;0,82;136
Alim. para periquitos NIDO, barritas con miel, pack 45g;1,18;196
Alim. para periquitos NIDO, barritas de fruta, pack 45g;1,18;196
Alim. para periquitos NIDO, con proteina Verde, caja 400g;0,82;136
Peces Agua Fría NIDO,Cereal/Veget/Protein, 15 g;0,99;165
Alimento para hamsters NIDO, 350 g;0,82;136
Arroz Partido CONSUMER, para perros, bolsa 2kg;1,04;173
